coin,slug,start,abs,t,side,price,fee,won,pnl,all_present,sizes_moved,depth_moved,next_change_s,moved_toward,ask_size,live,cluster
btc,btc-updown-5m-1774469100,1774469100,1774469208,108,Down,0.44,0.017248000000000003,True,0.542752,True,False,False,31.0,True,97.0,False,1
btc,btc-updown-5m-1774486800,1774486800,1774486912,112,Up,0.66,0.015708,True,0.32429199999999997,True,False,False,63.0,True,12.0,False,1
btc,btc-updown-5m-1774532100,1774532100,1774532183,83,Up,0.66,0.015708,True,0.32429199999999997,True,False,False,60.0,True,118.0,False,1
btc,btc-updown-5m-1774539000,1774539000,1774539222,222,Down,0.61,0.016653,True,0.373347,True,False,False,49.0,True,198.2,False,1
btc,btc-updown-5m-1774549200,1774549200,1774549268,68,Up,0.55,0.017325,False,-0.5673250000000001,True,False,False,60.0,True,993.04,False,1
btc,btc-updown-5m-1774579200,1774579200,1774579337,137,Down,0.55,0.017325,True,0.432675,True,False,False,131.0,False,349.01,False,1
btc,btc-updown-5m-1774618500,1774618500,1774618589,89,Down,0.61,0.016653,False,-0.626653,True,False,False,180.0,False,113.19,False,1
btc,btc-updown-5m-1774807200,1774807200,1774807305,105,Down,0.28,0.014112000000000001,True,0.705888,True,False,False,97.0,True,72.51,False,1
btc,btc-updown-5m-1774811700,1774811700,1774811822,122,Up,0.35,0.015925,True,0.634075,True,False,False,77.0,True,102.69,False,1
btc,btc-updown-5m-1774838700,1774838700,1774838862,162,Up,0.95,0.0033250000000000033,True,0.04667500000000004,True,True,True,1.0,True,92.0,True,1
btc,btc-updown-5m-1774905300,1774905300,1774905512,212,Down,0.06,0.003948,False,-0.063948,True,True,True,1.0,True,15.0,True,1
btc,btc-updown-5m-1774931100,1774931100,1774931324,224,Up,0.07,0.004557,False,-0.07455700000000001,True,False,False,48.0,False,1209.83,False,1
btc,btc-updown-5m-1775236800,1775236800,1775237005,205,Up,0.94,0.003948000000000004,True,0.056052000000000046,True,True,True,5.0,True,7367.56,True,1
btc,btc-updown-5m-1775289900,1775289900,1775289969,69,Up,0.65,0.015925,False,-0.665925,True,True,True,7.0,True,2351.93,True,1
btc,btc-updown-5m-1775364900,1775364900,1775365038,138,Up,0.95,0.0033250000000000033,True,0.04667500000000004,True,True,True,10.0,False,1068.71,True,1
btc,btc-updown-5m-1775366400,1775366400,1775366487,87,Down,0.94,0.003948000000000004,True,0.056052000000000046,True,True,True,1.0,True,455.35,True,1
btc,btc-updown-5m-1775368800,1775368800,1775369023,223,Up,0.16,0.009408000000000001,True,0.830592,True,True,True,1.0,True,178.16,True,1
btc,btc-updown-5m-1775380800,1775380800,1775381007,207,Up,0.94,0.003948000000000004,True,0.056052000000000046,True,True,True,1.0,True,527.89,True,1
doge,doge-updown-5m-1775421300,1775421300,1775421481,181,Down,0.06,0.003948,False,-0.063948,True,True,True,4.0,False,96.0,True,1
doge,doge-updown-5m-1775427000,1775427000,1775427060,60,Down,0.89,0.006853,True,0.10314699999999999,True,True,True,3.0,True,79.96,True,1
doge,doge-updown-5m-1775455500,1775455500,1775455612,112,Down,0.06,0.003948,False,-0.063948,True,True,True,18.0,True,37.0,True,1
doge,doge-updown-5m-1775455800,1775455800,1775455893,93,Down,0.17,0.009877000000000002,False,-0.179877,True,True,True,1.0,True,4.05,True,1
doge,doge-updown-5m-1775485200,1775485200,1775485366,166,Up,0.95,0.0033250000000000033,True,0.04667500000000004,True,True,True,1.0,True,1.85,True,1
doge,doge-updown-5m-1775511300,1775511300,1775511479,179,Up,0.05,0.0033250000000000003,False,-0.053325000000000004,True,False,True,6.0,False,33.16,True,1
doge,doge-updown-5m-1775520300,1775520300,1775520394,94,Down,0.06,0.003948,False,-0.063948,True,True,True,2.0,True,28.0,True,1
doge,doge-updown-5m-1775527500,1775527500,1775527711,211,Up,0.05,0.0033250000000000003,True,0.9466749999999999,True,True,True,2.0,True,6.06,True,1
doge,doge-updown-5m-1775536200,1775536200,1775536343,143,Down,0.06,0.003948,False,-0.063948,True,True,True,11.0,False,24.0,True,1
doge,doge-updown-5m-1775547000,1775547000,1775547139,139,Up,0.9,0.0063,True,0.09369999999999998,True,True,True,1.0,True,5.0,True,1
doge,doge-updown-5m-1775556600,1775556600,1775556680,80,Down,0.79,0.011613,True,0.19838699999999995,True,True,True,1.0,True,3.92,True,1
doge,doge-updown-5m-1775574900,1775574900,1775574977,77,Down,0.07,0.004557,False,-0.07455700000000001,True,True,True,1.0,True,5.0,True,1
sol,sol-updown-5m-1775589300,1775589300,1775589419,119,Up,0.95,0.0033250000000000033,True,0.04667500000000004,True,True,True,1.0,True,50.19,True,1
doge,doge-updown-5m-1775591100,1775591100,1775591162,62,Up,0.89,0.006853,True,0.10314699999999999,True,True,True,1.0,True,21.18,True,1
xrp,xrp-updown-5m-1775597700,1775597700,1775597816,116,Up,0.95,0.0033250000000000033,True,0.04667500000000004,True,True,True,1.0,True,8.03,True,1
doge,doge-updown-5m-1775604000,1775604000,1775604090,90,Up,0.95,0.0033250000000000033,True,0.04667500000000004,True,True,True,1.0,True,0.56,True,1
btc,btc-updown-5m-1775615100,1775615100,1775615303,203,Up,0.06,0.003948,False,-0.063948,True,True,True,1.0,True,31.69,True,1
sol,sol-updown-5m-1775617500,1775617500,1775617690,190,Down,0.35,0.015925,False,-0.365925,True,True,True,11.0,False,1407.65,True,1
doge,doge-updown-5m-1775621100,1775621100,1775621180,80,Up,0.94,0.003948000000000004,True,0.056052000000000046,True,True,True,43.0,True,9.34,True,1
sol,sol-updown-5m-1775621400,1775621400,1775621580,180,Down,0.64,0.016128000000000003,True,0.34387199999999996,True,True,True,1.0,True,27.6,True,1
btc,btc-updown-5m-1775628000,1775628000,1775628107,107,Down,0.73,0.013797000000000002,True,0.256203,True,True,True,1.0,True,1558.57,True,1
doge,doge-updown-5m-1775628900,1775628900,1775628996,96,Down,0.87,0.007917,True,0.122083,True,True,True,3.0,True,23.0,True,1
xrp,xrp-updown-5m-1775632200,1775632200,1775632281,81,Down,0.72,0.014112000000000001,False,-0.734112,True,False,True,1.0,True,5.92,True,1
doge,doge-updown-5m-1775638200,1775638200,1775638316,116,Down,0.06,0.003948,False,-0.063948,True,True,True,16.0,True,25.0,True,1
sol,sol-updown-5m-1775650800,1775650800,1775650970,170,Up,0.06,0.003948,False,-0.063948,True,True,True,1.0,True,21.05,True,1
doge,doge-updown-5m-1775658600,1775658600,1775658666,66,Up,0.13,0.007917,False,-0.137917,True,True,True,4.0,True,36.0,True,1
doge,doge-updown-5m-1775668200,1775668200,1775668366,166,Down,0.13,0.007917,False,-0.137917,True,True,True,1.0,True,8.02,True,1
btc,btc-updown-5m-1775682600,1775682600,1775682705,105,Up,0.9,0.0063,True,0.09369999999999998,True,True,True,1.0,True,152.23,True,2
doge,doge-updown-5m-1775682600,1775682600,1775682707,107,Up,0.94,0.003948000000000004,True,0.056052000000000046,True,True,True,16.0,True,7.59,True,2
xrp,xrp-updown-5m-1775682900,1775682900,1775682964,64,Up,0.58,0.017052000000000005,True,0.40294800000000003,True,False,False,97.0,True,5.0,False,2
doge,doge-updown-5m-1775682900,1775682900,1775682966,66,Up,0.61,0.016653,True,0.373347,True,False,False,93.0,False,42.0,False,2
sol,sol-updown-5m-1775682900,1775682900,1775683047,147,Up,0.51,0.017493,True,0.472507,True,False,False,14.0,True,6.0,False,1
doge,doge-updown-5m-1775683500,1775683500,1775683654,154,Up,0.93,0.004556999999999997,True,0.06544299999999996,True,True,True,1.0,False,10.0,True,1
doge,doge-updown-5m-1775684100,1775684100,1775684160,60,Up,0.67,0.015477,True,0.31452299999999994,True,False,False,103.0,True,10.0,False,1
sol,sol-updown-5m-1775684100,1775684100,1775684181,81,Down,0.26,0.013468,False,-0.273468,True,False,False,66.0,False,32.84,False,4
xrp,xrp-updown-5m-1775684100,1775684100,1775684181,81,Down,0.51,0.017493,True,0.472507,True,False,False,83.0,False,19.05,False,4
eth,eth-updown-5m-1775684100,1775684100,1775684182,82,Down,0.35,0.015925,False,-0.365925,True,False,False,82.0,False,26.67,False,4
btc,btc-updown-5m-1775684100,1775684100,1775684182,82,Down,0.5,0.0175,False,-0.5175,True,False,False,65.0,False,332.96,False,4
doge,doge-updown-5m-1775685600,1775685600,1775685735,135,Down,0.93,0.004556999999999997,True,0.06544299999999996,True,True,True,17.0,True,17.99,True,1
sol,sol-updown-5m-1775686500,1775686500,1775686722,222,Down,0.92,0.005151999999999999,True,0.07484799999999996,True,False,False,,,5.0,False,3
doge,doge-updown-5m-1775686500,1775686500,1775686725,225,Down,0.82,0.010332000000000003,True,0.16966800000000004,True,False,False,,,17.6,False,5
eth,eth-updown-5m-1775686500,1775686500,1775686725,225,Down,0.89,0.006853,True,0.10314699999999999,True,False,False,,,192.54,False,5
btc,btc-updown-5m-1775686500,1775686500,1775686728,228,Down,0.92,0.005151999999999999,True,0.07484799999999996,True,False,False,,,40.88,False,4
xrp,xrp-updown-5m-1775686500,1775686500,1775686728,228,Down,0.67,0.015477,True,0.31452299999999994,True,False,False,,,11.21,False,4
xrp,xrp-updown-5m-1775686800,1775686800,1775686870,70,Up,0.5,0.0175,False,-0.5175,True,True,True,3.0,False,14.17,True,2
eth,eth-updown-5m-1775686800,1775686800,1775686872,72,Down,0.48,0.017472,True,0.502528,True,True,True,1.0,True,55.96,True,2
doge,doge-updown-5m-1775687400,1775687400,1775687496,96,Up,0.25,0.013125000000000001,True,0.736875,True,True,True,5.0,True,52.4,True,1
doge,doge-updown-5m-1775689200,1775689200,1775689260,60,Down,0.79,0.011613,True,0.19838699999999995,True,True,True,1.0,True,6.31,True,1
doge,doge-updown-5m-1775696700,1775696700,1775696805,105,Up,0.1,0.006300000000000001,False,-0.1063,True,True,True,1.0,True,79.0,True,1
doge,doge-updown-5m-1775702400,1775702400,1775702618,218,Up,0.3,0.0147,True,0.6852999999999999,True,True,True,1.0,True,24.54,True,1
doge,doge-updown-5m-1775704500,1775704500,1775704662,162,Down,0.26,0.013468,False,-0.273468,True,True,True,1.0,True,39.71,True,1
doge,doge-updown-5m-1775709600,1775709600,1775709669,69,Down,0.43,0.017157000000000002,True,0.5528430000000001,True,True,True,1.0,True,3.99,True,1
doge,doge-updown-5m-1775710800,1775710800,1775710924,124,Down,0.86,0.008428000000000001,True,0.13157200000000002,True,True,True,1.0,True,20.43,True,1
doge,doge-updown-5m-1775712000,1775712000,1775712214,214,Up,0.06,0.003948,False,-0.063948,True,True,True,30.0,False,5.26,True,1
doge,doge-updown-5m-1775725200,1775725200,1775725327,127,Up,0.07,0.004557,False,-0.07455700000000001,True,True,True,23.0,False,77.0,True,1
doge,doge-updown-5m-1775728500,1775728500,1775728560,60,Down,0.12,0.007392000000000001,False,-0.127392,True,True,True,3.0,False,44.0,True,1
sol,sol-updown-5m-1775732400,1775732400,1775732527,127,Up,0.35,0.015925,False,-0.365925,True,True,True,1.0,True,251.2,True,1
doge,doge-updown-5m-1775733000,1775733000,1775733077,77,Up,0.15,0.008925,False,-0.15892499999999998,True,False,True,13.0,False,56.0,True,1
xrp,xrp-updown-5m-1775733000,1775733000,1775733122,122,Up,0.11,0.0068530000000000015,False,-0.116853,True,True,True,1.0,True,32.0,True,1
doge,doge-updown-5m-1775733300,1775733300,1775733516,216,Up,0.05,0.0033250000000000003,False,-0.053325000000000004,True,False,True,18.0,False,8.43,True,1
doge,doge-updown-5m-1775737200,1775737200,1775737321,121,Up,0.08,0.005152000000000001,False,-0.085152,True,True,True,1.0,True,9.0,True,1
doge,doge-updown-5m-1775749200,1775749200,1775749385,185,Up,0.93,0.004556999999999997,True,0.06544299999999996,True,True,True,1.0,True,7.33,True,1
doge,doge-updown-5m-1775766300,1775766300,1775766413,113,Up,0.94,0.003948000000000004,True,0.056052000000000046,True,True,True,10.0,True,2.87,True,1
sol,sol-updown-5m-1775772900,1775772900,1775772997,97,Up,0.92,0.005151999999999999,True,0.07484799999999996,True,True,True,1.0,True,7.5,True,1
doge,doge-updown-5m-1775775000,1775775000,1775775140,140,Down,0.94,0.003948000000000004,True,0.056052000000000046,True,True,True,1.0,True,3.74,True,1
doge,doge-updown-5m-1775775600,1775775600,1775775692,92,Up,0.18,0.010332000000000001,False,-0.190332,True,True,True,1.0,True,8.55,True,1
doge,doge-updown-5m-1775777400,1775777400,1775777482,82,Up,0.12,0.007392000000000001,False,-0.127392,True,True,True,4.0,True,15.0,True,1
sol,sol-updown-5m-1775796600,1775796600,1775796687,87,Up,0.51,0.017493,True,0.472507,True,True,True,1.0,True,3.48,True,1
doge,doge-updown-5m-1775802900,1775802900,1775803071,171,Up,0.05,0.0033250000000000003,False,-0.053325000000000004,True,True,True,10.0,False,26.06,True,1
doge,doge-updown-5m-1775804400,1775804400,1775804632,232,Up,0.93,0.004556999999999997,True,0.06544299999999996,True,True,True,2.0,True,61.73,True,1
doge,doge-updown-5m-1775805000,1775805000,1775805089,89,Up,0.17,0.009877000000000002,False,-0.179877,True,True,True,1.0,False,113.39,True,1
eth,eth-updown-5m-1775805300,1775805300,1775805514,214,Down,0.06,0.003948,False,-0.063948,True,True,True,1.0,True,116.45,True,1
doge,doge-updown-5m-1775810100,1775810100,1775810160,60,Up,0.89,0.006853,True,0.10314699999999999,True,True,True,3.0,True,74.88,True,1
doge,doge-updown-5m-1775844900,1775844900,1775844975,75,Up,0.81,0.010772999999999998,True,0.17922699999999994,True,True,True,39.0,True,118.89,True,1
doge,doge-updown-5m-1775850300,1775850300,1775850476,176,Up,0.06,0.003948,False,-0.063948,True,True,True,7.0,False,18.92,True,1
doge,doge-updown-5m-1775866800,1775866800,1775867014,214,Up,0.05,0.0033250000000000003,False,-0.053325000000000004,True,True,True,15.0,True,14.06,True,1
sol,sol-updown-5m-1775867400,1775867400,1775867491,91,Up,0.13,0.007917,False,-0.137917,True,True,True,1.0,True,5.0,True,1
xrp,xrp-updown-5m-1775867400,1775867400,1775867571,171,Up,0.05,0.0033250000000000003,False,-0.053325000000000004,True,True,True,1.0,True,12.42,True,1
doge,doge-updown-5m-1775877900,1775877900,1775878135,235,Down,0.06,0.003948,False,-0.063948,True,True,True,2.0,True,45.0,True,1
eth,eth-updown-5m-1775878800,1775878800,1775879026,226,Down,0.08,0.005152000000000001,False,-0.085152,True,True,True,1.0,True,65.39,True,1
doge,doge-updown-5m-1775884500,1775884500,1775884560,60,Up,0.14,0.008428000000000001,False,-0.148428,True,True,True,3.0,False,92.87,True,1
doge,doge-updown-5m-1775887500,1775887500,1775887574,74,Down,0.5,0.0175,True,0.4825,True,True,True,3.0,True,39.5,True,1
xrp,xrp-updown-5m-1775893500,1775893500,1775893728,228,Down,0.51,0.017493,True,0.472507,True,True,True,1.0,True,0.92,True,1
xrp,xrp-updown-5m-1775895000,1775895000,1775895096,96,Down,0.09,0.005733,False,-0.095733,True,True,True,7.0,False,5.0,True,1
eth,eth-updown-5m-1775902500,1775902500,1775902565,65,Down,0.43,0.017157000000000002,False,-0.44715699999999997,True,True,True,1.0,True,22.67,True,1
doge,doge-updown-5m-1775905200,1775905200,1775905361,161,Up,0.07,0.004557,False,-0.07455700000000001,True,True,True,1.0,True,5.0,True,1
doge,doge-updown-5m-1775912400,1775912400,1775912594,194,Up,0.05,0.0033250000000000003,False,-0.053325000000000004,True,True,True,30.0,False,8.42,True,1
doge,doge-updown-5m-1775912700,1775912700,1775912885,185,Up,0.13,0.007917,False,-0.137917,True,True,True,11.0,False,5.0,True,1
doge,doge-updown-5m-1775914200,1775914200,1775914279,79,Up,0.21,0.011613000000000002,False,-0.221613,True,True,True,5.0,True,15.03,True,1
doge,doge-updown-5m-1775917500,1775917500,1775917653,153,Up,0.33,0.015477,False,-0.34547700000000003,True,True,True,1.0,True,5.0,True,1
doge,doge-updown-5m-1775925600,1775925600,1775925686,86,Down,0.05,0.0033250000000000003,False,-0.053325000000000004,True,False,True,9.0,False,30.91,True,1
doge,doge-updown-5m-1775930400,1775930400,1775930502,102,Down,0.86,0.008428000000000001,True,0.13157200000000002,True,True,True,26.0,True,21.6,True,1
doge,doge-updown-5m-1775932500,1775932500,1775932562,62,Down,0.25,0.013125000000000001,False,-0.263125,True,True,True,1.0,False,120.01,True,1
eth,eth-updown-5m-1775934000,1775934000,1775934121,121,Up,0.76,0.012768,True,0.227232,True,True,True,1.0,True,3.12,True,1
doge,doge-updown-5m-1775939400,1775939400,1775939464,64,Up,0.22,0.012012000000000002,False,-0.232012,True,True,True,28.0,False,4.33,True,1
sol,sol-updown-5m-1775942400,1775942400,1775942620,220,Up,0.05,0.0033250000000000003,False,-0.053325000000000004,True,True,True,1.0,True,98.6,True,1
btc,btc-updown-5m-1775948700,1775948700,1775948885,185,Down,0.75,0.013125000000000001,True,0.236875,True,True,True,11.0,True,7827.45,True,1
eth,eth-updown-5m-1775956200,1775956200,1775956416,216,Down,0.16,0.009408000000000001,False,-0.169408,True,True,True,1.0,True,79.25,True,1
doge,doge-updown-5m-1775969400,1775969400,1775969592,192,Down,0.48,0.017472,True,0.502528,True,True,True,1.0,True,16.0,True,1
doge,doge-updown-5m-1775971200,1775971200,1775971303,103,Up,0.75,0.013125000000000001,True,0.236875,True,True,True,1.0,True,0.38,True,1
xrp,xrp-updown-5m-1775974500,1775974500,1775974613,113,Down,0.92,0.005151999999999999,True,0.07484799999999996,True,True,True,1.0,True,2.95,True,1
doge,doge-updown-5m-1775975100,1775975100,1775975180,80,Up,0.22,0.012012000000000002,False,-0.232012,True,True,True,1.0,True,0.01,True,1
doge,doge-updown-5m-1775976900,1775976900,1775977039,139,Up,0.05,0.0033250000000000003,False,-0.053325000000000004,True,True,True,43.0,False,59.9,True,1
doge,doge-updown-5m-1775979300,1775979300,1775979376,76,Up,0.84,0.009408000000000003,True,0.15059200000000003,True,True,True,7.0,True,4.71,True,1
xrp,xrp-updown-5m-1775982000,1775982000,1775982231,231,Up,0.93,0.004556999999999997,True,0.06544299999999996,True,True,True,11.0,False,40.06,True,1
doge,doge-updown-5m-1775983500,1775983500,1775983662,162,Up,0.08,0.005152000000000001,False,-0.085152,True,True,True,7.0,False,98.0,True,1
doge,doge-updown-5m-1775986500,1775986500,1775986623,123,Down,0.66,0.015708,True,0.32429199999999997,True,True,True,1.0,True,5.0,True,1
doge,doge-updown-5m-1775987100,1775987100,1775987267,167,Up,0.11,0.0068530000000000015,False,-0.116853,True,True,True,12.0,False,79.0,True,1
xrp,xrp-updown-5m-1775988900,1775988900,1775989011,111,Down,0.25,0.013125000000000001,False,-0.263125,True,True,True,1.0,True,0.72,True,1
doge,doge-updown-5m-1775989500,1775989500,1775989669,169,Down,0.57,0.017157000000000002,True,0.41284300000000007,True,True,True,3.0,True,62.0,True,1
doge,doge-updown-5m-1775992200,1775992200,1775992416,216,Up,0.93,0.004556999999999997,True,0.06544299999999996,True,True,True,12.0,True,168.37,True,1
doge,doge-updown-5m-1775992500,1775992500,1775992653,153,Down,0.65,0.015925,True,0.33407499999999996,True,False,True,1.0,True,5.0,True,1
doge,doge-updown-5m-1775994000,1775994000,1775994067,67,Up,0.78,0.012012,True,0.20798799999999998,True,True,True,54.0,True,6.26,True,1
doge,doge-updown-5m-1775998200,1775998200,1775998417,217,Up,0.05,0.0033250000000000003,False,-0.053325000000000004,True,True,True,1.0,True,6.42,True,1
doge,doge-updown-5m-1775998800,1775998800,1775998939,139,Up,0.1,0.006300000000000001,True,0.8937,True,True,True,28.0,False,85.0,True,1
doge,doge-updown-5m-1776001800,1776001800,1776001964,164,Up,0.05,0.0033250000000000003,False,-0.053325000000000004,True,True,True,23.0,False,12.62,True,1
doge,doge-updown-5m-1776003300,1776003300,1776003404,104,Down,0.31,0.014972999999999998,False,-0.324973,True,True,True,1.0,True,31.0,True,1
doge,doge-updown-5m-1776006900,1776006900,1776007077,177,Down,0.92,0.005151999999999999,True,0.07484799999999996,True,True,True,5.0,True,7.5,True,1
sol,sol-updown-5m-1776007800,1776007800,1776007888,88,Down,0.5,0.0175,False,-0.5175,True,True,True,2.0,False,646.79,True,1
xrp,xrp-updown-5m-1776007800,1776007800,1776007897,97,Up,0.05,0.0033250000000000003,True,0.9466749999999999,True,True,True,3.0,True,32.5,True,1
doge,doge-updown-5m-1776014100,1776014100,1776014305,205,Down,0.08,0.005152000000000001,False,-0.085152,True,True,True,8.0,True,48.0,True,1
eth,eth-updown-5m-1776019200,1776019200,1776019354,154,Down,0.68,0.015232,True,0.30476799999999993,True,True,True,1.0,True,41.87,True,1
eth,eth-updown-5m-1776022500,1776022500,1776022643,143,Down,0.95,0.0033250000000000033,True,0.04667500000000004,True,True,True,2.0,True,115.47,True,1
doge,doge-updown-5m-1776024000,1776024000,1776024141,141,Down,0.1,0.006300000000000001,False,-0.1063,True,True,True,3.0,True,60.0,True,1
xrp,xrp-updown-5m-1776027600,1776027600,1776027731,131,Down,0.06,0.003948,False,-0.063948,True,True,True,2.0,True,5.0,True,1
xrp,xrp-updown-5m-1776043800,1776043800,1776043939,139,Up,0.07,0.004557,True,0.9254429999999999,True,True,True,17.0,True,8.0,True,1
doge,doge-updown-5m-1776058200,1776058200,1776058346,146,Up,0.05,0.0033250000000000003,False,-0.053325000000000004,True,True,True,13.0,True,5.0,True,1
xrp,xrp-updown-5m-1776063900,1776063900,1776064023,123,Down,0.94,0.003948000000000004,True,0.056052000000000046,True,True,True,1.0,True,5.75,True,1
xrp,xrp-updown-5m-1776067200,1776067200,1776067263,63,Down,0.68,0.015232,False,-0.6952320000000001,True,True,True,1.0,True,35.27,True,1
doge,doge-updown-5m-1776067200,1776067200,1776067276,76,Up,0.14,0.008428000000000001,True,0.851572,True,True,True,28.0,True,18.0,True,1
doge,doge-updown-5m-1776067500,1776067500,1776067590,90,Up,0.51,0.017493,False,-0.527493,True,True,True,60.0,False,24.6,True,1
sol,sol-updown-5m-1776071700,1776071700,1776071863,163,Down,0.06,0.003948,False,-0.063948,True,True,True,1.0,False,5.0,True,1
doge,doge-updown-5m-1776075300,1776075300,1776075360,60,Down,0.89,0.006853,True,0.10314699999999999,True,True,True,4.0,True,125.47,True,1
doge,doge-updown-5m-1776076500,1776076500,1776076647,147,Down,0.06,0.003948,False,-0.063948,True,True,True,25.0,True,77.0,True,1
doge,doge-updown-5m-1776079500,1776079500,1776079595,95,Up,0.67,0.015477,True,0.31452299999999994,True,True,True,86.0,True,20.0,True,1
doge,doge-updown-5m-1776081600,1776081600,1776081816,216,Up,0.8,0.0112,False,-0.8112,True,True,True,12.0,True,1.25,True,1
doge,doge-updown-5m-1776084000,1776084000,1776084152,152,Down,0.65,0.015925,False,-0.665925,True,True,True,1.0,True,3.14,True,1
eth,eth-updown-5m-1776084300,1776084300,1776084482,182,Down,0.06,0.003948,False,-0.063948,True,True,True,1.0,True,17.05,True,1
doge,doge-updown-5m-1776086700,1776086700,1776086852,152,Down,0.87,0.007917,False,-0.877917,True,True,True,2.0,True,2.17,True,1
doge,doge-updown-5m-1776107700,1776107700,1776107797,97,Up,0.89,0.006853,True,0.10314699999999999,True,True,True,13.0,True,45.45,True,1
doge,doge-updown-5m-1776109500,1776109500,1776109562,62,Up,0.8,0.0112,True,0.18879999999999997,True,True,True,1.0,True,9.93,True,1
btc,btc-updown-5m-1776126600,1776126600,1776126693,93,Down,0.33,0.015477,True,0.654523,True,True,True,2.0,True,6179.31,True,1
xrp,xrp-updown-5m-1776133800,1776133800,1776133878,78,Down,0.93,0.004556999999999997,True,0.06544299999999996,True,True,True,24.0,True,52.52,True,1
doge,doge-updown-5m-1776144000,1776144000,1776144064,64,Up,0.67,0.015477,False,-0.685477,True,True,True,1.0,True,5.0,True,1
doge,doge-updown-5m-1776144900,1776144900,1776145004,104,Up,0.9,0.0063,True,0.09369999999999998,True,True,True,30.0,True,15.0,True,1
sol,sol-updown-5m-1776156600,1776156600,1776156669,69,Up,0.33,0.015477,False,-0.34547700000000003,True,True,True,1.0,True,22.85,True,1
xrp,xrp-updown-5m-1776172500,1776172500,1776172576,76,Down,0.7,0.014700000000000003,False,-0.7147,True,True,True,1.0,True,67.66,True,1
xrp,xrp-updown-5m-1776173700,1776173700,1776173860,160,Down,0.05,0.0033250000000000003,False,-0.053325000000000004,True,True,True,2.0,True,12.01,True,1
sol,sol-updown-5m-1776188400,1776188400,1776188475,75,Up,0.8,0.0112,True,0.18879999999999997,True,True,True,1.0,True,5.5,True,1
xrp,xrp-updown-5m-1776190800,1776190800,1776190955,155,Up,0.06,0.003948,False,-0.063948,True,True,True,1.0,True,72.26,True,1
xrp,xrp-updown-5m-1776194700,1776194700,1776194940,240,Up,0.95,0.0033250000000000033,True,0.04667500000000004,True,True,True,2.0,True,6533.23,True,1
btc,btc-updown-5m-1776211500,1776211500,1776211686,186,Up,0.85,0.008925000000000002,True,0.141075,True,True,True,1.0,True,349.04,True,1
btc,btc-updown-5m-1776215100,1776215100,1776215296,196,Down,0.08,0.005152000000000001,False,-0.085152,True,True,True,1.0,True,539.43,True,1
doge,doge-updown-5m-1776220200,1776220200,1776220341,141,Up,0.05,0.0033250000000000003,False,-0.053325000000000004,True,True,True,5.0,True,5.0,True,1
xrp,xrp-updown-5m-1776229500,1776229500,1776229633,133,Up,0.07,0.004557,False,-0.07455700000000001,True,True,True,43.0,True,1.05,True,1
btc,btc-updown-5m-1776229800,1776229800,1776230000,200,Up,0.23,0.012397000000000004,False,-0.242397,True,True,True,1.0,True,25.79,True,1
xrp,xrp-updown-5m-1776230700,1776230700,1776230905,205,Down,0.91,0.0057329999999999985,True,0.08426699999999997,True,True,True,9.0,False,77.27,True,1
xrp,xrp-updown-5m-1776231300,1776231300,1776231398,98,Down,0.3,0.0147,True,0.6852999999999999,True,True,True,1.0,True,21.0,True,1
sol,sol-updown-5m-1776237000,1776237000,1776237137,137,Down,0.05,0.0033250000000000003,False,-0.053325000000000004,True,True,True,6.0,False,186.3,True,1
doge,doge-updown-5m-1776248100,1776248100,1776248310,210,Up,0.06,0.003948,False,-0.063948,True,True,True,47.0,False,16.28,True,1
doge,doge-updown-5m-1776249000,1776249000,1776249083,83,Down,0.88,0.007392000000000001,True,0.112608,True,True,True,27.0,True,13.2,True,1
doge,doge-updown-5m-1776252600,1776252600,1776252751,151,Down,0.12,0.007392000000000001,False,-0.127392,True,True,True,1.0,True,30.0,True,1
xrp,xrp-updown-5m-1776253500,1776253500,1776253613,113,Down,0.05,0.0033250000000000003,False,-0.053325000000000004,True,True,True,2.0,True,72.75,True,1
doge,doge-updown-5m-1776255300,1776255300,1776255369,69,Up,0.13,0.007917,False,-0.137917,True,True,True,2.0,True,5.0,True,1
sol,sol-updown-5m-1776261900,1776261900,1776262115,215,Up,0.05,0.0033250000000000003,False,-0.053325000000000004,True,True,True,3.0,False,30.0,True,1
btc,btc-updown-5m-1776278100,1776278100,1776278313,213,Up,0.07,0.004557,False,-0.07455700000000001,True,True,True,1.0,True,208.61,True,1
eth,eth-updown-5m-1776285000,1776285000,1776285125,125,Down,0.06,0.003948,True,0.936052,True,True,True,2.0,True,22.34,True,1
doge,doge-updown-5m-1776301500,1776301500,1776301560,60,Down,0.89,0.006853,True,0.10314699999999999,True,True,True,3.0,True,10.0,True,1
doge,doge-updown-5m-1776306600,1776306600,1776306816,216,Down,0.1,0.006300000000000001,False,-0.1063,True,True,True,8.0,False,10.0,True,1
btc,btc-updown-5m-1776314700,1776314700,1776314764,64,Up,0.22,0.012012000000000002,False,-0.232012,True,True,True,1.0,True,32.49,True,1
btc,btc-updown-5m-1776320700,1776320700,1776320796,96,Up,0.35,0.015925,False,-0.365925,True,True,True,4.0,True,35223.19,True,1
xrp,xrp-updown-5m-1776330300,1776330300,1776330478,178,Up,0.2,0.011200000000000002,True,0.7888000000000001,True,True,True,1.0,True,18.15,True,1
doge,doge-updown-5m-1776330900,1776330900,1776330987,87,Down,0.05,0.0033250000000000003,False,-0.053325000000000004,True,True,True,16.0,True,1.0,True,1
doge,doge-updown-5m-1776346800,1776346800,1776346905,105,Down,0.11,0.0068530000000000015,False,-0.116853,True,True,True,3.0,True,15.0,True,1
doge,doge-updown-5m-1776348000,1776348000,1776348098,98,Up,0.09,0.005733,False,-0.095733,True,True,True,6.0,True,5.0,True,1
btc,btc-updown-5m-1776353100,1776353100,1776353327,227,Down,0.63,0.016317,True,0.35368299999999997,True,True,True,,,585.0,True,2
eth,eth-updown-5m-1776353100,1776353100,1776353327,227,Down,0.7,0.014700000000000003,True,0.28530000000000005,True,True,True,,,62.1,True,2
btc,btc-updown-5m-1776353400,1776353400,1776353572,172,Down,0.53,0.017437,False,-0.5474370000000001,True,True,True,,,1362.99,True,1
eth,eth-updown-5m-1776353700,1776353700,1776353806,106,Up,0.55,0.017325,True,0.432675,True,True,True,22.0,True,10.0,True,2
btc,btc-updown-5m-1776353700,1776353700,1776353807,107,Up,0.56,0.017248,True,0.42275199999999996,True,True,True,32.0,True,530.0,True,2
eth,eth-updown-5m-1776354000,1776354000,1776354099,99,Down,0.62,0.016492,True,0.363508,True,True,True,123.0,True,35.0,True,1
btc,btc-updown-5m-1776354000,1776354000,1776354151,151,Down,0.59,0.016933000000000004,True,0.39306700000000006,True,True,True,,,450.0,True,1
btc,btc-updown-5m-1776354300,1776354300,1776354387,87,Down,0.5,0.0175,True,0.4825,True,True,True,66.0,True,23292.5,True,1
btc,btc-updown-5m-1776354900,1776354900,1776355008,108,Up,0.61,0.016653,True,0.373347,True,True,True,,,225.0,True,1
btc,btc-updown-5m-1776355500,1776355500,1776355633,133,Up,0.46,0.017388000000000004,False,-0.47738800000000003,True,True,True,,,300.0,True,1
sol,sol-updown-5m-1776355500,1776355500,1776355686,186,Up,0.81,0.010772999999999998,False,-0.8207730000000001,True,True,True,60.0,False,23.4,True,1
btc,btc-updown-5m-1776355800,1776355800,1776355873,73,Up,0.51,0.017493,False,-0.527493,True,True,True,168.0,False,45.82,True,2
doge,doge-updown-5m-1776355800,1776355800,1776355874,74,Up,0.84,0.009408000000000003,False,-0.8494079999999999,True,True,True,159.0,True,124.14,True,2
xrp,xrp-updown-5m-1776355800,1776355800,1776355947,147,Down,0.12,0.007392000000000001,True,0.872608,True,False,False,88.0,True,20.0,False,2
eth,eth-updown-5m-1776355800,1776355800,1776355949,149,Down,0.26,0.013468,True,0.726532,True,False,False,85.0,True,20.0,False,2
sol,sol-updown-5m-1776355800,1776355800,1776356003,203,Down,0.29,0.014413,True,0.695587,True,False,False,31.0,True,5.0,False,1
doge,doge-updown-5m-1776356100,1776356100,1776356283,183,Up,0.94,0.003948000000000004,True,0.056052000000000046,True,True,True,2.0,True,6.41,True,1
doge,doge-updown-5m-1776364500,1776364500,1776364625,125,Down,0.11,0.0068530000000000015,False,-0.116853,True,True,True,1.0,True,1.9,True,1
btc,btc-updown-5m-1776383700,1776383700,1776383819,119,Up,0.76,0.012768,True,0.227232,True,True,True,1.0,True,252.1,True,1
doge,doge-updown-5m-1776384900,1776384900,1776385054,154,Up,0.92,0.005151999999999999,True,0.07484799999999996,True,True,True,1.0,True,9.0,True,1
doge,doge-updown-5m-1776390000,1776390000,1776390121,121,Down,0.95,0.0033250000000000033,True,0.04667500000000004,True,True,True,4.0,True,13.51,True,1
btc,btc-updown-5m-1776390900,1776390900,1776390999,99,Up,0.95,0.0033250000000000033,True,0.04667500000000004,True,True,True,3.0,True,13797.77,True,1
btc,btc-updown-5m-1776392100,1776392100,1776392215,115,Down,0.74,0.013468000000000003,True,0.246532,True,True,True,5.0,True,50200.06,True,1
btc,btc-updown-5m-1776392700,1776392700,1776392885,185,Down,0.74,0.013468000000000003,True,0.246532,True,True,True,8.0,True,44757.71,True,1
sol,sol-updown-5m-1776402000,1776402000,1776402175,175,Down,0.75,0.013125000000000001,True,0.236875,True,True,True,2.0,True,53.71,True,1
eth,eth-updown-5m-1776402600,1776402600,1776402751,151,Up,0.22,0.012012000000000002,False,-0.232012,True,True,True,1.0,True,26.0,True,1
sol,sol-updown-5m-1776408600,1776408600,1776408737,137,Down,0.05,0.0033250000000000003,False,-0.053325000000000004,True,True,True,1.0,True,96.77,True,1
btc,btc-updown-5m-1776410400,1776410400,1776410576,176,Up,0.14,0.008428000000000001,False,-0.148428,True,True,True,2.0,True,703.21,True,1
btc,btc-updown-5m-1776413400,1776413400,1776413537,137,Up,0.22,0.012012000000000002,False,-0.232012,True,True,True,1.0,True,699.98,True,1
doge,doge-updown-5m-1776415500,1776415500,1776415722,222,Up,0.88,0.007392000000000001,True,0.112608,True,True,True,12.0,True,244.53,True,1
doge,doge-updown-5m-1776418200,1776418200,1776418260,60,Down,0.89,0.006853,True,0.10314699999999999,True,True,True,3.0,True,18.46,True,1
doge,doge-updown-5m-1776421800,1776421800,1776421891,91,Down,0.86,0.008428000000000001,True,0.13157200000000002,True,True,True,15.0,True,0.36,True,1
doge,doge-updown-5m-1776425400,1776425400,1776425516,116,Down,0.05,0.0033250000000000003,False,-0.053325000000000004,True,True,True,7.0,False,81.7,True,1
doge,doge-updown-5m-1776430200,1776430200,1776430263,63,Down,0.12,0.007392000000000001,False,-0.127392,True,True,True,8.0,True,3.0,True,1
btc,btc-updown-5m-1776430500,1776430500,1776430636,136,Down,0.75,0.013125000000000001,False,-0.763125,True,True,True,1.0,True,8.33,True,1
doge,doge-updown-5m-1776457800,1776457800,1776457861,61,Down,0.89,0.006853,True,0.10314699999999999,True,True,True,2.0,True,57.07,True,1
doge,doge-updown-5m-1776470400,1776470400,1776470503,103,Down,0.05,0.0033250000000000003,False,-0.053325000000000004,True,True,True,2.0,True,2.96,True,1
btc,btc-updown-5m-1776479700,1776479700,1776479889,189,Up,0.95,0.0033250000000000033,True,0.04667500000000004,True,True,True,4.0,True,292.89,True,1
xrp,xrp-updown-5m-1776484200,1776484200,1776484415,215,Down,0.91,0.0057329999999999985,True,0.08426699999999997,True,True,True,1.0,True,2.63,True,1
btc,btc-updown-5m-1776492600,1776492600,1776492804,204,Down,0.07,0.004557,False,-0.07455700000000001,True,True,True,1.0,True,240.28,True,1
btc,btc-updown-5m-1776497700,1776497700,1776497890,190,Down,0.64,0.016128000000000003,True,0.34387199999999996,True,True,True,3.0,True,155.31,True,1
doge,doge-updown-5m-1776500100,1776500100,1776500178,78,Down,0.9,0.0063,True,0.09369999999999998,True,True,True,3.0,True,80.9,True,1
doge,doge-updown-5m-1776501300,1776501300,1776501430,130,Up,0.05,0.0033250000000000003,False,-0.053325000000000004,True,True,True,3.0,True,23.19,True,1
btc,btc-updown-5m-1776508500,1776508500,1776508603,103,Up,0.38,0.016492,True,0.603508,True,False,False,,,1117.36,False,1
btc,btc-updown-5m-1776523200,1776523200,1776523389,189,Up,0.19,0.010773000000000001,False,-0.200773,True,True,True,2.0,True,292.55,True,1
eth,eth-updown-5m-1776545100,1776545100,1776545334,234,Down,0.07,0.004557,False,-0.07455700000000001,True,True,True,1.0,True,5.0,True,1
btc,btc-updown-5m-1776549600,1776549600,1776549801,201,Down,0.95,0.0033250000000000033,True,0.04667500000000004,True,True,True,2.0,True,212.22,True,1
xrp,xrp-updown-5m-1776549900,1776549900,1776549968,68,Down,0.35,0.015925,True,0.634075,True,True,True,1.0,True,5.0,True,1
eth,eth-updown-5m-1776557400,1776557400,1776557582,182,Down,0.95,0.0033250000000000033,True,0.04667500000000004,True,True,True,1.0,True,2.28,True,1
eth,eth-updown-5m-1776557700,1776557700,1776557822,122,Up,0.05,0.0033250000000000003,False,-0.053325000000000004,True,True,True,2.0,True,83.12,True,1
doge,doge-updown-5m-1776564000,1776564000,1776564173,173,Up,0.11,0.0068530000000000015,False,-0.116853,True,True,True,3.0,False,51.6,True,1
btc,btc-updown-5m-1776567600,1776567600,1776567834,234,Down,0.9,0.0063,True,0.09369999999999998,True,True,True,1.0,True,25.39,True,1
doge,doge-updown-5m-1776583200,1776583200,1776583314,114,Up,0.05,0.0033250000000000003,False,-0.053325000000000004,True,True,True,12.0,False,51.7,True,1
doge,doge-updown-5m-1776592800,1776592800,1776592881,81,Up,0.06,0.003948,False,-0.063948,True,True,True,31.0,True,69.0,True,1
btc,btc-updown-5m-1776603600,1776603600,1776603798,198,Up,0.8,0.0112,True,0.18879999999999997,True,True,True,1.0,False,277.87,True,1
doge,doge-updown-5m-1776669600,1776669600,1776669710,110,Down,0.05,0.0033250000000000003,False,-0.053325000000000004,True,True,True,4.0,False,54.7,True,1
eth,eth-updown-5m-1776684600,1776684600,1776684770,170,Up,0.07,0.004557,True,0.9254429999999999,True,True,True,1.0,True,135.04,True,1
btc,btc-updown-5m-1776688500,1776688500,1776688685,185,Down,0.42,0.017052000000000005,True,0.5629480000000001,True,True,True,1.0,True,134.84,True,1
sol,sol-updown-5m-1776693300,1776693300,1776693474,174,Down,0.06,0.003948,False,-0.063948,True,True,True,4.0,False,57.57,True,1
doge,doge-updown-5m-1776695400,1776695400,1776695564,164,Down,0.14,0.008428000000000001,True,0.851572,True,True,True,1.0,True,6.8,True,1
xrp,xrp-updown-5m-1776697200,1776697200,1776697412,212,Down,0.43,0.017157000000000002,True,0.5528430000000001,True,False,False,,,5.0,False,5
eth,eth-updown-5m-1776697200,1776697200,1776697413,213,Down,0.44,0.017248000000000003,True,0.542752,True,False,False,,,111.06,False,5
btc,btc-updown-5m-1776697200,1776697200,1776697417,217,Down,0.63,0.016317,True,0.35368299999999997,True,False,False,,,492.5,False,5
doge,doge-updown-5m-1776697200,1776697200,1776697417,217,Down,0.43,0.017157000000000002,True,0.5528430000000001,True,False,False,,,15.0,False,5
sol,sol-updown-5m-1776697200,1776697200,1776697417,217,Down,0.47,0.017437,True,0.512563,True,False,False,,,5.0,False,5
doge,doge-updown-5m-1776697500,1776697500,1776697576,76,Down,0.5,0.0175,False,-0.5175,True,False,False,,,55.0,False,1
sol,sol-updown-5m-1776697500,1776697500,1776697639,139,Down,0.51,0.017493,False,-0.527493,True,False,False,,,0.2,False,2
xrp,xrp-updown-5m-1776697500,1776697500,1776697642,142,Down,0.5,0.0175,True,0.4825,True,False,False,,,55.0,False,2
eth,eth-updown-5m-1776697500,1776697500,1776697676,176,Up,0.53,0.017437,True,0.452563,True,False,False,,,118.46,False,2
btc,btc-updown-5m-1776697500,1776697500,1776697676,176,Up,0.51,0.017493,True,0.472507,True,False,False,,,293.0,False,2
sol,sol-updown-5m-1776697800,1776697800,1776698029,229,Down,0.5,0.0175,False,-0.5175,True,False,False,,,55.0,False,1
xrp,xrp-updown-5m-1776698100,1776698100,1776698224,124,Up,0.52,0.017472,True,0.462528,True,False,False,,,10.0,False,5
sol,sol-updown-5m-1776698100,1776698100,1776698225,125,Up,0.51,0.017493,True,0.472507,True,False,False,,,10.0,False,5
btc,btc-updown-5m-1776698100,1776698100,1776698225,125,Up,0.51,0.017493,True,0.472507,True,False,False,,,279.7,False,5
eth,eth-updown-5m-1776698100,1776698100,1776698225,125,Up,0.51,0.017493,True,0.472507,True,False,False,,,5.0,False,5
doge,doge-updown-5m-1776698100,1776698100,1776698227,127,Up,0.52,0.017472,True,0.462528,True,False,False,,,10.0,False,5
sol,sol-updown-5m-1776698400,1776698400,1776698482,82,Up,0.51,0.017493,True,0.472507,True,False,False,,,5.0,False,5
doge,doge-updown-5m-1776698400,1776698400,1776698482,82,Up,0.52,0.017472,True,0.462528,True,False,False,,,5.0,False,5
btc,btc-updown-5m-1776698400,1776698400,1776698482,82,Up,0.51,0.017493,True,0.472507,True,False,False,,,275.23,False,5
xrp,xrp-updown-5m-1776698400,1776698400,1776698482,82,Up,0.52,0.017472,True,0.462528,True,False,False,,,10.0,False,5
eth,eth-updown-5m-1776698400,1776698400,1776698482,82,Up,0.51,0.017493,True,0.472507,True,False,False,,,5.0,False,5
eth,eth-updown-5m-1776698700,1776698700,1776698763,63,Up,0.51,0.017493,True,0.472507,True,False,False,,,15.0,False,5
sol,sol-updown-5m-1776698700,1776698700,1776698764,64,Up,0.51,0.017493,True,0.472507,True,False,False,,,5.0,False,5
btc,btc-updown-5m-1776698700,1776698700,1776698764,64,Up,0.51,0.017493,True,0.472507,True,False,False,,,270.23,False,5
doge,doge-updown-5m-1776698700,1776698700,1776698766,66,Up,0.52,0.017472,True,0.462528,True,False,False,,,11.0,False,5
xrp,xrp-updown-5m-1776698700,1776698700,1776698768,68,Up,0.52,0.017472,True,0.462528,True,False,False,,,11.0,False,5
sol,sol-updown-5m-1776699000,1776699000,1776699079,79,Up,0.51,0.017493,False,-0.527493,True,False,False,,,5.0,False,3
xrp,xrp-updown-5m-1776699000,1776699000,1776699080,80,Up,0.52,0.017472,False,-0.5374720000000001,True,False,False,,,5.0,False,3
btc,btc-updown-5m-1776699000,1776699000,1776699084,84,Up,0.51,0.017493,False,-0.527493,True,False,False,,,161.03,False,3
doge,doge-updown-5m-1776699000,1776699000,1776699143,143,Down,0.52,0.017472,True,0.462528,True,False,False,,,11.0,False,1
sol,sol-updown-5m-1776699300,1776699300,1776699371,71,Down,0.51,0.017493,False,-0.527493,True,False,False,,,5.0,False,2
btc,btc-updown-5m-1776699300,1776699300,1776699373,73,Down,0.5,0.0175,False,-0.5175,True,False,False,,,392.19,False,2
sol,sol-updown-5m-1776700500,1776700500,1776700618,118,Down,0.51,0.017493,False,-0.527493,True,False,False,,,5.0,False,1
doge,doge-updown-5m-1776700500,1776700500,1776700629,129,Down,0.52,0.017472,False,-0.5374720000000001,True,False,False,,,5.0,False,1
sol,sol-updown-5m-1776700800,1776700800,1776700860,60,Down,0.51,0.017493,True,0.472507,True,False,False,,,5.0,False,3
doge,doge-updown-5m-1776700800,1776700800,1776700860,60,Down,0.52,0.017472,True,0.462528,True,False,False,,,5.0,False,3
eth,eth-updown-5m-1776700800,1776700800,1776700860,60,Down,0.51,0.017493,True,0.472507,True,False,False,,,5.0,False,3
eth,eth-updown-5m-1776701100,1776701100,1776701339,239,Down,0.52,0.017472,False,-0.5374720000000001,True,False,False,,,15.0,False,3
btc,btc-updown-5m-1776701100,1776701100,1776701339,239,Down,0.5,0.0175,True,0.4825,True,False,False,,,136.45,False,3
xrp,xrp-updown-5m-1776701100,1776701100,1776701339,239,Down,0.9,0.0063,True,0.09369999999999998,True,False,False,,,5.0,False,3
eth,eth-updown-5m-1776701700,1776701700,1776701819,119,Down,0.52,0.017472,True,0.462528,True,False,False,,,15.0,False,1
btc,btc-updown-5m-1776702000,1776702000,1776702135,135,Down,0.5,0.0175,False,-0.5175,True,False,False,,,141.07,False,1
doge,doge-updown-5m-1776708000,1776708000,1776708097,97,Down,0.08,0.005152000000000001,False,-0.085152,True,True,True,1.0,False,62.33,True,1
eth,eth-updown-5m-1776716100,1776716100,1776716252,152,Up,0.34,0.015708000000000003,True,0.6442919999999999,True,True,True,1.0,True,5.0,True,1
doge,doge-updown-5m-1776729600,1776729600,1776729752,152,Down,0.06,0.003948,False,-0.063948,True,True,True,1.0,False,68.0,True,1
btc,btc-updown-5m-1776729600,1776729600,1776729804,204,Down,0.09,0.005733,True,0.904267,True,True,True,2.0,True,191.81,True,1
sol,sol-updown-5m-1776733500,1776733500,1776733633,133,Down,0.06,0.003948,False,-0.063948,True,True,True,2.0,True,54.57,True,1
sol,sol-updown-5m-1776735900,1776735900,1776736071,171,Up,0.06,0.003948,False,-0.063948,True,True,True,1.0,True,31.57,True,1
eth,eth-updown-5m-1776737700,1776737700,1776737773,73,Up,0.33,0.015477,True,0.654523,True,True,True,1.0,True,20.29,True,1
doge,doge-updown-5m-1776748800,1776748800,1776748860,60,Up,0.82,0.010332000000000003,True,0.16966800000000004,True,True,True,1.0,True,133.6,True,1
btc,btc-updown-5m-1776754800,1776754800,1776754864,64,Down,0.75,0.013125000000000001,True,0.236875,True,True,True,55.0,True,9308.4,True,1
btc,btc-updown-5m-1776756000,1776756000,1776756223,223,Down,0.09,0.005733,False,-0.095733,True,True,True,1.0,True,351.95,True,1
btc,btc-updown-5m-1776757200,1776757200,1776757313,113,Up,0.91,0.0057329999999999985,True,0.08426699999999997,True,True,True,5.0,True,98.22,True,1
sol,sol-updown-5m-1776772800,1776772800,1776772937,137,Down,0.07,0.004557,False,-0.07455700000000001,True,True,True,23.0,False,41.52,True,1
doge,doge-updown-5m-1776774600,1776774600,1776774738,138,Up,0.06,0.003948,True,0.936052,True,True,True,1.0,True,71.95,True,1
doge,doge-updown-5m-1776784800,1776784800,1776785002,202,Down,0.84,0.009408000000000003,True,0.15059200000000003,True,True,True,2.0,True,4.26,True,1
doge,doge-updown-5m-1776800100,1776800100,1776800235,135,Up,0.05,0.0033250000000000003,False,-0.053325000000000004,True,True,True,5.0,True,3.0,True,1
doge,doge-updown-5m-1776800400,1776800400,1776800543,143,Up,0.05,0.0033250000000000003,False,-0.053325000000000004,True,True,True,15.0,True,59.7,True,1
doge,doge-updown-5m-1776823800,1776823800,1776823875,75,Down,0.06,0.003948,False,-0.063948,True,True,True,2.0,False,99.0,True,1
sol,sol-updown-5m-1776837000,1776837000,1776837160,160,Down,0.1,0.006300000000000001,True,0.8937,True,True,True,1.0,True,25.32,True,1
sol,sol-updown-5m-1776844200,1776844200,1776844374,174,Down,0.93,0.004556999999999997,True,0.06544299999999996,True,True,True,1.0,True,85.02,True,1
eth,eth-updown-5m-1776846300,1776846300,1776846517,217,Up,0.38,0.016492,False,-0.396492,True,True,True,1.0,True,50.0,True,1
doge,doge-updown-5m-1776868200,1776868200,1776868356,156,Down,0.95,0.0033250000000000033,True,0.04667500000000004,True,True,True,6.0,True,75.78,True,1
doge,doge-updown-5m-1776871500,1776871500,1776871650,150,Up,0.05,0.0033250000000000003,False,-0.053325000000000004,True,True,True,33.0,False,40.0,True,1
doge,doge-updown-5m-1776881700,1776881700,1776881823,123,Down,0.87,0.007917,True,0.122083,True,True,True,1.0,True,17.95,True,1
doge,doge-updown-5m-1776886500,1776886500,1776886571,71,Down,0.89,0.006853,True,0.10314699999999999,True,True,True,1.0,True,16.25,True,1
sol,sol-updown-5m-1776893100,1776893100,1776893247,147,Up,0.79,0.011613,True,0.19838699999999995,True,True,True,1.0,True,45.75,True,1
sol,sol-updown-5m-1776893400,1776893400,1776893631,231,Down,0.08,0.005152000000000001,False,-0.085152,True,True,True,2.0,True,5.0,True,1
sol,sol-updown-5m-1776897000,1776897000,1776897062,62,Up,0.79,0.011613,True,0.19838699999999995,True,True,True,3.0,True,40.31,True,1
sol,sol-updown-5m-1776917400,1776917400,1776917519,119,Down,0.13,0.007917,False,-0.137917,True,False,False,29.0,True,138.79,False,1
sol,sol-updown-5m-1776917700,1776917700,1776917797,97,Down,0.61,0.016653,True,0.373347,True,False,False,16.0,True,13.81,False,1
sol,sol-updown-5m-1776918600,1776918600,1776918675,75,Up,0.79,0.011613,True,0.19838699999999995,True,True,True,1.0,True,33.08,True,1
xrp,xrp-updown-5m-1776920400,1776920400,1776920554,154,Up,0.89,0.006853,True,0.10314699999999999,True,True,True,1.0,True,16.87,True,1
sol,sol-updown-5m-1776925800,1776925800,1776925954,154,Up,0.51,0.017493,True,0.472507,True,True,True,1.0,True,5.0,True,1
sol,sol-updown-5m-1776926700,1776926700,1776926867,167,Down,0.06,0.003948,False,-0.063948,True,True,True,1.0,True,353.53,True,1
sol,sol-updown-5m-1776930600,1776930600,1776930713,113,Down,0.8,0.0112,True,0.18879999999999997,True,True,True,1.0,True,133.58,True,1
eth,eth-updown-5m-1776930900,1776930900,1776931038,138,Down,0.15,0.008925,False,-0.15892499999999998,True,True,True,1.0,True,134.42,True,1
doge,doge-updown-5m-1776942000,1776942000,1776942069,69,Down,0.21,0.011613000000000002,False,-0.221613,True,True,True,19.0,True,4.9,True,1
sol,sol-updown-5m-1776944400,1776944400,1776944574,174,Up,0.77,0.012397,True,0.217603,True,True,True,7.0,True,84.13,True,1
xrp,xrp-updown-5m-1776945000,1776945000,1776945128,128,Up,0.48,0.017472,True,0.502528,True,True,True,1.0,True,9.56,True,1
doge,doge-updown-5m-1776961200,1776961200,1776961304,104,Up,0.05,0.0033250000000000003,False,-0.053325000000000004,True,True,True,4.0,True,5.0,True,1
eth,eth-updown-5m-1776966300,1776966300,1776966456,156,Up,0.05,0.0033250000000000003,True,0.9466749999999999,True,True,True,2.0,True,78.12,True,1
eth,eth-updown-5m-1776981900,1776981900,1776982087,187,Up,0.93,0.004556999999999997,True,0.06544299999999996,True,True,True,1.0,True,89.33,True,1
xrp,xrp-updown-5m-1776994500,1776994500,1776994677,177,Up,0.95,0.0033250000000000033,True,0.04667500000000004,True,True,True,2.0,True,95.55,True,1
doge,doge-updown-5m-1776995400,1776995400,1776995574,174,Down,0.05,0.0033250000000000003,False,-0.053325000000000004,True,True,True,58.0,False,94.8,True,1
btc,btc-updown-5m-1776996000,1776996000,1776996205,205,Up,0.68,0.015232,False,-0.6952320000000001,True,True,True,3.0,True,289.04,True,1
sol,sol-updown-5m-1777007100,1777007100,1777007191,91,Up,0.23,0.012397000000000004,True,0.757603,True,True,True,1.0,True,75.0,True,1
doge,doge-updown-5m-1777008600,1777008600,1777008715,115,Down,0.06,0.003948,False,-0.063948,True,True,True,8.0,True,3.0,True,1
doge,doge-updown-5m-1777011600,1777011600,1777011787,187,Up,0.73,0.013797000000000002,True,0.256203,True,True,True,1.0,True,5.48,True,1
doge,doge-updown-5m-1777014900,1777014900,1777015126,226,Up,0.08,0.005152000000000001,False,-0.085152,True,True,True,2.0,True,78.0,True,1
xrp,xrp-updown-5m-1777015200,1777015200,1777015394,194,Down,0.91,0.0057329999999999985,True,0.08426699999999997,True,True,True,1.0,False,12.88,True,1
xrp,xrp-updown-5m-1777016700,1777016700,1777016939,239,Up,0.95,0.0033250000000000033,True,0.04667500000000004,True,True,True,6.0,True,24.62,True,1
eth,eth-updown-5m-1777018800,1777018800,1777018908,108,Down,0.1,0.006300000000000001,False,-0.1063,True,True,True,1.0,True,121.86,True,1
xrp,xrp-updown-5m-1777018800,1777018800,1777018919,119,Down,0.06,0.003948,False,-0.063948,True,True,True,3.0,True,117.2,True,1
sol,sol-updown-5m-1777022400,1777022400,1777022504,104,Up,0.22,0.012012000000000002,False,-0.232012,True,True,True,1.0,True,10.45,True,1
sol,sol-updown-5m-1777024200,1777024200,1777024329,129,Up,0.05,0.0033250000000000003,True,0.9466749999999999,True,True,True,59.0,True,33.52,True,1
xrp,xrp-updown-5m-1777035000,1777035000,1777035063,63,Up,0.52,0.017472,False,-0.5374720000000001,True,False,False,95.0,True,35.0,False,3
btc,btc-updown-5m-1777035000,1777035000,1777035063,63,Up,0.49,0.017493,False,-0.507493,True,False,False,96.0,False,83.73,False,3
sol,sol-updown-5m-1777035000,1777035000,1777035063,63,Up,0.51,0.017493,False,-0.527493,True,False,False,90.0,False,2.0,False,3
eth,eth-updown-5m-1777035000,1777035000,1777035076,76,Down,0.49,0.017493,True,0.49250700000000003,True,False,False,81.0,True,30.0,False,1
doge,doge-updown-5m-1777035000,1777035000,1777035132,132,Down,0.48,0.017472,True,0.502528,True,False,False,25.0,True,5.0,False,1
xrp,xrp-updown-5m-1777062900,1777062900,1777063010,110,Up,0.95,0.0033250000000000033,True,0.04667500000000004,True,True,True,1.0,True,54.7,True,1
btc,btc-updown-5m-1777072800,1777072800,1777073024,224,Up,0.08,0.005152000000000001,False,-0.085152,True,True,True,1.0,True,247.22,True,1
sol,sol-updown-5m-1777079100,1777079100,1777079319,219,Down,0.95,0.0033250000000000033,True,0.04667500000000004,True,True,True,7.0,True,75.44,True,1
btc,btc-updown-5m-1777086300,1777086300,1777086362,62,Up,0.59,0.016933000000000004,False,-0.606933,True,True,True,2.0,True,110.44,True,1
btc,btc-updown-5m-1777088100,1777088100,1777088241,141,Down,0.25,0.013125000000000001,False,-0.263125,True,True,True,1.0,True,3.79,True,1
sol,sol-updown-5m-1777090200,1777090200,1777090333,133,Down,0.49,0.017493,True,0.49250700000000003,True,True,True,8.0,True,131.81,True,1
sol,sol-updown-5m-1777092300,1777092300,1777092408,108,Up,0.86,0.008428000000000001,True,0.13157200000000002,True,True,True,4.0,True,5.0,True,1
eth,eth-updown-5m-1777096800,1777096800,1777096925,125,Up,0.82,0.010332000000000003,True,0.16966800000000004,True,True,True,1.0,True,34.03,True,1
xrp,xrp-updown-5m-1777098600,1777098600,1777098763,163,Up,0.95,0.0033250000000000033,True,0.04667500000000004,True,True,True,1.0,True,1.03,True,1
eth,eth-updown-5m-1777099500,1777099500,1777099593,93,Down,0.69,0.014973000000000004,False,-0.704973,True,True,True,7.0,True,416.31,True,1
eth,eth-updown-5m-1777100400,1777100400,1777100550,150,Down,0.93,0.004556999999999997,True,0.06544299999999996,True,True,True,14.0,True,322.84,True,1
btc,btc-updown-5m-1777101300,1777101300,1777101453,153,Up,0.44,0.017248000000000003,True,0.542752,True,True,True,22.0,True,2957.13,True,1
xrp,xrp-updown-5m-1777105200,1777105200,1777105295,95,Down,0.06,0.003948,False,-0.063948,True,True,True,3.0,True,130.42,True,1
sol,sol-updown-5m-1777105800,1777105800,1777105913,113,Up,0.95,0.0033250000000000033,False,-0.953325,True,True,True,7.0,True,133.57,True,1
doge,doge-updown-5m-1777132200,1777132200,1777132345,145,Down,0.73,0.013797000000000002,True,0.256203,True,True,True,1.0,True,5.0,True,1
xrp,xrp-updown-5m-1777141800,1777141800,1777141905,105,Up,0.64,0.016128000000000003,True,0.34387199999999996,True,True,True,1.0,True,8.03,True,1
sol,sol-updown-5m-1777150200,1777150200,1777150264,64,Up,0.45,0.017325000000000007,True,0.532675,True,True,True,1.0,True,9.09,True,1
doge,doge-updown-5m-1777152300,1777152300,1777152452,152,Up,0.11,0.0068530000000000015,False,-0.116853,True,False,True,1.0,True,2.33,True,1
xrp,xrp-updown-5m-1777156200,1777156200,1777156308,108,Up,0.95,0.0033250000000000033,True,0.04667500000000004,True,True,True,7.0,True,16.67,True,1
sol,sol-updown-5m-1777157400,1777157400,1777157594,194,Up,0.14,0.008428000000000001,False,-0.148428,True,True,True,9.0,False,10.0,True,1
sol,sol-updown-5m-1777158900,1777158900,1777159129,229,Down,0.94,0.003948000000000004,True,0.056052000000000046,True,True,True,1.0,True,14.0,True,1
eth,eth-updown-5m-1777159200,1777159200,1777159296,96,Up,0.2,0.011200000000000002,True,0.7888000000000001,True,True,True,27.0,False,1347.76,True,1
eth,eth-updown-5m-1777162500,1777162500,1777162623,123,Up,0.06,0.003948,False,-0.063948,True,True,True,1.0,True,173.16,True,1
xrp,xrp-updown-5m-1777164900,1777164900,1777165100,200,Up,0.05,0.0033250000000000003,False,-0.053325000000000004,True,True,True,7.0,True,25.05,True,1
sol,sol-updown-5m-1777168800,1777168800,1777169008,208,Up,0.91,0.0057329999999999985,True,0.08426699999999997,True,True,True,1.0,True,115.89,True,1
sol,sol-updown-5m-1777169700,1777169700,1777169821,121,Down,0.12,0.007392000000000001,False,-0.127392,True,True,True,2.0,True,59.68,True,1
xrp,xrp-updown-5m-1777171800,1777171800,1777172017,217,Down,0.06,0.003948,False,-0.063948,True,True,True,1.0,True,14.05,True,1
eth,eth-updown-5m-1777174200,1777174200,1777174260,60,Down,0.48,0.017472,True,0.502528,True,True,True,2.0,True,51.09,True,1
sol,sol-updown-5m-1777174200,1777174200,1777174280,80,Down,0.92,0.005151999999999999,True,0.07484799999999996,True,True,True,3.0,True,48.9,True,1
xrp,xrp-updown-5m-1777176600,1777176600,1777176802,202,Down,0.1,0.006300000000000001,False,-0.1063,True,True,True,7.0,True,10.9,True,1
sol,sol-updown-5m-1777183200,1777183200,1777183352,152,Down,0.06,0.003948,False,-0.063948,True,True,True,1.0,True,45.0,True,1
btc,btc-updown-5m-1777185600,1777185600,1777185723,123,Up,0.73,0.013797000000000002,True,0.256203,True,True,True,1.0,True,2086.97,True,1
xrp,xrp-updown-5m-1777185900,1777185900,1777186107,207,Down,0.95,0.0033250000000000033,True,0.04667500000000004,True,True,True,5.0,True,33.68,True,1
xrp,xrp-updown-5m-1777190100,1777190100,1777190283,183,Up,0.95,0.0033250000000000033,True,0.04667500000000004,True,True,True,1.0,True,38.29,True,1
doge,doge-updown-5m-1777192200,1777192200,1777192343,143,Down,0.06,0.003948,False,-0.063948,True,True,True,10.0,False,3.0,True,1
btc,btc-updown-5m-1777192800,1777192800,1777192917,117,Down,0.8,0.0112,True,0.18879999999999997,True,True,True,1.0,True,411.74,True,1
doge,doge-updown-5m-1777193400,1777193400,1777193479,79,Up,0.58,0.017052000000000005,True,0.40294800000000003,True,True,True,1.0,True,11.5,True,1
sol,sol-updown-5m-1777197600,1777197600,1777197732,132,Up,0.2,0.011200000000000002,False,-0.2112,True,True,True,24.0,True,72.73,True,1
xrp,xrp-updown-5m-1777197600,1777197600,1777197741,141,Up,0.05,0.0033250000000000003,False,-0.053325000000000004,True,True,True,10.0,False,39.12,True,1
btc,btc-updown-5m-1777201200,1777201200,1777201301,101,Up,0.95,0.0033250000000000033,True,0.04667500000000004,True,True,True,3.0,True,280.14,True,1
sol,sol-updown-5m-1777203000,1777203000,1777203197,197,Up,0.06,0.003948,False,-0.063948,True,True,True,2.0,True,10.0,True,1
sol,sol-updown-5m-1777203600,1777203600,1777203759,159,Up,0.87,0.007917,False,-0.877917,True,True,True,20.0,True,24.12,True,1
sol,sol-updown-5m-1777205100,1777205100,1777205227,127,Down,0.35,0.015925,True,0.634075,True,True,True,1.0,True,9.57,True,1
btc,btc-updown-5m-1777207500,1777207500,1777207561,61,Down,0.86,0.008428000000000001,True,0.13157200000000002,True,True,True,2.0,True,531.13,True,1
xrp,xrp-updown-5m-1777208400,1777208400,1777208624,224,Down,0.95,0.0033250000000000033,True,0.04667500000000004,True,True,True,3.0,True,36.21,True,1
sol,sol-updown-5m-1777213200,1777213200,1777213303,103,Down,0.08,0.005152000000000001,False,-0.085152,True,True,True,29.0,False,31.76,True,1
xrp,xrp-updown-5m-1777214700,1777214700,1777214812,112,Up,0.06,0.003948,False,-0.063948,True,True,True,2.0,True,99.71,True,1
doge,doge-updown-5m-1777217100,1777217100,1777217311,211,Down,0.05,0.0033250000000000003,False,-0.053325000000000004,True,True,True,19.0,False,28.0,True,1
sol,sol-updown-5m-1777219500,1777219500,1777219612,112,Down,0.54,0.017388,True,0.44261199999999995,True,True,True,1.0,True,31.0,True,1
xrp,xrp-updown-5m-1777229400,1777229400,1777229615,215,Up,0.57,0.017157000000000002,True,0.41284300000000007,True,True,True,1.0,True,5.0,True,1
sol,sol-updown-5m-1777230900,1777230900,1777231009,109,Down,0.09,0.005733,False,-0.095733,True,True,True,37.0,False,63.31,True,1
eth,eth-updown-5m-1777239000,1777239000,1777239134,134,Up,0.05,0.0033250000000000003,False,-0.053325000000000004,True,True,True,1.0,True,131.31,True,1
doge,doge-updown-5m-1777240500,1777240500,1777240603,103,Down,0.05,0.0033250000000000003,False,-0.053325000000000004,True,True,True,56.0,False,54.7,True,1
doge,doge-updown-5m-1777250400,1777250400,1777250535,135,Down,0.05,0.0033250000000000003,False,-0.053325000000000004,True,True,True,19.0,False,3.0,True,1
eth,eth-updown-5m-1777251600,1777251600,1777251764,164,Up,0.94,0.003948000000000004,True,0.056052000000000046,True,True,True,9.0,True,236.19,True,1
sol,sol-updown-5m-1777266900,1777266900,1777266999,99,Up,0.05,0.0033250000000000003,False,-0.053325000000000004,True,True,True,1.0,True,4.31,True,1
btc,btc-updown-5m-1777282200,1777282200,1777282398,198,Up,0.8,0.0112,True,0.18879999999999997,True,True,True,1.0,True,135.57,True,1
doge,doge-updown-5m-1777314300,1777314300,1777314437,137,Up,0.06,0.003948,False,-0.063948,True,True,True,9.0,False,3.0,True,1
xrp,xrp-updown-5m-1777320600,1777320600,1777320764,164,Down,0.95,0.0033250000000000033,True,0.04667500000000004,True,True,True,17.0,True,3.88,True,1
doge,doge-updown-5m-1777329300,1777329300,1777329382,82,Up,0.4,0.016800000000000002,True,0.5831999999999999,True,True,True,12.0,True,772.98,True,1
eth,eth-updown-5m-1777331700,1777331700,1777331809,109,Up,0.89,0.006853,True,0.10314699999999999,True,True,True,1.0,True,6.8,True,2
doge,doge-updown-5m-1777331700,1777331700,1777331814,114,Up,0.95,0.0033250000000000033,True,0.04667500000000004,True,True,True,9.0,True,9.68,True,2
sol,sol-updown-5m-1777337400,1777337400,1777337603,203,Up,0.05,0.0033250000000000003,False,-0.053325000000000004,True,True,True,1.0,True,16.64,True,1
doge,doge-updown-5m-1777339800,1777339800,1777339986,186,Up,0.05,0.0033250000000000003,False,-0.053325000000000004,True,True,True,48.0,False,3.26,True,1
doge,doge-updown-5m-1777340400,1777340400,1777340538,138,Up,0.95,0.0033250000000000033,False,-0.953325,True,True,True,9.0,True,20.0,True,1
sol,sol-updown-5m-1777365600,1777365600,1777365762,162,Down,0.94,0.003948000000000004,True,0.056052000000000046,True,True,True,2.0,True,9.18,True,1
xrp,xrp-updown-5m-1777369800,1777369800,1777369971,171,Up,0.07,0.004557,True,0.9254429999999999,True,True,True,2.0,True,5.0,True,1
btc,btc-updown-5m-1777374000,1777374000,1777374072,72,Down,0.29,0.014413,True,0.695587,True,False,True,4.0,False,5.0,True,1
eth,eth-updown-5m-1777374000,1777374000,1777374092,92,Down,0.4,0.016800000000000002,True,0.5831999999999999,True,False,False,8.0,False,2.0,False,1
doge,doge-updown-5m-1777374000,1777374000,1777374100,100,Down,0.9,0.0063,True,0.09369999999999998,True,False,False,88.0,True,28.9,False,1
sol,sol-updown-5m-1777374000,1777374000,1777374157,157,Down,0.6,0.016800000000000002,True,0.38320000000000004,True,False,False,,,5.0,False,2
xrp,xrp-updown-5m-1777374000,1777374000,1777374162,162,Down,0.89,0.006853,True,0.10314699999999999,True,False,False,,,8.0,False,2
xrp,xrp-updown-5m-1777374300,1777374300,1777374381,81,Up,0.9,0.0063,True,0.09369999999999998,True,False,False,,,10.0,False,3
doge,doge-updown-5m-1777374300,1777374300,1777374383,83,Up,0.95,0.0033250000000000033,True,0.04667500000000004,True,False,False,,,5.0,False,3
btc,btc-updown-5m-1777374300,1777374300,1777374386,86,Up,0.51,0.017493,False,-0.527493,True,False,False,,,32.39,False,3
sol,sol-updown-5m-1777374300,1777374300,1777374422,122,Down,0.93,0.004556999999999997,True,0.06544299999999996,True,False,False,,,5.0,False,2
eth,eth-updown-5m-1777374300,1777374300,1777374425,125,Down,0.5,0.0175,True,0.4825,True,False,False,,,5.0,False,2
eth,eth-updown-5m-1777374600,1777374600,1777374670,70,Down,0.5,0.0175,True,0.4825,True,False,False,,,5.0,False,1
btc,btc-updown-5m-1777374600,1777374600,1777374677,77,Down,0.5,0.0175,True,0.4825,True,False,False,,,128.0,False,2
xrp,xrp-updown-5m-1777374600,1777374600,1777374677,77,Down,0.52,0.017472,True,0.462528,True,False,False,,,15.0,False,2
sol,sol-updown-5m-1777374600,1777374600,1777374683,83,Down,0.93,0.004556999999999997,True,0.06544299999999996,True,False,False,,,5.0,False,1
doge,doge-updown-5m-1777374600,1777374600,1777374791,191,Down,0.95,0.0033250000000000033,True,0.04667500000000004,True,False,False,,,5.0,False,1
eth,eth-updown-5m-1777374900,1777374900,1777374962,62,Down,0.5,0.0175,True,0.4825,True,False,False,,,5.0,False,2
xrp,xrp-updown-5m-1777374900,1777374900,1777374964,64,Down,0.52,0.017472,True,0.462528,True,False,False,,,15.0,False,2
btc,btc-updown-5m-1777374900,1777374900,1777374970,70,Up,0.51,0.017493,False,-0.527493,True,False,False,,,48.03,False,2
doge,doge-updown-5m-1777374900,1777374900,1777374972,72,Up,0.95,0.0033250000000000033,False,-0.953325,True,False,False,,,5.0,False,2
sol,sol-updown-5m-1777374900,1777374900,1777375007,107,Down,0.93,0.004556999999999997,True,0.06544299999999996,True,False,False,,,5.0,False,1
xrp,xrp-updown-5m-1777375200,1777375200,1777375291,91,Up,0.52,0.017472,True,0.462528,True,False,False,,,5.0,False,4
btc,btc-updown-5m-1777375200,1777375200,1777375291,91,Up,0.51,0.017493,True,0.472507,True,False,False,,,50.0,False,4
sol,sol-updown-5m-1777375200,1777375200,1777375293,93,Up,0.93,0.004556999999999997,True,0.06544299999999996,True,False,False,,,5.0,False,4
eth,eth-updown-5m-1777375200,1777375200,1777375293,93,Up,0.52,0.017472,True,0.462528,True,False,False,,,5.0,False,4
doge,doge-updown-5m-1777375500,1777375500,1777375575,75,Down,0.95,0.0033250000000000033,True,0.04667500000000004,True,False,False,,,5.0,False,5
eth,eth-updown-5m-1777375500,1777375500,1777375576,76,Down,0.5,0.0175,True,0.4825,True,False,False,,,5.0,False,5
btc,btc-updown-5m-1777375500,1777375500,1777375577,77,Down,0.5,0.0175,True,0.4825,True,False,False,,,23.0,False,5
sol,sol-updown-5m-1777375500,1777375500,1777375577,77,Down,0.93,0.004556999999999997,True,0.06544299999999996,True,False,False,,,5.0,False,5
xrp,xrp-updown-5m-1777375500,1777375500,1777375579,79,Down,0.52,0.017472,True,0.462528,True,False,False,,,15.0,False,5
doge,doge-updown-5m-1777375800,1777375800,1777375865,65,Up,0.95,0.0033250000000000033,False,-0.953325,True,False,False,,,5.0,False,2
sol,sol-updown-5m-1777375800,1777375800,1777375869,69,Up,0.93,0.004556999999999997,False,-0.9345570000000001,True,False,False,,,5.0,False,5
btc,btc-updown-5m-1777375800,1777375800,1777375872,72,Up,0.51,0.017493,False,-0.527493,True,False,False,,,40.0,False,4
eth,eth-updown-5m-1777375800,1777375800,1777375873,73,Up,0.52,0.017472,False,-0.5374720000000001,True,False,False,,,5.0,False,4
xrp,xrp-updown-5m-1777375800,1777375800,1777375873,73,Up,0.52,0.017472,True,0.462528,True,False,False,,,5.0,False,4
btc,btc-updown-5m-1777376100,1777376100,1777376175,75,Down,0.5,0.0175,True,0.4825,True,False,False,,,25.0,False,5
doge,doge-updown-5m-1777376100,1777376100,1777376176,76,Down,0.95,0.0033250000000000033,True,0.04667500000000004,True,False,False,,,5.0,False,5
eth,eth-updown-5m-1777376100,1777376100,1777376176,76,Down,0.93,0.004556999999999997,True,0.06544299999999996,True,False,False,,,5.0,False,5
sol,sol-updown-5m-1777376100,1777376100,1777376176,76,Down,0.93,0.004556999999999997,True,0.06544299999999996,True,False,False,,,5.0,False,5
xrp,xrp-updown-5m-1777376100,1777376100,1777376177,77,Down,0.52,0.017472,True,0.462528,True,False,False,,,15.0,False,5
xrp,xrp-updown-5m-1777376400,1777376400,1777376460,60,Down,0.52,0.017472,False,-0.5374720000000001,True,False,False,131.0,,15.0,False,2
doge,doge-updown-5m-1777376400,1777376400,1777376461,61,Down,0.62,0.016492,False,-0.636492,True,False,False,,,100.0,False,2
btc,btc-updown-5m-1777376400,1777376400,1777376471,71,Down,0.5,0.0175,False,-0.5175,True,False,False,120.0,True,25.0,False,3
sol,sol-updown-5m-1777376400,1777376400,1777376471,71,Down,0.64,0.016128000000000003,False,-0.656128,True,False,False,119.0,,20.0,False,3
eth,eth-updown-5m-1777376400,1777376400,1777376471,71,Down,0.52,0.017472,False,-0.5374720000000001,True,False,False,211.0,False,15.0,False,3
btc,btc-updown-5m-1777376700,1777376700,1777376797,97,Up,0.35,0.015925,False,-0.365925,True,False,False,84.0,True,5.0,False,1
sol,sol-updown-5m-1777377000,1777377000,1777377064,64,Up,0.53,0.017437,True,0.452563,True,False,False,,,5.0,False,1
btc,btc-updown-5m-1777377000,1777377000,1777377221,221,Up,0.64,0.016128000000000003,True,0.34387199999999996,True,False,False,,,5.0,False,1
btc,btc-updown-5m-1777377300,1777377300,1777377384,84,Down,0.5,0.0175,False,-0.5175,True,False,False,144.0,False,350.0,False,1
eth,eth-updown-5m-1777377600,1777377600,1777377680,80,Down,0.53,0.017437,True,0.452563,True,False,False,202.0,True,5.0,False,1
doge,doge-updown-5m-1777377600,1777377600,1777377687,87,Down,0.53,0.017437,False,-0.5474370000000001,True,False,False,,,5.0,False,1
xrp,xrp-updown-5m-1777378800,1777378800,1777378860,60,Down,0.69,0.014973000000000004,False,-0.704973,True,False,False,201.0,True,16.12,False,2
sol,sol-updown-5m-1777378800,1777378800,1777378860,60,Down,0.84,0.009408000000000003,False,-0.8494079999999999,True,True,True,72.0,True,42.9,True,2
eth,eth-updown-5m-1777378800,1777378800,1777378951,151,Up,0.71,0.014413000000000002,True,0.275587,True,True,True,4.0,False,25.0,True,1
doge,doge-updown-5m-1777383900,1777383900,1777384014,114,Up,0.94,0.003948000000000004,True,0.056052000000000046,True,True,True,4.0,False,8.93,True,1
sol,sol-updown-5m-1777386600,1777386600,1777386788,188,Down,0.08,0.005152000000000001,False,-0.085152,True,True,True,1.0,True,5.0,True,1
xrp,xrp-updown-5m-1777390200,1777390200,1777390375,175,Up,0.05,0.0033250000000000003,False,-0.053325000000000004,True,True,True,7.0,True,5.0,True,1
sol,sol-updown-5m-1777417200,1777417200,1777417363,163,Up,0.09,0.005733,True,0.904267,True,True,True,1.0,True,56.89,True,1
eth,eth-updown-5m-1777426200,1777426200,1777426308,108,Down,0.64,0.016128000000000003,False,-0.656128,True,True,True,1.0,True,1046.94,True,1
xrp,xrp-updown-5m-1777431600,1777431600,1777431755,155,Down,0.06,0.003948,True,0.936052,True,True,True,2.0,True,5.0,True,1
eth,eth-updown-5m-1777441500,1777441500,1777441652,152,Down,0.05,0.0033250000000000003,False,-0.053325000000000004,True,True,True,6.0,True,10.0,True,1
sol,sol-updown-5m-1777441500,1777441500,1777441701,201,Down,0.05,0.0033250000000000003,False,-0.053325000000000004,True,True,True,5.0,True,22.92,True,1
xrp,xrp-updown-5m-1777470600,1777470600,1777470815,215,Up,0.94,0.003948000000000004,True,0.056052000000000046,True,False,False,,,81.26,False,2
eth,eth-updown-5m-1777470600,1777470600,1777470815,215,Up,0.92,0.005151999999999999,True,0.07484799999999996,True,False,False,,,441.37,False,2
btc,btc-updown-5m-1777488300,1777488300,1777488389,89,Down,0.23,0.012397000000000004,False,-0.242397,True,True,True,1.0,True,214.5,True,1
xrp,xrp-updown-5m-1777491000,1777491000,1777491093,93,Down,0.95,0.0033250000000000033,True,0.04667500000000004,True,True,True,1.0,True,191.72,True,1
sol,sol-updown-5m-1777492800,1777492800,1777492976,176,Up,0.95,0.0033250000000000033,True,0.04667500000000004,True,True,True,7.0,True,4.15,True,1
eth,eth-updown-5m-1777496700,1777496700,1777496786,86,Down,0.48,0.017472,True,0.502528,True,True,True,1.0,True,41.38,True,1
btc,btc-updown-5m-1777500600,1777500600,1777500680,80,Up,0.51,0.017493,True,0.472507,True,False,False,36.0,False,107.76,False,1
xrp,xrp-updown-5m-1777516200,1777516200,1777516275,75,Up,0.06,0.003948,False,-0.063948,True,True,True,15.0,False,85.97,True,2
doge,doge-updown-5m-1777516200,1777516200,1777516276,76,Up,0.06,0.003948,False,-0.063948,True,True,True,11.0,False,25.0,True,2
sol,sol-updown-5m-1777516200,1777516200,1777516288,88,Down,0.95,0.0033250000000000033,True,0.04667500000000004,True,True,True,5.0,True,1286.02,True,1
sol,sol-updown-5m-1777523400,1777523400,1777523522,122,Up,0.05,0.0033250000000000003,False,-0.053325000000000004,True,True,True,10.0,False,12.0,True,1
sol,sol-updown-5m-1777547100,1777547100,1777547242,142,Up,0.25,0.013125000000000001,True,0.736875,True,False,True,1.0,True,12.0,True,1
btc,btc-updown-5m-1777548900,1777548900,1777549005,105,Up,0.53,0.017437,False,-0.5474370000000001,True,True,True,5.0,True,84.51,True,1
doge,doge-updown-5m-1777579200,1777579200,1777579306,106,Down,0.95,0.0033250000000000033,True,0.04667500000000004,True,True,True,1.0,True,5.0,True,1
doge,doge-updown-5m-1777588500,1777588500,1777588645,145,Up,0.06,0.003948,False,-0.063948,True,True,True,10.0,False,76.0,True,1
sol,sol-updown-5m-1777616400,1777616400,1777616633,233,Down,0.9,0.0063,True,0.09369999999999998,True,True,True,5.0,True,88.93,True,1
eth,eth-updown-5m-1777618200,1777618200,1777618309,109,Up,0.09,0.005733,False,-0.095733,True,True,True,2.0,True,21.89,True,1
btc,btc-updown-5m-1777618500,1777618500,1777618684,184,Down,0.09,0.005733,False,-0.095733,True,True,True,1.0,True,191.31,True,1
xrp,xrp-updown-5m-1777639500,1777639500,1777639565,65,Up,0.43,0.017157000000000002,False,-0.44715699999999997,True,True,True,1.0,True,37.0,True,1
xrp,xrp-updown-5m-1777642500,1777642500,1777642578,78,Down,0.5,0.0175,True,0.4825,True,True,True,1.0,True,10.0,True,1
btc,btc-updown-5m-1777659600,1777659600,1777659758,158,Up,0.7,0.014700000000000003,False,-0.7147,True,True,True,1.0,True,33.09,True,1
sol,sol-updown-5m-1777664100,1777664100,1777664194,94,Down,0.5,0.0175,True,0.4825,True,False,False,,,20.0,False,3
xrp,xrp-updown-5m-1777664100,1777664100,1777664194,94,Down,0.5,0.0175,True,0.4825,True,False,False,,,20.0,False,3
btc,btc-updown-5m-1777664100,1777664100,1777664194,94,Down,0.48,0.017472,True,0.502528,True,False,False,,,92.0,False,3
doge,doge-updown-5m-1777664100,1777664100,1777664274,174,Up,0.52,0.017472,True,0.462528,True,False,False,,,5.0,False,1
xrp,xrp-updown-5m-1777664400,1777664400,1777664505,105,Up,0.52,0.017472,False,-0.5374720000000001,True,False,False,,,14.27,False,2
doge,doge-updown-5m-1777664400,1777664400,1777664506,106,Up,0.53,0.017437,False,-0.5474370000000001,True,False,False,,,81.0,False,2
sol,sol-updown-5m-1777664700,1777664700,1777664897,197,Down,0.51,0.017493,True,0.472507,True,False,False,,,10.0,False,1
eth,eth-updown-5m-1777664700,1777664700,1777664919,219,Up,0.51,0.017493,True,0.472507,True,False,False,,,20.0,False,1
doge,doge-updown-5m-1777665000,1777665000,1777665060,60,Up,0.51,0.017493,True,0.472507,True,False,False,,,10.0,False,1
xrp,xrp-updown-5m-1777665000,1777665000,1777665167,167,Down,0.51,0.017493,False,-0.527493,True,False,False,,,22.0,False,4
btc,btc-updown-5m-1777665000,1777665000,1777665168,168,Down,0.5,0.0175,False,-0.5175,True,False,False,,,304.18,False,4
sol,sol-updown-5m-1777665000,1777665000,1777665168,168,Down,0.51,0.017493,False,-0.527493,True,False,False,,,15.0,False,4
eth,eth-updown-5m-1777665000,1777665000,1777665169,169,Down,0.51,0.017493,True,0.472507,True,False,False,,,20.0,False,4
sol,sol-updown-5m-1777665300,1777665300,1777665360,60,Up,0.51,0.017493,True,0.472507,True,False,False,,,10.0,False,2
eth,eth-updown-5m-1777665300,1777665300,1777665360,60,Up,0.51,0.017493,False,-0.527493,True,False,False,,,75.0,False,2
xrp,xrp-updown-5m-1777665300,1777665300,1777665395,95,Down,0.51,0.017493,False,-0.527493,True,False,False,,,22.0,False,1
btc,btc-updown-5m-1777665300,1777665300,1777665412,112,Up,0.51,0.017493,False,-0.527493,True,False,False,,,331.57,False,1
doge,doge-updown-5m-1777665300,1777665300,1777665471,171,Up,0.51,0.017493,False,-0.527493,True,False,False,,,10.0,False,1
doge,doge-updown-5m-1777665600,1777665600,1777665673,73,Down,0.51,0.017493,False,-0.527493,True,False,False,,,5.0,False,1
xrp,xrp-updown-5m-1777665600,1777665600,1777665738,138,Down,0.51,0.017493,True,0.472507,True,False,False,,,22.0,False,2
sol,sol-updown-5m-1777665600,1777665600,1777665741,141,Down,0.51,0.017493,True,0.472507,True,False,False,,,15.0,False,2
xrp,xrp-updown-5m-1777665900,1777665900,1777665964,64,Down,0.51,0.017493,True,0.472507,True,False,False,58.0,True,5.0,False,1
xrp,xrp-updown-5m-1777666800,1777666800,1777666884,84,Down,0.5,0.0175,True,0.4825,True,False,False,,,64.0,False,5
sol,sol-updown-5m-1777666800,1777666800,1777666884,84,Down,0.51,0.017493,True,0.472507,True,False,False,,,10.0,False,5
eth,eth-updown-5m-1777666800,1777666800,1777666884,84,Down,0.43,0.017157000000000002,True,0.5528430000000001,True,False,False,,,55.5,False,5
doge,doge-updown-5m-1777666800,1777666800,1777666884,84,Down,0.51,0.017493,True,0.472507,True,False,False,,,10.0,False,5
btc,btc-updown-5m-1777666800,1777666800,1777666884,84,Down,0.45,0.017325000000000007,True,0.532675,True,False,False,,,246.99,False,5
sol,sol-updown-5m-1777667100,1777667100,1777667262,162,Up,0.53,0.017437,True,0.452563,True,False,False,9.0,True,91.0,False,2
xrp,xrp-updown-5m-1777667100,1777667100,1777667262,162,Up,0.52,0.017472,True,0.462528,True,False,False,9.0,True,13.0,False,2
doge,doge-updown-5m-1777667700,1777667700,1777667792,92,Up,0.81,0.010772999999999998,False,-0.8207730000000001,True,False,False,114.0,False,58.4,False,1
eth,eth-updown-5m-1777668900,1777668900,1777669021,121,Down,0.2,0.011200000000000002,False,-0.2112,True,True,True,1.0,True,310.78,True,1
sol,sol-updown-5m-1777676400,1777676400,1777676501,101,Down,0.83,0.009877000000000004,True,0.16012300000000004,True,True,True,20.0,True,68.31,True,1
sol,sol-updown-5m-1777677300,1777677300,1777677411,111,Up,0.78,0.012012,False,-0.792012,True,True,True,4.0,True,7.28,True,1
eth,eth-updown-5m-1777679700,1777679700,1777679762,62,Up,0.79,0.011613,True,0.19838699999999995,True,True,True,3.0,True,170.6,True,1
btc,btc-updown-5m-1777681800,1777681800,1777682016,216,Down,0.25,0.013125000000000001,False,-0.263125,True,True,True,2.0,False,1329.73,True,1
eth,eth-updown-5m-1777683000,1777683000,1777683149,149,Down,0.05,0.0033250000000000003,False,-0.053325000000000004,True,True,True,2.0,True,93.42,True,1
xrp,xrp-updown-5m-1777694700,1777694700,1777694863,163,Down,0.95,0.0033250000000000033,True,0.04667500000000004,True,True,True,1.0,True,79.83,True,1
sol,sol-updown-5m-1777708800,1777708800,1777708880,80,Down,0.93,0.004556999999999997,True,0.06544299999999996,True,True,True,3.0,True,17.89,True,1
xrp,xrp-updown-5m-1777708800,1777708800,1777708932,132,Up,0.06,0.003948,False,-0.063948,True,True,True,1.0,True,68.74,True,1
sol,sol-updown-5m-1777709100,1777709100,1777709174,74,Down,0.54,0.017388,True,0.44261199999999995,True,True,True,1.0,True,1.37,True,1
sol,sol-updown-5m-1777713900,1777713900,1777714059,159,Down,0.75,0.013125000000000001,True,0.236875,True,True,True,26.0,True,3.0,True,1
sol,sol-updown-5m-1777714500,1777714500,1777714645,145,Up,0.91,0.0057329999999999985,True,0.08426699999999997,True,True,True,9.0,True,3.74,True,1
eth,eth-updown-5m-1777716600,1777716600,1777716807,207,Up,0.87,0.007917,True,0.122083,True,True,True,4.0,True,43.0,True,1
sol,sol-updown-5m-1777720200,1777720200,1777720376,176,Down,0.92,0.005151999999999999,True,0.07484799999999996,True,True,True,40.0,True,5.65,True,1
btc,btc-updown-5m-1777723200,1777723200,1777723302,102,Down,0.52,0.017472,True,0.462528,True,True,True,1.0,True,147.93,True,1
btc,btc-updown-5m-1777725300,1777725300,1777725439,139,Down,0.62,0.016492,True,0.363508,True,True,True,1.0,True,13.4,True,1
btc,btc-updown-5m-1777726500,1777726500,1777726617,117,Up,0.7,0.014700000000000003,True,0.28530000000000005,True,True,True,1.0,True,40.3,True,1
eth,eth-updown-5m-1777727400,1777727400,1777727495,95,Up,0.9,0.0063,True,0.09369999999999998,True,True,True,1.0,True,202.45,True,1
sol,sol-updown-5m-1777740300,1777740300,1777740363,63,Up,0.51,0.017493,True,0.472507,True,True,True,1.0,True,32.12,True,1
btc,btc-updown-5m-1777750800,1777750800,1777751010,210,Down,0.06,0.003948,False,-0.063948,True,True,True,1.0,True,10.0,True,1
btc,btc-updown-5m-1777753800,1777753800,1777753938,138,Up,0.78,0.012012,True,0.20798799999999998,True,True,True,3.0,True,794.72,True,1
eth,eth-updown-5m-1777756500,1777756500,1777756700,200,Up,0.94,0.003948000000000004,True,0.056052000000000046,True,True,True,1.0,True,9.2,True,1
doge,doge-updown-5m-1777757700,1777757700,1777757809,109,Up,0.05,0.0033250000000000003,True,0.9466749999999999,True,True,True,19.0,True,18.16,True,1
doge,doge-updown-5m-1777787100,1777787100,1777787225,125,Down,0.09,0.005733,False,-0.095733,True,True,True,2.0,True,14.9,True,1
sol,sol-updown-5m-1777792800,1777792800,1777792975,175,Up,0.94,0.003948000000000004,True,0.056052000000000046,True,True,True,4.0,True,2.82,True,1
doge,doge-updown-5m-1777801800,1777801800,1777802031,231,Down,0.09,0.005733,False,-0.095733,True,True,True,1.0,True,15.9,True,1
btc,btc-updown-5m-1777804800,1777804800,1777804966,166,Up,0.53,0.017437,False,-0.5474370000000001,True,True,True,2.0,True,169.29,True,1
btc,btc-updown-5m-1777805100,1777805100,1777805163,63,Down,0.49,0.017493,True,0.49250700000000003,True,True,True,4.0,True,1187.48,True,1
sol,sol-updown-5m-1777832700,1777832700,1777832907,207,Up,0.95,0.0033250000000000033,True,0.04667500000000004,True,True,True,3.0,True,15.0,True,1
btc,btc-updown-5m-1777833600,1777833600,1777833813,213,Up,0.48,0.017472,False,-0.49747199999999997,True,True,True,2.0,True,540.95,True,1
xrp,xrp-updown-5m-1777836600,1777836600,1777836747,147,Up,0.88,0.007392000000000001,True,0.112608,True,True,True,3.0,True,26.79,True,1
xrp,xrp-updown-5m-1777838700,1777838700,1777838798,98,Up,0.58,0.017052000000000005,True,0.40294800000000003,True,False,True,1.0,True,47.62,True,1
doge,doge-updown-5m-1777840500,1777840500,1777840615,115,Down,0.05,0.0033250000000000003,False,-0.053325000000000004,True,True,True,13.0,False,85.96,True,1
doge,doge-updown-5m-1777843800,1777843800,1777843893,93,Up,0.47,0.017437,True,0.512563,True,True,True,1.0,True,3.89,True,1
doge,doge-updown-5m-1777852800,1777852800,1777852893,93,Up,0.12,0.007392000000000001,False,-0.127392,True,True,True,21.0,True,28.1,True,1
doge,doge-updown-5m-1777858200,1777858200,1777858274,74,Down,0.05,0.0033250000000000003,False,-0.053325000000000004,True,True,True,11.0,False,19.94,True,1
doge,doge-updown-5m-1777858500,1777858500,1777858643,143,Up,0.06,0.003948,False,-0.063948,True,True,True,3.0,True,55.93,True,1
doge,doge-updown-5m-1777901100,1777901100,1777901225,125,Up,0.53,0.017437,True,0.452563,True,False,False,43.0,True,44.8,False,1
doge,doge-updown-5m-1777917000,1777917000,1777917115,115,Down,0.05,0.0033250000000000003,False,-0.053325000000000004,True,True,True,1.0,True,2.0,True,1
doge,doge-updown-5m-1777946400,1777946400,1777946539,139,Down,0.1,0.006300000000000001,False,-0.1063,True,True,True,14.0,False,0.09,True,1
sol,sol-updown-5m-1777950600,1777950600,1777950794,194,Up,0.94,0.003948000000000004,True,0.056052000000000046,True,True,True,1.0,True,67.59,True,1
eth,eth-updown-5m-1777958700,1777958700,1777958813,113,Up,0.1,0.006300000000000001,True,0.8937,True,True,True,1.0,True,15.0,True,1
eth,eth-updown-5m-1777967100,1777967100,1777967215,115,Down,0.95,0.0033250000000000033,True,0.04667500000000004,True,True,True,1.0,True,88.28,True,1
btc,btc-updown-5m-1777975200,1777975200,1777975396,196,Up,0.08,0.005152000000000001,True,0.914848,True,True,True,2.0,True,899.87,True,1
btc,btc-updown-5m-1778010000,1778010000,1778010196,196,Up,0.9,0.0063,True,0.09369999999999998,True,True,True,1.0,True,230.3,True,1
eth,eth-updown-5m-1778052000,1778052000,1778052190,190,Down,0.05,0.0033250000000000003,False,-0.053325000000000004,True,True,True,1.0,True,4.45,True,1
eth,eth-updown-5m-1778057700,1778057700,1778057810,110,Down,0.17,0.009877000000000002,False,-0.179877,True,True,True,1.0,True,87.35,True,1
doge,doge-updown-5m-1778059200,1778059200,1778059284,84,Down,0.19,0.010773000000000001,False,-0.200773,True,True,True,1.0,True,2.01,True,1
doge,doge-updown-5m-1778072400,1778072400,1778072462,62,Down,0.95,0.0033250000000000033,True,0.04667500000000004,True,True,True,1.0,True,11.5,True,1
btc,btc-updown-5m-1778083500,1778083500,1778083653,153,Up,0.57,0.017157000000000002,True,0.41284300000000007,True,True,True,1.0,True,40.0,True,1
xrp,xrp-updown-5m-1778094300,1778094300,1778094487,187,Down,0.35,0.015925,False,-0.365925,True,True,True,2.0,True,33.6,True,1
sol,sol-updown-5m-1778094600,1778094600,1778094728,128,Down,0.68,0.015232,True,0.30476799999999993,True,True,True,29.0,True,440.13,True,1
btc,btc-updown-5m-1778099100,1778099100,1778099275,175,Down,0.17,0.009877000000000002,True,0.8201229999999999,True,True,True,2.0,True,3.75,True,1
xrp,xrp-updown-5m-1778099400,1778099400,1778099548,148,Down,0.91,0.0057329999999999985,True,0.08426699999999997,True,True,True,3.0,True,31.33,True,1
btc,btc-updown-5m-1778100000,1778100000,1778100105,105,Down,0.47,0.017437,True,0.512563,True,True,True,8.0,True,156.34,True,1
btc,btc-updown-5m-1778100300,1778100300,1778100471,171,Down,0.65,0.015925,True,0.33407499999999996,True,True,True,4.0,False,400.02,True,1
eth,eth-updown-5m-1778101500,1778101500,1778101586,86,Up,0.28,0.014112000000000001,True,0.705888,True,True,True,2.0,True,16.0,True,2
btc,btc-updown-5m-1778101500,1778101500,1778101589,89,Up,0.49,0.017493,True,0.49250700000000003,True,True,True,15.0,True,108.01,True,2
sol,sol-updown-5m-1778101800,1778101800,1778101954,154,Down,0.92,0.005151999999999999,True,0.07484799999999996,True,True,True,,,13.0,True,4
btc,btc-updown-5m-1778101800,1778101800,1778101956,156,Down,0.94,0.003948000000000004,True,0.056052000000000046,True,True,True,,,25.75,True,4
xrp,xrp-updown-5m-1778101800,1778101800,1778101957,157,Down,0.82,0.010332000000000003,True,0.16966800000000004,True,False,True,,,6.0,True,4
doge,doge-updown-5m-1778101800,1778101800,1778101959,159,Down,0.77,0.012397,True,0.217603,True,False,False,,,15.0,False,4
btc,btc-updown-5m-1778102100,1778102100,1778102204,104,Up,0.51,0.017493,True,0.472507,True,False,False,,,433.39,False,1
doge,doge-updown-5m-1778102100,1778102100,1778102274,174,Down,0.53,0.017437,False,-0.5474370000000001,True,False,False,,,111.38,False,1
doge,doge-updown-5m-1778102400,1778102400,1778102572,172,Down,0.53,0.017437,False,-0.5474370000000001,True,False,False,,,176.38,False,2
xrp,xrp-updown-5m-1778102400,1778102400,1778102574,174,Down,0.51,0.017493,False,-0.527493,True,False,False,,,13.0,False,2
sol,sol-updown-5m-1778102700,1778102700,1778102794,94,Down,0.5,0.0175,False,-0.5175,True,False,False,,,5.0,False,1
xrp,xrp-updown-5m-1778102700,1778102700,1778102883,183,Down,0.51,0.017493,False,-0.527493,True,False,False,,,18.0,False,2
doge,doge-updown-5m-1778102700,1778102700,1778102884,184,Down,0.51,0.017493,True,0.472507,True,False,False,,,5.0,False,2
sol,sol-updown-5m-1778103000,1778103000,1778103060,60,Down,0.5,0.0175,False,-0.5175,True,False,False,19.0,False,5.0,False,3
doge,doge-updown-5m-1778103000,1778103000,1778103061,61,Down,0.51,0.017493,False,-0.527493,True,False,False,18.0,,10.0,False,3
xrp,xrp-updown-5m-1778103000,1778103000,1778103063,63,Down,0.51,0.017493,True,0.472507,True,False,False,38.0,,23.0,False,3
eth,eth-updown-5m-1778103000,1778103000,1778103094,94,Up,0.52,0.017472,True,0.462528,True,False,False,8.0,False,25.0,False,1
xrp,xrp-updown-5m-1778118600,1778118600,1778118691,91,Down,0.72,0.014112000000000001,True,0.265888,True,False,False,31.0,True,20.0,False,1
btc,btc-updown-5m-1778119800,1778119800,1778119960,160,Up,0.19,0.010773000000000001,False,-0.200773,True,True,True,1.0,True,47.23,True,1
xrp,xrp-updown-5m-1778130300,1778130300,1778130451,151,Down,0.6,0.016800000000000002,False,-0.6168,True,True,True,29.0,True,744.84,True,1
xrp,xrp-updown-5m-1778144700,1778144700,1778144882,182,Up,0.5,0.0175,True,0.4825,True,True,True,2.0,True,14.72,True,1
btc,btc-updown-5m-1778157600,1778157600,1778157824,224,Up,0.22,0.012012000000000002,True,0.767988,True,True,True,1.0,True,5.0,True,1
btc,btc-updown-5m-1778167800,1778167800,1778168013,213,Up,0.92,0.005151999999999999,True,0.07484799999999996,True,True,True,2.0,True,763.3,True,1
sol,sol-updown-5m-1778171400,1778171400,1778171627,227,Down,0.61,0.016653,True,0.373347,True,True,True,1.0,True,135.0,True,2
xrp,xrp-updown-5m-1778171400,1778171400,1778171627,227,Down,0.78,0.012012,True,0.20798799999999998,True,True,True,1.0,True,30.0,True,2
sol,sol-updown-5m-1778217600,1778217600,1778217802,202,Down,0.77,0.012397,False,-0.782397,True,True,True,4.0,True,9.86,True,1
eth,eth-updown-5m-1778223900,1778223900,1778223983,83,Down,0.79,0.011613,True,0.19838699999999995,True,True,True,3.0,True,178.1,True,1
eth,eth-updown-5m-1778226000,1778226000,1778226182,182,Down,0.06,0.003948,False,-0.063948,True,True,True,33.0,False,82.47,True,1
btc,btc-updown-5m-1778233800,1778233800,1778233992,192,Down,0.25,0.013125000000000001,False,-0.263125,True,True,True,4.0,True,1140.36,True,1
btc,btc-updown-5m-1778241900,1778241900,1778242052,152,Down,0.73,0.013797000000000002,True,0.256203,True,True,True,4.0,True,21.0,True,1
eth,eth-updown-5m-1778249700,1778249700,1778249893,193,Up,0.88,0.007392000000000001,True,0.112608,True,True,True,7.0,True,34.72,True,1
btc,btc-updown-5m-1778282400,1778282400,1778282486,86,Down,0.35,0.015925,True,0.634075,True,True,True,7.0,True,6586.71,True,1
doge,doge-updown-5m-1778288400,1778288400,1778288473,73,Down,0.4,0.016800000000000002,False,-0.4168,True,True,True,1.0,True,10.0,True,1
btc,btc-updown-5m-1778288700,1778288700,1778288804,104,Up,0.52,0.017472,True,0.462528,True,True,True,1.0,True,2.38,True,1
btc,btc-updown-5m-1778308500,1778308500,1778308599,99,Down,0.69,0.014973000000000004,True,0.29502700000000004,True,True,True,1.0,True,5.0,True,1
btc,btc-updown-5m-1778313000,1778313000,1778313089,89,Down,0.36,0.016128,False,-0.37612799999999996,True,True,True,2.0,True,213.8,True,1
btc,btc-updown-5m-1778318400,1778318400,1778318602,202,Up,0.95,0.0033250000000000033,True,0.04667500000000004,True,True,True,5.0,True,1693.94,True,1
btc,btc-updown-5m-1778318700,1778318700,1778318823,123,Down,0.92,0.005151999999999999,True,0.07484799999999996,True,True,True,13.0,True,866.12,True,1
xrp,xrp-updown-5m-1778331300,1778331300,1778331492,192,Up,0.49,0.017493,False,-0.507493,True,True,True,2.0,True,261.1,True,1
eth,eth-updown-5m-1778331600,1778331600,1778331810,210,Down,0.45,0.017325000000000007,True,0.532675,True,True,True,1.0,True,24.74,True,1
btc,btc-updown-5m-1778340900,1778340900,1778341024,124,Up,0.8,0.0112,True,0.18879999999999997,True,True,True,1.0,True,334.85,True,1
sol,sol-updown-5m-1778348700,1778348700,1778348894,194,Down,0.94,0.003948000000000004,True,0.056052000000000046,True,True,True,13.0,True,179.17,True,1
xrp,xrp-updown-5m-1778354100,1778354100,1778354276,176,Down,0.93,0.004556999999999997,True,0.06544299999999996,True,True,True,7.0,False,106.4,True,1
xrp,xrp-updown-5m-1778358300,1778358300,1778358430,130,Down,0.35,0.015925,False,-0.365925,True,True,True,1.0,True,5.0,True,1
sol,sol-updown-5m-1778362800,1778362800,1778362904,104,Up,0.93,0.004556999999999997,True,0.06544299999999996,True,True,True,31.0,True,192.75,True,1
btc,btc-updown-5m-1778363100,1778363100,1778363316,216,Down,0.5,0.0175,False,-0.5175,True,True,True,,,245.33,True,1
doge,doge-updown-5m-1778363400,1778363400,1778363540,140,Up,0.51,0.017493,True,0.472507,True,False,False,145.0,True,6.0,False,1
eth,eth-updown-5m-1778365800,1778365800,1778365864,64,Up,0.05,0.0033250000000000003,True,0.9466749999999999,True,True,True,1.0,True,37.4,True,1
sol,sol-updown-5m-1778372400,1778372400,1778372551,151,Up,0.95,0.0033250000000000033,True,0.04667500000000004,True,True,True,3.0,True,3.75,True,1
doge,doge-updown-5m-1778389800,1778389800,1778390040,240,Down,0.9,0.0063,True,0.09369999999999998,True,True,True,2.0,True,17.37,True,1
eth,eth-updown-5m-1778392200,1778392200,1778392330,130,Up,0.08,0.005152000000000001,False,-0.085152,True,True,True,1.0,True,5.0,True,1
sol,sol-updown-5m-1778394300,1778394300,1778394420,120,Down,0.92,0.005151999999999999,True,0.07484799999999996,True,True,True,3.0,True,10.0,True,1
xrp,xrp-updown-5m-1778412000,1778412000,1778412141,141,Up,0.05,0.0033250000000000003,False,-0.053325000000000004,True,True,True,1.0,True,5.0,True,1
btc,btc-updown-5m-1778415900,1778415900,1778415960,60,Down,0.5,0.0175,False,-0.5175,True,True,True,17.0,True,5644.74,True,1
btc,btc-updown-5m-1778424300,1778424300,1778424453,153,Up,0.06,0.003948,False,-0.063948,True,True,True,3.0,True,642.63,True,1
eth,eth-updown-5m-1778426700,1778426700,1778426795,95,Down,0.2,0.011200000000000002,False,-0.2112,True,True,True,1.0,True,1.0,True,1
xrp,xrp-updown-5m-1778444100,1778444100,1778444209,109,Up,0.06,0.003948,False,-0.063948,True,True,True,30.0,False,25.0,True,1
doge,doge-updown-5m-1778445000,1778445000,1778445133,133,Up,0.06,0.003948,False,-0.063948,True,True,True,10.0,False,34.86,True,1
btc,btc-updown-5m-1778479500,1778479500,1778479691,191,Up,0.41,0.016933000000000004,True,0.5730670000000001,True,True,True,3.0,True,71.38,True,1
btc,btc-updown-5m-1778487000,1778487000,1778487073,73,Up,0.55,0.017325,True,0.432675,True,True,True,6.0,True,4636.72,True,1
xrp,xrp-updown-5m-1778506500,1778506500,1778506691,191,Up,0.05,0.0033250000000000003,False,-0.053325000000000004,True,True,True,1.0,True,2.91,True,1
doge,doge-updown-5m-1778509800,1778509800,1778509901,101,Down,0.11,0.0068530000000000015,True,0.883147,True,True,True,1.0,True,5.0,True,1
xrp,xrp-updown-5m-1778528400,1778528400,1778528564,164,Up,0.74,0.013468000000000003,True,0.246532,True,True,True,1.0,True,0.51,True,1
btc,btc-updown-5m-1778540400,1778540400,1778540471,71,Down,0.66,0.015708,True,0.32429199999999997,True,True,True,2.0,True,135.22,True,1
eth,eth-updown-5m-1778567400,1778567400,1778567595,195,Down,0.95,0.0033250000000000033,True,0.04667500000000004,True,True,True,1.0,True,23.19,True,1
btc,btc-updown-5m-1778568600,1778568600,1778568668,68,Down,0.6,0.016800000000000002,True,0.38320000000000004,True,True,True,2.0,True,2032.45,True,1
doge,doge-updown-5m-1778578200,1778578200,1778578261,61,Up,0.95,0.0033250000000000033,True,0.04667500000000004,True,True,True,1.0,True,5.0,True,1
doge,doge-updown-5m-1778583900,1778583900,1778583960,60,Up,0.05,0.0033250000000000003,False,-0.053325000000000004,True,True,True,2.0,True,8.0,True,1
btc,btc-updown-5m-1778588400,1778588400,1778588481,81,Up,0.28,0.014112000000000001,False,-0.29411200000000004,True,True,True,1.0,True,20.0,True,1
btc,btc-updown-5m-1778590800,1778590800,1778591009,209,Down,0.09,0.005733,False,-0.095733,True,True,True,1.0,True,68.66,True,1
btc,btc-updown-5m-1778591700,1778591700,1778591801,101,Up,0.5,0.0175,False,-0.5175,True,False,False,,,191.24,False,2
sol,sol-updown-5m-1778591700,1778591700,1778591803,103,Up,0.5,0.0175,False,-0.5175,True,False,False,173.0,True,10.0,False,2
xrp,xrp-updown-5m-1778591700,1778591700,1778591876,176,Down,0.52,0.017472,True,0.462528,True,False,False,,,15.0,False,1
doge,doge-updown-5m-1778591700,1778591700,1778591886,186,Up,0.53,0.017437,True,0.452563,True,False,False,,,70.0,False,1
sol,sol-updown-5m-1778592000,1778592000,1778592062,62,Up,0.51,0.017493,True,0.472507,True,False,False,47.0,True,10.0,False,5
doge,doge-updown-5m-1778592000,1778592000,1778592062,62,Up,0.53,0.017437,True,0.452563,True,False,False,47.0,True,60.0,False,5
btc,btc-updown-5m-1778592000,1778592000,1778592066,66,Up,0.51,0.017493,False,-0.527493,True,False,False,55.0,False,71.99,False,5
xrp,xrp-updown-5m-1778592000,1778592000,1778592066,66,Up,0.53,0.017437,True,0.452563,True,False,False,43.0,True,5.0,False,5
eth,eth-updown-5m-1778592000,1778592000,1778592066,66,Up,0.5,0.0175,True,0.4825,True,False,False,43.0,True,6.86,False,5
xrp,xrp-updown-5m-1778593800,1778593800,1778593995,195,Up,0.3,0.0147,False,-0.3147,True,False,False,,,80.0,False,5
sol,sol-updown-5m-1778593800,1778593800,1778593995,195,Up,0.23,0.012397000000000004,False,-0.242397,True,False,False,,,18.06,False,5
btc,btc-updown-5m-1778593800,1778593800,1778593995,195,Up,0.15,0.008925,False,-0.15892499999999998,True,False,False,,,1096.01,False,5
doge,doge-updown-5m-1778593800,1778593800,1778593995,195,Up,0.5,0.0175,False,-0.5175,True,False,False,,,5.2,False,5
eth,eth-updown-5m-1778593800,1778593800,1778593996,196,Up,0.21,0.011613000000000002,False,-0.221613,True,False,False,,,21.8,False,5
doge,doge-updown-5m-1778594100,1778594100,1778594228,128,Up,0.05,0.0033250000000000003,False,-0.053325000000000004,True,True,True,6.0,False,17.4,True,1
btc,btc-updown-5m-1778625600,1778625600,1778625726,126,Down,0.54,0.017388,True,0.44261199999999995,True,True,True,2.0,True,18.84,True,1
btc,btc-updown-5m-1778628600,1778628600,1778628745,145,Down,0.67,0.015477,True,0.31452299999999994,True,True,True,1.0,True,28.15,True,1
btc,btc-updown-5m-1778629500,1778629500,1778629657,157,Up,0.06,0.003948,False,-0.063948,True,True,True,3.0,True,131.5,True,1
eth,eth-updown-5m-1778633700,1778633700,1778633904,204,Down,0.07,0.004557,True,0.9254429999999999,True,True,True,1.0,True,9.0,True,1
doge,doge-updown-5m-1778634600,1778634600,1778634703,103,Down,0.05,0.0033250000000000003,False,-0.053325000000000004,True,True,True,3.0,True,8.0,True,1
btc,btc-updown-5m-1778652900,1778652900,1778653060,160,Down,0.45,0.017325000000000007,False,-0.467325,True,True,True,2.0,True,83.58,True,1
btc,btc-updown-5m-1778653800,1778653800,1778653864,64,Up,0.31,0.014972999999999998,False,-0.324973,True,True,True,3.0,True,363.82,True,1
eth,eth-updown-5m-1778657100,1778657100,1778657192,92,Up,0.82,0.010332000000000003,True,0.16966800000000004,True,True,True,1.0,True,70.0,True,1
btc,btc-updown-5m-1778658600,1778658600,1778658664,64,Down,0.54,0.017388,False,-0.557388,True,True,True,2.0,True,75.01,True,1
sol,sol-updown-5m-1778664600,1778664600,1778664744,144,Up,0.94,0.003948000000000004,True,0.056052000000000046,True,True,True,9.0,True,59.6,True,1
doge,doge-updown-5m-1778667600,1778667600,1778667707,107,Up,0.88,0.007392000000000001,True,0.112608,True,True,True,1.0,True,1.58,True,1
btc,btc-updown-5m-1778671500,1778671500,1778671637,137,Down,0.61,0.016653,True,0.373347,True,True,True,2.0,True,21.83,True,1
doge,doge-updown-5m-1778674800,1778674800,1778674911,111,Up,0.05,0.0033250000000000003,False,-0.053325000000000004,True,True,True,17.0,False,8.0,True,1
doge,doge-updown-5m-1778675400,1778675400,1778675514,114,Up,0.11,0.0068530000000000015,False,-0.116853,True,True,True,1.0,True,10.0,True,1
doge,doge-updown-5m-1778680800,1778680800,1778680884,84,Up,0.12,0.007392000000000001,True,0.872608,True,True,True,1.0,True,139.0,True,1
eth,eth-updown-5m-1778708700,1778708700,1778708784,84,Up,0.08,0.005152000000000001,True,0.914848,True,True,True,1.0,True,12.76,True,1
eth,eth-updown-5m-1778710800,1778710800,1778710957,157,Down,0.32,0.015232,False,-0.33523200000000003,True,True,True,1.0,True,27.93,True,1
eth,eth-updown-5m-1778713500,1778713500,1778713643,143,Down,0.13,0.007917,False,-0.137917,True,True,True,1.0,True,77.0,True,1
btc,btc-updown-5m-1778714100,1778714100,1778714224,124,Up,0.43,0.017157000000000002,False,-0.44715699999999997,True,True,True,3.0,True,174.42,True,1
eth,eth-updown-5m-1778714700,1778714700,1778714818,118,Down,0.06,0.003948,True,0.936052,True,True,True,1.0,True,53.78,True,1
btc,btc-updown-5m-1778715300,1778715300,1778715526,226,Down,0.51,0.017493,True,0.472507,True,True,True,4.0,True,65.19,True,1
btc,btc-updown-5m-1778735100,1778735100,1778735244,144,Up,0.35,0.015925,True,0.634075,True,True,True,1.0,True,20.0,True,1
doge,doge-updown-5m-1778745600,1778745600,1778745756,156,Up,0.05,0.0033250000000000003,False,-0.053325000000000004,True,True,True,27.0,True,59.0,True,1
sol,sol-updown-5m-1778766600,1778766600,1778766799,199,Up,0.06,0.003948,False,-0.063948,True,True,True,1.0,False,177.88,True,1
sol,sol-updown-5m-1778789700,1778789700,1778789803,103,Down,0.09,0.005733,True,0.904267,True,True,True,1.0,True,38.76,True,1
doge,doge-updown-5m-1778805600,1778805600,1778805742,142,Up,0.05,0.0033250000000000003,False,-0.053325000000000004,True,True,True,20.0,False,15.4,True,1
doge,doge-updown-5m-1778805900,1778805900,1778806095,195,Down,0.05,0.0033250000000000003,False,-0.053325000000000004,True,True,True,12.0,False,8.0,True,1
doge,doge-updown-5m-1778808600,1778808600,1778808743,143,Up,0.09,0.005733,True,0.904267,True,True,True,2.0,True,5.0,True,1
doge,doge-updown-5m-1778813400,1778813400,1778813519,119,Down,0.05,0.0033250000000000003,False,-0.053325000000000004,True,True,True,26.0,True,8.0,True,1
doge,doge-updown-5m-1778823900,1778823900,1778824070,170,Up,0.05,0.0033250000000000003,False,-0.053325000000000004,True,True,True,1.0,True,8.0,True,1
doge,doge-updown-5m-1778834400,1778834400,1778834529,129,Up,0.9,0.0063,True,0.09369999999999998,True,True,True,1.0,True,5.0,True,1
btc,btc-updown-5m-1778839800,1778839800,1778839930,130,Down,0.23,0.012397000000000004,False,-0.242397,True,True,True,1.0,True,191.46,True,1
eth,eth-updown-5m-1778847300,1778847300,1778847533,233,Up,0.92,0.005151999999999999,True,0.07484799999999996,True,True,True,,,60.95,True,1
eth,eth-updown-5m-1778847600,1778847600,1778847664,64,Up,0.53,0.017437,True,0.452563,True,False,False,,,110.0,False,1
xrp,xrp-updown-5m-1778847600,1778847600,1778847692,92,Down,0.51,0.017493,False,-0.527493,True,False,False,186.0,True,10.0,False,3
sol,sol-updown-5m-1778847600,1778847600,1778847692,92,Down,0.49,0.017493,True,0.49250700000000003,True,False,False,186.0,True,7.95,False,3
btc,btc-updown-5m-1778847600,1778847600,1778847693,93,Down,0.49,0.017493,True,0.49250700000000003,True,False,False,,,208.2,False,3
doge,doge-updown-5m-1778847600,1778847600,1778847767,167,Up,0.53,0.017437,False,-0.5474370000000001,True,False,False,111.0,,8.51,False,1
xrp,xrp-updown-5m-1778847900,1778847900,1778848028,128,Down,0.52,0.017472,False,-0.5374720000000001,True,False,True,149.0,False,15.0,True,2
eth,eth-updown-5m-1778847900,1778847900,1778848031,131,Down,0.5,0.0175,False,-0.5175,True,False,False,112.0,False,5.0,False,2
doge,doge-updown-5m-1778851800,1778851800,1778851888,88,Up,0.11,0.0068530000000000015,False,-0.116853,True,True,True,2.0,False,10.09,True,1
doge,doge-updown-5m-1778853000,1778853000,1778853086,86,Down,0.94,0.003948000000000004,True,0.056052000000000046,True,True,True,1.0,True,443.96,True,1
doge,doge-updown-5m-1778862000,1778862000,1778862115,115,Down,0.05,0.0033250000000000003,False,-0.053325000000000004,True,True,True,4.0,True,8.0,True,1
doge,doge-updown-5m-1778862600,1778862600,1778862709,109,Down,0.49,0.017493,False,-0.507493,True,False,False,23.0,True,50.0,False,1
sol,sol-updown-5m-1778862600,1778862600,1778862821,221,Down,0.33,0.015477,False,-0.34547700000000003,True,False,False,21.0,True,16.13,False,1
doge,doge-updown-5m-1778863200,1778863200,1778863318,118,Down,0.53,0.017437,True,0.452563,True,False,False,,,90.0,False,1
doge,doge-updown-5m-1778863500,1778863500,1778863570,70,Down,0.53,0.017437,True,0.452563,True,False,False,29.0,True,90.0,False,3
eth,eth-updown-5m-1778863500,1778863500,1778863570,70,Down,0.5,0.0175,True,0.4825,True,False,False,29.0,True,5.0,False,3
xrp,xrp-updown-5m-1778863500,1778863500,1778863571,71,Down,0.52,0.017472,False,-0.5374720000000001,True,False,False,28.0,True,15.0,False,3
btc,btc-updown-5m-1778863500,1778863500,1778863597,97,Down,0.49,0.017493,True,0.49250700000000003,True,False,False,2.0,True,1343.08,False,1
doge,doge-updown-5m-1778868000,1778868000,1778868061,61,Up,0.91,0.0057329999999999985,True,0.08426699999999997,True,True,True,1.0,True,13.9,True,1
doge,doge-updown-5m-1778870700,1778870700,1778870851,151,Up,0.05,0.0033250000000000003,False,-0.053325000000000004,True,True,True,2.0,True,8.0,True,1
doge,doge-updown-5m-1778873400,1778873400,1778873512,112,Down,0.05,0.0033250000000000003,False,-0.053325000000000004,True,True,True,3.0,True,8.0,True,1
doge,doge-updown-5m-1778875500,1778875500,1778875587,87,Up,0.08,0.005152000000000001,False,-0.085152,True,True,True,1.0,True,20.0,True,1
eth,eth-updown-5m-1778888400,1778888400,1778888464,64,Up,0.32,0.015232,True,0.6647679999999999,True,True,True,1.0,True,24.37,True,1
btc,btc-updown-5m-1778892900,1778892900,1778893097,197,Down,0.56,0.017248,False,-0.5772480000000001,True,True,True,5.0,True,143.19,True,1
eth,eth-updown-5m-1778893500,1778893500,1778893683,183,Up,0.8,0.0112,True,0.18879999999999997,True,True,True,1.0,True,259.74,True,1
btc,btc-updown-5m-1778894700,1778894700,1778894859,159,Down,0.54,0.017388,True,0.44261199999999995,True,True,True,1.0,True,254.09,True,1
eth,eth-updown-5m-1778899800,1778899800,1778899892,92,Down,0.22,0.012012000000000002,False,-0.232012,True,True,True,1.0,True,113.15,True,1
btc,btc-updown-5m-1778903700,1778903700,1778903846,146,Down,0.13,0.007917,True,0.862083,True,True,True,1.0,True,305.1,True,1
sol,sol-updown-5m-1778905800,1778905800,1778905982,182,Down,0.92,0.005151999999999999,True,0.07484799999999996,True,True,True,1.0,True,231.57,True,1
btc,btc-updown-5m-1778907600,1778907600,1778907690,90,Down,0.8,0.0112,True,0.18879999999999997,True,True,True,1.0,True,180.58,True,1
doge,doge-updown-5m-1778928000,1778928000,1778928185,185,Up,0.47,0.017437,False,-0.48743699999999995,True,True,True,1.0,True,40.0,True,1
xrp,xrp-updown-5m-1778929200,1778929200,1778929345,145,Down,0.09,0.005733,False,-0.095733,True,True,True,1.0,True,9.7,True,1
xrp,xrp-updown-5m-1778933700,1778933700,1778933790,90,Up,0.17,0.009877000000000002,False,-0.179877,True,True,True,1.0,True,7.0,True,1
btc,btc-updown-5m-1778936400,1778936400,1778936590,190,Up,0.07,0.004557,False,-0.07455700000000001,True,True,True,1.0,True,5.37,True,1
eth,eth-updown-5m-1778936700,1778936700,1778936771,71,Down,0.55,0.017325,True,0.432675,True,True,True,1.0,True,5.0,True,1
doge,doge-updown-5m-1778937600,1778937600,1778937765,165,Down,0.94,0.003948000000000004,True,0.056052000000000046,True,True,True,1.0,True,23.63,True,1
btc,btc-updown-5m-1778955900,1778955900,1778956020,120,Up,0.45,0.017325000000000007,True,0.532675,True,True,True,3.0,True,58.04,True,1
btc,btc-updown-5m-1778956800,1778956800,1778956971,171,Up,0.67,0.015477,True,0.31452299999999994,True,True,True,2.0,True,65.81,True,1
doge,doge-updown-5m-1778957400,1778957400,1778957528,128,Up,0.92,0.005151999999999999,True,0.07484799999999996,True,True,True,1.0,True,3.9,True,1
xrp,xrp-updown-5m-1778968800,1778968800,1778968865,65,Down,0.34,0.015708000000000003,True,0.6442919999999999,True,True,True,1.0,True,5.0,True,1
eth,eth-updown-5m-1778969100,1778969100,1778969223,123,Down,0.29,0.014413,True,0.695587,True,True,True,1.0,True,17.57,True,1
btc,btc-updown-5m-1778971500,1778971500,1778971652,152,Up,0.15,0.008925,False,-0.15892499999999998,True,True,True,1.0,True,140.64,True,1
btc,btc-updown-5m-1778974800,1778974800,1778974866,66,Down,0.63,0.016317,True,0.35368299999999997,True,True,True,3.0,True,13.48,True,1
doge,doge-updown-5m-1778975100,1778975100,1778975279,179,Down,0.05,0.0033250000000000003,False,-0.053325000000000004,True,True,True,52.0,False,27.4,True,1
eth,eth-updown-5m-1778976000,1778976000,1778976062,62,Up,0.92,0.005151999999999999,True,0.07484799999999996,True,True,True,2.0,True,24.99,True,1
eth,eth-updown-5m-1778978400,1778978400,1778978582,182,Down,0.93,0.004556999999999997,True,0.06544299999999996,True,True,True,1.0,True,20.2,True,1
eth,eth-updown-5m-1778979000,1778979000,1778979063,63,Up,0.69,0.014973000000000004,True,0.29502700000000004,True,True,True,1.0,True,13.24,True,1
xrp,xrp-updown-5m-1778980800,1778980800,1778980956,156,Down,0.11,0.0068530000000000015,False,-0.116853,True,True,True,1.0,True,5.9,True,1
btc,btc-updown-5m-1778992500,1778992500,1778992646,146,Up,0.95,0.0033250000000000033,True,0.04667500000000004,True,True,True,1.0,True,64.58,True,1
btc,btc-updown-5m-1778993400,1778993400,1778993571,171,Down,0.18,0.010332000000000001,False,-0.190332,True,True,True,1.0,True,173.72,True,1
sol,sol-updown-5m-1779000000,1779000000,1779000147,147,Down,0.95,0.0033250000000000033,True,0.04667500000000004,True,True,True,1.0,True,2.0,True,1
btc,btc-updown-5m-1779000600,1779000600,1779000667,67,Up,0.72,0.014112000000000001,True,0.265888,True,True,True,1.0,True,28.0,True,1
btc,btc-updown-5m-1779001200,1779001200,1779001421,221,Up,0.19,0.010773000000000001,False,-0.200773,True,True,True,3.0,True,1152.65,True,1
btc,btc-updown-5m-1779004800,1779004800,1779004860,60,Down,0.64,0.016128000000000003,True,0.34387199999999996,True,True,True,2.0,True,42.26,True,1
btc,btc-updown-5m-1779006300,1779006300,1779006405,105,Down,0.58,0.017052000000000005,True,0.40294800000000003,True,True,True,2.0,True,118.68,True,2
eth,eth-updown-5m-1779006300,1779006300,1779006405,105,Down,0.46,0.017388000000000004,False,-0.47738800000000003,True,True,True,1.0,True,3.87,True,2
btc,btc-updown-5m-1779011400,1779011400,1779011541,141,Up,0.85,0.008925000000000002,True,0.141075,True,True,True,3.0,True,1459.07,True,1
doge,doge-updown-5m-1779021300,1779021300,1779021414,114,Up,0.92,0.005151999999999999,True,0.07484799999999996,True,True,True,45.0,True,20.0,True,1
btc,btc-updown-5m-1779025200,1779025200,1779025355,155,Down,0.91,0.0057329999999999985,True,0.08426699999999997,True,True,True,2.0,True,60.02,True,1
doge,doge-updown-5m-1779030900,1779030900,1779031005,105,Up,0.05,0.0033250000000000003,False,-0.053325000000000004,True,True,True,18.0,False,42.27,True,1
eth,eth-updown-5m-1779032400,1779032400,1779032555,155,Down,0.31,0.014972999999999998,False,-0.324973,True,True,True,1.0,True,15.0,True,1
btc,btc-updown-5m-1779035700,1779035700,1779035792,92,Up,0.47,0.017437,True,0.512563,True,True,True,1.0,True,65.02,True,1
eth,eth-updown-5m-1779039300,1779039300,1779039509,209,Up,0.08,0.005152000000000001,True,0.914848,True,True,True,1.0,True,4.28,True,1
xrp,xrp-updown-5m-1779042000,1779042000,1779042081,81,Down,0.47,0.017437,False,-0.48743699999999995,True,True,True,1.0,True,9.54,True,1
btc,btc-updown-5m-1779044100,1779044100,1779044257,157,Up,0.79,0.011613,True,0.19838699999999995,True,True,True,1.0,False,978.81,True,1
xrp,xrp-updown-5m-1779046800,1779046800,1779046913,113,Down,0.08,0.005152000000000001,False,-0.085152,True,True,True,1.0,False,23.75,True,1
sol,sol-updown-5m-1779047700,1779047700,1779047787,87,Down,0.68,0.015232,True,0.30476799999999993,True,True,True,1.0,True,17.03,True,1
doge,doge-updown-5m-1779054000,1779054000,1779054232,232,Up,0.88,0.007392000000000001,True,0.112608,True,True,True,1.0,,29.99,True,1
doge,doge-updown-5m-1779057900,1779057900,1779058033,133,Down,0.86,0.008428000000000001,True,0.13157200000000002,True,True,True,1.0,True,15.0,True,1
eth,eth-updown-5m-1779058200,1779058200,1779058280,80,Down,0.85,0.008925000000000002,True,0.141075,True,True,True,1.0,True,20.0,True,1
doge,doge-updown-5m-1779058200,1779058200,1779058298,98,Up,0.05,0.0033250000000000003,False,-0.053325000000000004,True,True,True,6.0,True,19.61,True,1
sol,sol-updown-5m-1779058200,1779058200,1779058347,147,Down,0.95,0.0033250000000000033,True,0.04667500000000004,True,True,True,1.0,True,31.4,True,1
doge,doge-updown-5m-1779059700,1779059700,1779059778,78,Down,0.95,0.0033250000000000033,True,0.04667500000000004,True,True,True,2.0,True,27.4,True,1
doge,doge-updown-5m-1779072300,1779072300,1779072448,148,Up,0.31,0.014972999999999998,False,-0.324973,True,True,True,1.0,True,5.88,True,1
doge,doge-updown-5m-1779076200,1779076200,1779076351,151,Up,0.05,0.0033250000000000003,False,-0.053325000000000004,True,True,True,12.0,True,8.0,True,1
doge,doge-updown-5m-1779082800,1779082800,1779082957,157,Down,0.92,0.005151999999999999,True,0.07484799999999996,True,True,True,6.0,True,0.9,True,1
