market_id,start_ts,t,day,side,z5,lag,won,price,fee,size,filled,pnl,reason,coin,run
btc-updown-5m-1790835900,1790835900.0,1790835966.0,2026-10-01,Up,2.8607340450164385,0.3,1.0,0.6,0.016800000000000002,766.67,True,0.38320000000000004,filled,btc,36807987110
btc-updown-5m-1790835900,1790835900.0,1790835966.0,2026-10-01,Up,2.8607340450164385,0.35,1.0,0.6,0.016800000000000002,766.67,True,0.38320000000000004,filled,btc,36807987110
btc-updown-5m-1790835900,1790835900.0,1790835966.0,2026-10-01,Up,2.8607340450164385,0.4,1.0,0.6,0.016800000000000002,761.67,True,0.38320000000000004,filled,btc,36807987110
btc-updown-5m-1790835900,1790835900.0,1790835966.0,2026-10-01,Up,2.8607340450164385,0.5,1.0,0.6,0.016800000000000002,776.67,True,0.38320000000000004,filled,btc,36807987110
btc-updown-5m-1790836200,1790836200.0,1790836297.0,2026-10-01,Down,3.246221069002372,0.3,1.0,0.86,0.008428000000000001,45.0,True,0.13157200000000002,filled,btc,36807987110
btc-updown-5m-1790836200,1790836200.0,1790836297.0,2026-10-01,Down,3.246221069002372,0.35,1.0,0.86,0.008428000000000001,15.0,True,0.13157200000000002,filled,btc,36807987110
btc-updown-5m-1790836200,1790836200.0,1790836297.0,2026-10-01,Down,3.246221069002372,0.4,1.0,0.86,0.008428000000000001,2.0,False,,depth,btc,36807987110
btc-updown-5m-1790836200,1790836200.0,1790836297.0,2026-10-01,Down,3.246221069002372,0.5,1.0,0.87,0.007917,196.99,True,0.122083,filled,btc,36807987110
btc-updown-5m-1790836500,1790836500.0,1790836565.0,2026-10-01,Down,2.782923097083089,0.3,1.0,0.47,0.017437,175.0,True,0.512563,filled,btc,36807987110
btc-updown-5m-1790836500,1790836500.0,1790836565.0,2026-10-01,Down,2.782923097083089,0.35,1.0,0.47,0.017437,528.99,True,0.512563,filled,btc,36807987110
btc-updown-5m-1790836500,1790836500.0,1790836565.0,2026-10-01,Down,2.782923097083089,0.4,1.0,0.47,0.017437,1498.76,True,0.512563,filled,btc,36807987110
btc-updown-5m-1790836500,1790836500.0,1790836565.0,2026-10-01,Down,2.782923097083089,0.5,1.0,0.47,0.017437,1142.77,True,0.512563,filled,btc,36807987110
btc-updown-5m-1790836800,1790836800.0,1790837016.0,2026-10-01,Up,2.669218904232552,0.3,0.0,0.34,0.015708000000000003,104.55,True,-0.355708,filled,btc,36807987110
btc-updown-5m-1790836800,1790836800.0,1790837016.0,2026-10-01,Up,2.669218904232552,0.35,0.0,0.36,0.016128,130.0,True,-0.37612799999999996,filled,btc,36807987110
btc-updown-5m-1790836800,1790836800.0,1790837016.0,2026-10-01,Up,2.669218904232552,0.4,0.0,0.36,0.016128,160.0,True,-0.37612799999999996,filled,btc,36807987110
btc-updown-5m-1790836800,1790836800.0,1790837016.0,2026-10-01,Up,2.669218904232552,0.5,0.0,0.36,0.016128,336.14,True,-0.37612799999999996,filled,btc,36807987110
btc-updown-5m-1790837100,1790837100.0,1790837173.0,2026-10-01,Up,2.6360797447918456,0.3,0.0,0.67,0.015477,447.4,True,-0.685477,filled,btc,36807987110
btc-updown-5m-1790837100,1790837100.0,1790837173.0,2026-10-01,Up,2.6360797447918456,0.35,0.0,0.67,0.015477,536.77,True,-0.685477,filled,btc,36807987110
btc-updown-5m-1790837100,1790837100.0,1790837173.0,2026-10-01,Up,2.6360797447918456,0.4,0.0,0.67,0.015477,739.21,True,-0.685477,filled,btc,36807987110
btc-updown-5m-1790837100,1790837100.0,1790837173.0,2026-10-01,Up,2.6360797447918456,0.5,0.0,0.67,0.015477,1737.86,True,-0.685477,filled,btc,36807987110
btc-updown-5m-1790837400,1790837400.0,1790837483.0,2026-10-01,Up,4.648244255102628,0.3,1.0,0.65,0.015925,417.85,True,0.33407499999999996,filled,btc,36807987110
btc-updown-5m-1790837400,1790837400.0,1790837483.0,2026-10-01,Up,4.648244255102628,0.35,1.0,0.65,0.015925,412.85,True,0.33407499999999996,filled,btc,36807987110
btc-updown-5m-1790837400,1790837400.0,1790837483.0,2026-10-01,Up,4.648244255102628,0.4,1.0,0.65,0.015925,427.85,True,0.33407499999999996,filled,btc,36807987110
btc-updown-5m-1790837400,1790837400.0,1790837483.0,2026-10-01,Up,4.648244255102628,0.5,1.0,0.65,0.015925,415.51,True,0.33407499999999996,filled,btc,36807987110
btc-updown-5m-1790837700,1790837700.0,1790837823.0,2026-10-01,Down,3.9969623719574954,0.3,1.0,0.9,0.0063,13.76,True,0.09369999999999998,filled,btc,36807987110
btc-updown-5m-1790837700,1790837700.0,1790837823.0,2026-10-01,Down,3.9969623719574954,0.35,1.0,0.92,0.005151999999999999,149.62,True,0.07484799999999996,filled,btc,36807987110
btc-updown-5m-1790837700,1790837700.0,1790837823.0,2026-10-01,Down,3.9969623719574954,0.4,1.0,0.92,0.005151999999999999,377.62,True,0.07484799999999996,filled,btc,36807987110
btc-updown-5m-1790837700,1790837700.0,1790837823.0,2026-10-01,Down,3.9969623719574954,0.5,1.0,0.92,0.005151999999999999,552.11,True,0.07484799999999996,filled,btc,36807987110
btc-updown-5m-1790838000,1790838000.0,1790838087.0,2026-10-01,Down,3.435842854965815,0.3,1.0,0.8,0.0112,42.5,True,0.18879999999999997,filled,btc,36807987110
btc-updown-5m-1790838000,1790838000.0,1790838087.0,2026-10-01,Down,3.435842854965815,0.35,1.0,0.8,0.0112,4.35,False,,depth,btc,36807987110
btc-updown-5m-1790838000,1790838000.0,1790838087.0,2026-10-01,Down,3.435842854965815,0.4,1.0,0.81,0.010772999999999998,18.83,True,0.17922699999999994,filled,btc,36807987110
btc-updown-5m-1790838000,1790838000.0,1790838087.0,2026-10-01,Down,3.435842854965815,0.5,1.0,0.8200000000000001,0.010331999999999997,28.52,True,0.16966799999999993,filled,btc,36807987110
btc-updown-5m-1790838300,1790838300.0,1790838367.0,2026-10-01,Down,2.602469340652171,0.3,0.0,0.25,0.013125000000000001,101.0,True,-0.263125,filled,btc,36807987110
btc-updown-5m-1790838300,1790838300.0,1790838367.0,2026-10-01,Down,2.602469340652171,0.35,0.0,0.25,0.013125000000000001,225.2,True,-0.263125,filled,btc,36807987110
btc-updown-5m-1790838300,1790838300.0,1790838367.0,2026-10-01,Down,2.602469340652171,0.4,0.0,0.25,0.013125000000000001,635.76,True,-0.263125,filled,btc,36807987110
btc-updown-5m-1790838300,1790838300.0,1790838367.0,2026-10-01,Down,2.602469340652171,0.5,0.0,0.25,0.013125000000000001,584.47,True,-0.263125,filled,btc,36807987110
btc-updown-5m-1790838600,1790838600.0,1790838697.0,2026-10-01,Down,3.1659276518471593,0.3,1.0,0.79,0.011613,85.48,True,0.19838699999999995,filled,btc,36807987110
btc-updown-5m-1790838600,1790838600.0,1790838697.0,2026-10-01,Down,3.1659276518471593,0.35,1.0,0.79,0.011613,84.21,True,0.19838699999999995,filled,btc,36807987110
btc-updown-5m-1790838600,1790838600.0,1790838697.0,2026-10-01,Down,3.1659276518471593,0.4,1.0,0.79,0.011613,155.95,True,0.19838699999999995,filled,btc,36807987110
btc-updown-5m-1790838600,1790838600.0,1790838697.0,2026-10-01,Down,3.1659276518471593,0.5,1.0,0.79,0.011613,513.16,True,0.19838699999999995,filled,btc,36807987110
btc-updown-5m-1790838900,1790838900.0,1790838969.0,2026-10-01,Up,4.1958695224021465,0.3,0.0,0.77,0.012397,2408.98,True,-0.782397,filled,btc,36807987110
btc-updown-5m-1790838900,1790838900.0,1790838969.0,2026-10-01,Up,4.1958695224021465,0.35,0.0,0.77,0.012397,2502.98,True,-0.782397,filled,btc,36807987110
btc-updown-5m-1790838900,1790838900.0,1790838969.0,2026-10-01,Up,4.1958695224021465,0.4,0.0,0.76,0.012768,808.18,True,-0.772768,filled,btc,36807987110
btc-updown-5m-1790838900,1790838900.0,1790838969.0,2026-10-01,Up,4.1958695224021465,0.5,0.0,0.76,0.012768,999.85,True,-0.772768,filled,btc,36807987110
btc-updown-5m-1790839200,1790839200.0,1790839260.0,2026-10-01,Down,2.7606609047225485,0.3,1.0,0.97,0.002037000000000002,1347.69,True,0.027963000000000026,filled,btc,36807987110
btc-updown-5m-1790839200,1790839200.0,1790839260.0,2026-10-01,Down,2.7606609047225485,0.35,1.0,0.97,0.002037000000000002,1182.69,True,0.027963000000000026,filled,btc,36807987110
btc-updown-5m-1790839200,1790839200.0,1790839260.0,2026-10-01,Down,2.7606609047225485,0.4,1.0,0.97,0.002037000000000002,1197.69,True,0.027963000000000026,filled,btc,36807987110
btc-updown-5m-1790839200,1790839200.0,1790839260.0,2026-10-01,Down,2.7606609047225485,0.5,1.0,0.97,0.002037000000000002,1277.69,True,0.027963000000000026,filled,btc,36807987110
btc-updown-5m-1790843100,1790843100.0,1790843220.0,2026-10-01,Up,3.20349078739266,0.3,1.0,0.86,0.008428000000000001,292.84,True,0.13157200000000002,filled,btc,36835222993
btc-updown-5m-1790843100,1790843100.0,1790843220.0,2026-10-01,Up,3.20349078739266,0.35,1.0,0.86,0.008428000000000001,510.19,True,0.13157200000000002,filled,btc,36835222993
btc-updown-5m-1790843100,1790843100.0,1790843220.0,2026-10-01,Up,3.20349078739266,0.4,1.0,0.86,0.008428000000000001,560.19,True,0.13157200000000002,filled,btc,36835222993
btc-updown-5m-1790843100,1790843100.0,1790843220.0,2026-10-01,Up,3.20349078739266,0.5,1.0,0.86,0.008428000000000001,165.97,True,0.13157200000000002,filled,btc,36835222993
btc-updown-5m-1790843400,1790843400.0,1790843460.0,2026-10-01,Up,3.850382112591054,0.3,0.0,0.26,0.013468,107.06,True,-0.273468,filled,btc,36835222993
btc-updown-5m-1790843400,1790843400.0,1790843460.0,2026-10-01,Up,3.850382112591054,0.35,0.0,0.26,0.013468,93.66,True,-0.273468,filled,btc,36835222993
btc-updown-5m-1790843400,1790843400.0,1790843460.0,2026-10-01,Up,3.850382112591054,0.4,0.0,0.26,0.013468,93.66,True,-0.273468,filled,btc,36835222993
btc-updown-5m-1790843400,1790843400.0,1790843460.0,2026-10-01,Up,3.850382112591054,0.5,0.0,0.26,0.013468,276.78,True,-0.273468,filled,btc,36835222993
btc-updown-5m-1790843700,1790843700.0,1790843761.0,2026-10-01,Up,3.0494710748571086,0.3,1.0,0.8,0.0112,5.18,True,0.18879999999999997,filled,btc,36835222993
btc-updown-5m-1790843700,1790843700.0,1790843761.0,2026-10-01,Up,3.0494710748571086,0.35,1.0,0.8,0.0112,5.18,True,0.18879999999999997,filled,btc,36835222993
btc-updown-5m-1790843700,1790843700.0,1790843761.0,2026-10-01,Up,3.0494710748571086,0.4,1.0,0.81,0.010772999999999998,25.64,True,0.17922699999999994,filled,btc,36835222993
btc-updown-5m-1790843700,1790843700.0,1790843761.0,2026-10-01,Up,3.0494710748571086,0.5,1.0,0.81,0.010772999999999998,93.14,True,0.17922699999999994,filled,btc,36835222993
btc-updown-5m-1790844300,1790844300.0,1790844430.0,2026-10-01,Up,3.18627042710498,0.3,0.0,0.5,0.0175,509.6,True,-0.5175,filled,btc,36835222993
btc-updown-5m-1790844300,1790844300.0,1790844430.0,2026-10-01,Up,3.18627042710498,0.35,0.0,0.5,0.0175,513.83,True,-0.5175,filled,btc,36835222993
btc-updown-5m-1790844300,1790844300.0,1790844430.0,2026-10-01,Up,3.18627042710498,0.4,0.0,0.5,0.0175,538.83,True,-0.5175,filled,btc,36835222993
btc-updown-5m-1790844300,1790844300.0,1790844430.0,2026-10-01,Up,3.18627042710498,0.5,0.0,0.5,0.0175,626.71,True,-0.5175,filled,btc,36835222993
btc-updown-5m-1790844600,1790844600.0,1790844661.0,2026-10-01,Down,3.077339153201357,0.3,0.0,0.61,0.016653,443.73,True,-0.626653,filled,btc,36835222993
btc-updown-5m-1790844600,1790844600.0,1790844661.0,2026-10-01,Down,3.077339153201357,0.35,0.0,0.61,0.016653,458.32,True,-0.626653,filled,btc,36835222993
btc-updown-5m-1790844600,1790844600.0,1790844661.0,2026-10-01,Down,3.077339153201357,0.4,0.0,0.61,0.016653,503.12,True,-0.626653,filled,btc,36835222993
btc-updown-5m-1790844600,1790844600.0,1790844661.0,2026-10-01,Down,3.077339153201357,0.5,0.0,0.61,0.016653,527.92,True,-0.626653,filled,btc,36835222993
btc-updown-5m-1790844900,1790844900.0,1790845070.0,2026-10-01,Down,2.864888585055265,0.3,0.0,0.13,0.007917,18.0,True,-0.137917,filled,btc,36835222993
btc-updown-5m-1790844900,1790844900.0,1790845070.0,2026-10-01,Down,2.864888585055265,0.35,0.0,0.16000000000000003,0.009408000000000003,13.0,True,-0.16940800000000003,filled,btc,36835222993
btc-updown-5m-1790844900,1790844900.0,1790845070.0,2026-10-01,Down,2.864888585055265,0.4,0.0,0.17000000000000004,0.009877000000000004,61.69,True,-0.17987700000000004,filled,btc,36835222993
btc-updown-5m-1790844900,1790844900.0,1790845070.0,2026-10-01,Down,2.864888585055265,0.5,0.0,0.16000000000000003,0.009408000000000003,608.5,True,-0.16940800000000003,filled,btc,36835222993
btc-updown-5m-1790845200,1790845200.0,1790845332.0,2026-10-01,Up,3.7295314960384114,0.3,1.0,0.69,0.014973000000000004,89.0,True,0.29502700000000004,filled,btc,36835222993
btc-updown-5m-1790845200,1790845200.0,1790845332.0,2026-10-01,Up,3.7295314960384114,0.35,1.0,0.69,0.014973000000000004,89.0,True,0.29502700000000004,filled,btc,36835222993
btc-updown-5m-1790845200,1790845200.0,1790845332.0,2026-10-01,Up,3.7295314960384114,0.4,1.0,0.69,0.014973000000000004,269.24,True,0.29502700000000004,filled,btc,36835222993
btc-updown-5m-1790845200,1790845200.0,1790845332.0,2026-10-01,Up,3.7295314960384114,0.5,1.0,0.69,0.014973000000000004,609.2,True,0.29502700000000004,filled,btc,36835222993
btc-updown-5m-1790845500,1790845500.0,1790845601.0,2026-10-01,Up,3.31388864162297,0.3,1.0,0.77,0.012397,978.93,True,0.217603,filled,btc,36835222993
btc-updown-5m-1790845500,1790845500.0,1790845601.0,2026-10-01,Up,3.31388864162297,0.35,1.0,0.77,0.012397,957.34,True,0.217603,filled,btc,36835222993
btc-updown-5m-1790845500,1790845500.0,1790845601.0,2026-10-01,Up,3.31388864162297,0.4,1.0,0.77,0.012397,908.64,True,0.217603,filled,btc,36835222993
btc-updown-5m-1790845500,1790845500.0,1790845601.0,2026-10-01,Up,3.31388864162297,0.5,1.0,0.77,0.012397,1242.17,True,0.217603,filled,btc,36835222993
btc-updown-5m-1790845800,1790845800.0,1790845860.0,2026-10-01,Up,4.0517326424696725,0.3,1.0,0.91,0.0057329999999999985,304.84,True,0.08426699999999997,filled,btc,36835222993
btc-updown-5m-1790845800,1790845800.0,1790845860.0,2026-10-01,Up,4.0517326424696725,0.35,1.0,0.91,0.0057329999999999985,304.84,True,0.08426699999999997,filled,btc,36835222993
btc-updown-5m-1790845800,1790845800.0,1790845860.0,2026-10-01,Up,4.0517326424696725,0.4,1.0,0.91,0.0057329999999999985,294.84,True,0.08426699999999997,filled,btc,36835222993
btc-updown-5m-1790845800,1790845800.0,1790845860.0,2026-10-01,Up,4.0517326424696725,0.5,1.0,0.91,0.0057329999999999985,254.14,True,0.08426699999999997,filled,btc,36835222993
btc-updown-5m-1790846400,1790846400.0,1790846501.0,2026-10-01,Up,9.341139732782919,0.3,1.0,0.8,0.0112,155.0,True,0.18879999999999997,filled,btc,36835222993
btc-updown-5m-1790846400,1790846400.0,1790846501.0,2026-10-01,Up,9.341139732782919,0.35,1.0,0.8,0.0112,172.03,True,0.18879999999999997,filled,btc,36835222993
btc-updown-5m-1790846400,1790846400.0,1790846501.0,2026-10-01,Up,9.341139732782919,0.4,1.0,0.8,0.0112,170.03,True,0.18879999999999997,filled,btc,36835222993
btc-updown-5m-1790846400,1790846400.0,1790846501.0,2026-10-01,Up,9.341139732782919,0.5,1.0,0.8,0.0112,244.11,True,0.18879999999999997,filled,btc,36835222993
btc-updown-5m-1790846700,1790846700.0,1790846876.0,2026-10-01,Down,2.763419158607636,0.3,0.0,0.85,0.008925000000000002,128.54,True,-0.8589249999999999,filled,btc,36835222993
btc-updown-5m-1790846700,1790846700.0,1790846876.0,2026-10-01,Down,2.763419158607636,0.35,0.0,0.85,0.008925000000000002,125.24,True,-0.8589249999999999,filled,btc,36835222993
btc-updown-5m-1790846700,1790846700.0,1790846876.0,2026-10-01,Down,2.763419158607636,0.4,0.0,0.85,0.008925000000000002,45.34,True,-0.8589249999999999,filled,btc,36835222993
btc-updown-5m-1790846700,1790846700.0,1790846876.0,2026-10-01,Down,2.763419158607636,0.5,0.0,0.85,0.008925000000000002,20.0,True,-0.8589249999999999,filled,btc,36835222993
btc-updown-5m-1790847000,1790847000.0,1790847128.0,2026-10-01,Up,4.178229943205072,0.3,1.0,0.95,0.0033250000000000033,283.2,True,0.04667500000000004,filled,btc,36835222993
btc-updown-5m-1790847000,1790847000.0,1790847128.0,2026-10-01,Up,4.178229943205072,0.35,1.0,0.95,0.0033250000000000033,293.2,True,0.04667500000000004,filled,btc,36835222993
btc-updown-5m-1790847000,1790847000.0,1790847128.0,2026-10-01,Up,4.178229943205072,0.4,1.0,0.95,0.0033250000000000033,230.04,True,0.04667500000000004,filled,btc,36835222993
btc-updown-5m-1790847000,1790847000.0,1790847128.0,2026-10-01,Up,4.178229943205072,0.5,1.0,0.95,0.0033250000000000033,284.78,True,0.04667500000000004,filled,btc,36835222993
btc-updown-5m-1790847300,1790847300.0,1790847396.0,2026-10-01,Down,2.657888304277055,0.3,1.0,0.62,0.016492,180.44,True,0.363508,filled,btc,36835222993
btc-updown-5m-1790847300,1790847300.0,1790847396.0,2026-10-01,Down,2.657888304277055,0.35,1.0,0.62,0.016492,160.44,True,0.363508,filled,btc,36835222993
btc-updown-5m-1790847300,1790847300.0,1790847396.0,2026-10-01,Down,2.657888304277055,0.4,1.0,0.62,0.016492,160.44,True,0.363508,filled,btc,36835222993
btc-updown-5m-1790847300,1790847300.0,1790847396.0,2026-10-01,Down,2.657888304277055,0.5,1.0,0.62,0.016492,157.06,True,0.363508,filled,btc,36835222993
btc-updown-5m-1790847600,1790847600.0,1790847781.0,2026-10-01,Up,3.2889558605761677,0.3,1.0,0.97,0.002037000000000002,899.07,True,0.027963000000000026,filled,btc,36835222993
btc-updown-5m-1790847600,1790847600.0,1790847781.0,2026-10-01,Up,3.2889558605761677,0.35,1.0,0.97,0.002037000000000002,904.07,True,0.027963000000000026,filled,btc,36835222993
btc-updown-5m-1790847600,1790847600.0,1790847781.0,2026-10-01,Up,3.2889558605761677,0.4,1.0,0.97,0.002037000000000002,904.07,True,0.027963000000000026,filled,btc,36835222993
btc-updown-5m-1790847600,1790847600.0,1790847781.0,2026-10-01,Up,3.2889558605761677,0.5,1.0,0.97,0.002037000000000002,808.76,True,0.027963000000000026,filled,btc,36835222993
btc-updown-5m-1790847900,1790847900.0,1790847963.0,2026-10-01,Up,3.4057183916230596,0.3,0.0,0.38,0.016492,113.33,True,-0.396492,filled,btc,36835222993
btc-updown-5m-1790847900,1790847900.0,1790847963.0,2026-10-01,Up,3.4057183916230596,0.35,0.0,0.38,0.016492,80.0,True,-0.396492,filled,btc,36835222993
btc-updown-5m-1790847900,1790847900.0,1790847963.0,2026-10-01,Up,3.4057183916230596,0.4,0.0,0.38,0.016492,79.6,True,-0.396492,filled,btc,36835222993
btc-updown-5m-1790847900,1790847900.0,1790847963.0,2026-10-01,Up,3.4057183916230596,0.5,0.0,0.38,0.016492,94.6,True,-0.396492,filled,btc,36835222993
btc-updown-5m-1790848200,1790848200.0,1790848347.0,2026-10-01,Down,2.85949876661544,0.3,1.0,0.86,0.008428000000000001,97.83,True,0.13157200000000002,filled,btc,36835222993
btc-updown-5m-1790848200,1790848200.0,1790848347.0,2026-10-01,Down,2.85949876661544,0.35,1.0,0.86,0.008428000000000001,174.83,True,0.13157200000000002,filled,btc,36835222993
btc-updown-5m-1790848200,1790848200.0,1790848347.0,2026-10-01,Down,2.85949876661544,0.4,1.0,0.86,0.008428000000000001,259.83,True,0.13157200000000002,filled,btc,36835222993
btc-updown-5m-1790848200,1790848200.0,1790848347.0,2026-10-01,Down,2.85949876661544,0.5,1.0,0.86,0.008428000000000001,270.06,True,0.13157200000000002,filled,btc,36835222993
btc-updown-5m-1790848500,1790848500.0,1790848567.0,2026-10-01,Down,4.787799182557533,0.3,1.0,0.91,0.0057329999999999985,115.87,True,0.08426699999999997,filled,btc,36835222993
btc-updown-5m-1790848500,1790848500.0,1790848567.0,2026-10-01,Down,4.787799182557533,0.35,1.0,0.91,0.0057329999999999985,260.87,True,0.08426699999999997,filled,btc,36835222993
btc-updown-5m-1790848500,1790848500.0,1790848567.0,2026-10-01,Down,4.787799182557533,0.4,1.0,0.91,0.0057329999999999985,260.87,True,0.08426699999999997,filled,btc,36835222993
btc-updown-5m-1790848500,1790848500.0,1790848567.0,2026-10-01,Down,4.787799182557533,0.5,1.0,0.91,0.0057329999999999985,265.0,True,0.08426699999999997,filled,btc,36835222993
btc-updown-5m-1790848800,1790848800.0,1790848865.0,2026-10-01,Down,3.5488259950987127,0.3,1.0,0.9299999999999999,0.004557000000000005,637.16,True,0.06544300000000006,filled,btc,36835222993
btc-updown-5m-1790848800,1790848800.0,1790848865.0,2026-10-01,Down,3.5488259950987127,0.35,1.0,0.9299999999999999,0.004557000000000005,637.16,True,0.06544300000000006,filled,btc,36835222993
btc-updown-5m-1790848800,1790848800.0,1790848865.0,2026-10-01,Down,3.5488259950987127,0.4,1.0,0.9299999999999999,0.004557000000000005,1500.48,True,0.06544300000000006,filled,btc,36835222993
btc-updown-5m-1790848800,1790848800.0,1790848865.0,2026-10-01,Down,3.5488259950987127,0.5,1.0,0.9299999999999999,0.004557000000000005,4452.1,True,0.06544300000000006,filled,btc,36835222993
btc-updown-5m-1790849100,1790849100.0,1790849160.0,2026-10-01,Down,2.5625120001375583,0.3,0.0,0.88,0.007392000000000001,92.6,True,-0.887392,filled,btc,36835222993
btc-updown-5m-1790849100,1790849100.0,1790849160.0,2026-10-01,Down,2.5625120001375583,0.35,0.0,0.88,0.007392000000000001,91.46,True,-0.887392,filled,btc,36835222993
btc-updown-5m-1790849100,1790849100.0,1790849160.0,2026-10-01,Down,2.5625120001375583,0.4,0.0,0.88,0.007392000000000001,91.46,True,-0.887392,filled,btc,36835222993
btc-updown-5m-1790849100,1790849100.0,1790849160.0,2026-10-01,Down,2.5625120001375583,0.5,0.0,0.88,0.007392000000000001,104.75,True,-0.887392,filled,btc,36835222993
btc-updown-5m-1790849400,1790849400.0,1790849464.0,2026-10-01,Down,2.5923884718226367,0.3,0.0,0.78,0.012012,151.97,True,-0.792012,filled,btc,36835222993
btc-updown-5m-1790849400,1790849400.0,1790849464.0,2026-10-01,Down,2.5923884718226367,0.35,0.0,0.78,0.012012,196.97,True,-0.792012,filled,btc,36835222993
btc-updown-5m-1790849400,1790849400.0,1790849464.0,2026-10-01,Down,2.5923884718226367,0.4,0.0,0.78,0.012012,211.97,True,-0.792012,filled,btc,36835222993
btc-updown-5m-1790849400,1790849400.0,1790849464.0,2026-10-01,Down,2.5923884718226367,0.5,0.0,0.78,0.012012,211.97,True,-0.792012,filled,btc,36835222993
btc-updown-5m-1790849700,1790849700.0,1790849833.0,2026-10-01,Down,2.5274770342196526,0.3,0.0,,,,False,,book_unavailable,btc,36835222993
btc-updown-5m-1790849700,1790849700.0,1790849833.0,2026-10-01,Down,2.5274770342196526,0.35,0.0,,,,False,,book_unavailable,btc,36835222993
btc-updown-5m-1790849700,1790849700.0,1790849833.0,2026-10-01,Down,2.5274770342196526,0.4,0.0,,,,False,,book_unavailable,btc,36835222993
btc-updown-5m-1790849700,1790849700.0,1790849833.0,2026-10-01,Down,2.5274770342196526,0.5,0.0,,,,False,,book_unavailable,btc,36835222993
btc-updown-5m-1790850000,1790850000.0,1790850060.0,2026-10-01,Up,2.5424465967541705,0.3,1.0,0.65,0.015925,639.61,True,0.33407499999999996,filled,btc,36835222993
btc-updown-5m-1790850000,1790850000.0,1790850060.0,2026-10-01,Up,2.5424465967541705,0.35,1.0,0.65,0.015925,674.45,True,0.33407499999999996,filled,btc,36835222993
btc-updown-5m-1790850000,1790850000.0,1790850060.0,2026-10-01,Up,2.5424465967541705,0.4,1.0,0.65,0.015925,1489.45,True,0.33407499999999996,filled,btc,36835222993
btc-updown-5m-1790850000,1790850000.0,1790850060.0,2026-10-01,Up,2.5424465967541705,0.5,1.0,0.65,0.015925,1536.45,True,0.33407499999999996,filled,btc,36835222993
btc-updown-5m-1790850300,1790850300.0,1790850380.0,2026-10-01,Up,2.621386463343987,0.3,0.0,0.34,0.015708000000000003,260.42,True,-0.355708,filled,btc,36835222993
btc-updown-5m-1790850300,1790850300.0,1790850380.0,2026-10-01,Up,2.621386463343987,0.35,0.0,0.34,0.015708000000000003,552.82,True,-0.355708,filled,btc,36835222993
btc-updown-5m-1790850300,1790850300.0,1790850380.0,2026-10-01,Up,2.621386463343987,0.4,0.0,0.34,0.015708000000000003,636.85,True,-0.355708,filled,btc,36835222993
btc-updown-5m-1790850300,1790850300.0,1790850380.0,2026-10-01,Up,2.621386463343987,0.5,0.0,0.34,0.015708000000000003,640.81,True,-0.355708,filled,btc,36835222993
btc-updown-5m-1790850600,1790850600.0,1790850694.0,2026-10-01,Up,3.4744022420573004,0.3,1.0,0.94,0.003948000000000004,1406.34,True,0.056052000000000046,filled,btc,36835222993
btc-updown-5m-1790850600,1790850600.0,1790850694.0,2026-10-01,Up,3.4744022420573004,0.35,1.0,0.94,0.003948000000000004,1406.34,True,0.056052000000000046,filled,btc,36835222993
btc-updown-5m-1790850600,1790850600.0,1790850694.0,2026-10-01,Up,3.4744022420573004,0.4,1.0,0.94,0.003948000000000004,1416.34,True,0.056052000000000046,filled,btc,36835222993
btc-updown-5m-1790850600,1790850600.0,1790850694.0,2026-10-01,Up,3.4744022420573004,0.5,1.0,0.94,0.003948000000000004,1416.34,True,0.056052000000000046,filled,btc,36835222993
btc-updown-5m-1790851200,1790851200.0,1790851288.0,2026-10-01,Up,3.1313192280855073,0.3,1.0,0.55,0.017325,45.74,True,0.432675,filled,btc,36835222993
btc-updown-5m-1790851200,1790851200.0,1790851288.0,2026-10-01,Up,3.1313192280855073,0.35,1.0,0.55,0.017325,40.74,True,0.432675,filled,btc,36835222993
btc-updown-5m-1790851200,1790851200.0,1790851288.0,2026-10-01,Up,3.1313192280855073,0.4,1.0,0.55,0.017325,40.74,True,0.432675,filled,btc,36835222993
btc-updown-5m-1790851200,1790851200.0,1790851288.0,2026-10-01,Up,3.1313192280855073,0.5,1.0,0.55,0.017325,120.73,True,0.432675,filled,btc,36835222993
btc-updown-5m-1790851500,1790851500.0,1790851577.0,2026-10-01,Up,2.9905065847841628,0.3,1.0,0.74,0.013468000000000003,526.95,True,0.246532,filled,btc,36835222993
btc-updown-5m-1790851500,1790851500.0,1790851577.0,2026-10-01,Up,2.9905065847841628,0.35,1.0,0.74,0.013468000000000003,656.95,True,0.246532,filled,btc,36835222993
btc-updown-5m-1790851500,1790851500.0,1790851577.0,2026-10-01,Up,2.9905065847841628,0.4,1.0,0.74,0.013468000000000003,691.95,True,0.246532,filled,btc,36835222993
btc-updown-5m-1790851500,1790851500.0,1790851577.0,2026-10-01,Up,2.9905065847841628,0.5,1.0,0.74,0.013468000000000003,1022.43,True,0.246532,filled,btc,36835222993
btc-updown-5m-1790851800,1790851800.0,1790851902.0,2026-10-01,Down,3.0074983669314546,0.3,0.0,0.6699999999999999,0.015477000000000003,908.4,True,-0.6854769999999999,filled,btc,36835222993
btc-updown-5m-1790851800,1790851800.0,1790851902.0,2026-10-01,Down,3.0074983669314546,0.35,0.0,0.6699999999999999,0.015477000000000003,958.4,True,-0.6854769999999999,filled,btc,36835222993
btc-updown-5m-1790851800,1790851800.0,1790851902.0,2026-10-01,Down,3.0074983669314546,0.4,0.0,0.6699999999999999,0.015477000000000003,978.4,True,-0.6854769999999999,filled,btc,36835222993
btc-updown-5m-1790851800,1790851800.0,1790851902.0,2026-10-01,Down,3.0074983669314546,0.5,0.0,0.6699999999999999,0.015477000000000003,891.71,True,-0.6854769999999999,filled,btc,36835222993
btc-updown-5m-1790852100,1790852100.0,1790852360.0,2026-10-01,Up,3.3373302610075672,0.3,0.0,0.01,,25471.1,False,,outside_frozen_price_band,btc,36835222993
btc-updown-5m-1790852100,1790852100.0,1790852360.0,2026-10-01,Up,3.3373302610075672,0.35,0.0,0.01,,25471.1,False,,outside_frozen_price_band,btc,36835222993
btc-updown-5m-1790852100,1790852100.0,1790852360.0,2026-10-01,Up,3.3373302610075672,0.4,0.0,0.01,,25471.1,False,,outside_frozen_price_band,btc,36835222993
btc-updown-5m-1790852100,1790852100.0,1790852360.0,2026-10-01,Up,3.3373302610075672,0.5,0.0,0.01,,25471.1,False,,outside_frozen_price_band,btc,36835222993
btc-updown-5m-1790852400,1790852400.0,1790852493.0,2026-10-01,Down,3.0769223683871862,0.3,1.0,0.95,0.0033250000000000033,25.22,True,0.04667500000000004,filled,btc,36835222993
btc-updown-5m-1790852400,1790852400.0,1790852493.0,2026-10-01,Down,3.0769223683871862,0.35,1.0,0.95,0.0033250000000000033,25.22,True,0.04667500000000004,filled,btc,36835222993
btc-updown-5m-1790852400,1790852400.0,1790852493.0,2026-10-01,Down,3.0769223683871862,0.4,1.0,0.95,0.0033250000000000033,19.29,True,0.04667500000000004,filled,btc,36835222993
btc-updown-5m-1790852400,1790852400.0,1790852493.0,2026-10-01,Down,3.0769223683871862,0.5,1.0,0.95,0.0033250000000000033,18.02,True,0.04667500000000004,filled,btc,36835222993
btc-updown-5m-1790852700,1790852700.0,1790852850.0,2026-10-01,Up,2.971820662815705,0.3,1.0,0.84,0.009408000000000003,1067.75,True,0.15059200000000003,filled,btc,36835222993
btc-updown-5m-1790852700,1790852700.0,1790852850.0,2026-10-01,Up,2.971820662815705,0.35,1.0,0.84,0.009408000000000003,1094.84,True,0.15059200000000003,filled,btc,36835222993
btc-updown-5m-1790852700,1790852700.0,1790852850.0,2026-10-01,Up,2.971820662815705,0.4,1.0,0.84,0.009408000000000003,1093.76,True,0.15059200000000003,filled,btc,36835222993
btc-updown-5m-1790852700,1790852700.0,1790852850.0,2026-10-01,Up,2.971820662815705,0.5,1.0,0.84,0.009408000000000003,1255.16,True,0.15059200000000003,filled,btc,36835222993
btc-updown-5m-1790853000,1790853000.0,1790853116.0,2026-10-01,Down,2.936762539886442,0.3,1.0,0.52,0.017472,20.0,True,0.462528,filled,btc,36835222993
btc-updown-5m-1790853000,1790853000.0,1790853116.0,2026-10-01,Down,2.936762539886442,0.35,1.0,0.52,0.017472,4.32,False,,depth,btc,36835222993
btc-updown-5m-1790853000,1790853000.0,1790853116.0,2026-10-01,Down,2.936762539886442,0.4,1.0,0.53,0.017437,9.14,True,0.452563,filled,btc,36835222993
btc-updown-5m-1790853000,1790853000.0,1790853116.0,2026-10-01,Down,2.936762539886442,0.5,1.0,0.53,0.017437,19.84,True,0.452563,filled,btc,36835222993
btc-updown-5m-1790853300,1790853300.0,1790853530.0,2026-10-01,Up,4.288039354006041,0.3,0.0,0.05,0.0033250000000000003,111.8,True,-0.053325000000000004,filled,btc,36835222993
btc-updown-5m-1790853300,1790853300.0,1790853530.0,2026-10-01,Up,4.288039354006041,0.35,0.0,0.05,0.0033250000000000003,111.8,True,-0.053325000000000004,filled,btc,36835222993
btc-updown-5m-1790853300,1790853300.0,1790853530.0,2026-10-01,Up,4.288039354006041,0.4,0.0,0.05,0.0033250000000000003,87.8,True,-0.053325000000000004,filled,btc,36835222993
btc-updown-5m-1790853300,1790853300.0,1790853530.0,2026-10-01,Up,4.288039354006041,0.5,0.0,0.05,0.0033250000000000003,91.8,True,-0.053325000000000004,filled,btc,36835222993
btc-updown-5m-1790853600,1790853600.0,1790853725.0,2026-10-01,Down,4.732651033076527,0.3,1.0,0.89,0.006853,188.48,True,0.10314699999999999,filled,btc,36835222993
btc-updown-5m-1790853600,1790853600.0,1790853725.0,2026-10-01,Down,4.732651033076527,0.35,1.0,0.89,0.006853,305.52,True,0.10314699999999999,filled,btc,36835222993
btc-updown-5m-1790853600,1790853600.0,1790853725.0,2026-10-01,Down,4.732651033076527,0.4,1.0,0.89,0.006853,368.64,True,0.10314699999999999,filled,btc,36835222993
btc-updown-5m-1790853600,1790853600.0,1790853725.0,2026-10-01,Down,4.732651033076527,0.5,1.0,0.89,0.006853,411.83,True,0.10314699999999999,filled,btc,36835222993
btc-updown-5m-1790853900,1790853900.0,1790854056.0,2026-10-01,Up,3.265068974384127,0.3,1.0,0.57,0.017157000000000002,687.0,True,0.41284300000000007,filled,btc,36835222993
btc-updown-5m-1790853900,1790853900.0,1790854056.0,2026-10-01,Up,3.265068974384127,0.35,1.0,0.57,0.017157000000000002,840.98,True,0.41284300000000007,filled,btc,36835222993
btc-updown-5m-1790853900,1790853900.0,1790854056.0,2026-10-01,Up,3.265068974384127,0.4,1.0,0.57,0.017157000000000002,873.58,True,0.41284300000000007,filled,btc,36835222993
btc-updown-5m-1790853900,1790853900.0,1790854056.0,2026-10-01,Up,3.265068974384127,0.5,1.0,0.57,0.017157000000000002,966.61,True,0.41284300000000007,filled,btc,36835222993
btc-updown-5m-1790854200,1790854200.0,1790854276.0,2026-10-01,Up,3.7034466297560886,0.3,0.0,0.91,0.0057329999999999985,353.28,True,-0.915733,filled,btc,36835222993
btc-updown-5m-1790854200,1790854200.0,1790854276.0,2026-10-01,Up,3.7034466297560886,0.35,0.0,0.91,0.0057329999999999985,358.28,True,-0.915733,filled,btc,36835222993
btc-updown-5m-1790854200,1790854200.0,1790854276.0,2026-10-01,Up,3.7034466297560886,0.4,0.0,0.91,0.0057329999999999985,303.25,True,-0.915733,filled,btc,36835222993
btc-updown-5m-1790854200,1790854200.0,1790854276.0,2026-10-01,Up,3.7034466297560886,0.5,0.0,0.91,0.0057329999999999985,297.75,True,-0.915733,filled,btc,36835222993
btc-updown-5m-1790854500,1790854500.0,1790854628.0,2026-10-01,Up,2.78141709550596,0.3,1.0,0.98,0.0013720000000000015,1176.31,True,0.018628000000000016,filled,btc,36835222993
btc-updown-5m-1790854500,1790854500.0,1790854628.0,2026-10-01,Up,2.78141709550596,0.35,1.0,0.98,0.0013720000000000015,1246.31,True,0.018628000000000016,filled,btc,36835222993
btc-updown-5m-1790854500,1790854500.0,1790854628.0,2026-10-01,Up,2.78141709550596,0.4,1.0,0.98,0.0013720000000000015,1246.31,True,0.018628000000000016,filled,btc,36835222993
btc-updown-5m-1790854500,1790854500.0,1790854628.0,2026-10-01,Up,2.78141709550596,0.5,1.0,0.98,0.0013720000000000015,1215.8,True,0.018628000000000016,filled,btc,36835222993
btc-updown-5m-1790854800,1790854800.0,1790854869.0,2026-10-01,Up,3.3391968704148516,0.3,1.0,0.8,0.0112,5.0,True,0.18879999999999997,filled,btc,36835222993
btc-updown-5m-1790854800,1790854800.0,1790854869.0,2026-10-01,Up,3.3391968704148516,0.35,1.0,0.8,0.0112,5.0,True,0.18879999999999997,filled,btc,36835222993
btc-updown-5m-1790854800,1790854800.0,1790854869.0,2026-10-01,Up,3.3391968704148516,0.4,1.0,0.8,0.0112,5.0,True,0.18879999999999997,filled,btc,36835222993
btc-updown-5m-1790854800,1790854800.0,1790854869.0,2026-10-01,Up,3.3391968704148516,0.5,1.0,0.8,0.0112,5.0,True,0.18879999999999997,filled,btc,36835222993
btc-updown-5m-1790855100,1790855100.0,1790855160.0,2026-10-01,Up,2.8642649157058835,0.3,1.0,0.79,0.011613,560.32,True,0.19838699999999995,filled,btc,36835222993
btc-updown-5m-1790855100,1790855100.0,1790855160.0,2026-10-01,Up,2.8642649157058835,0.35,1.0,0.79,0.011613,569.05,True,0.19838699999999995,filled,btc,36835222993
btc-updown-5m-1790855100,1790855100.0,1790855160.0,2026-10-01,Up,2.8642649157058835,0.4,1.0,0.79,0.011613,1712.69,True,0.19838699999999995,filled,btc,36835222993
btc-updown-5m-1790855100,1790855100.0,1790855160.0,2026-10-01,Up,2.8642649157058835,0.5,1.0,0.79,0.011613,2850.44,True,0.19838699999999995,filled,btc,36835222993
btc-updown-5m-1790855400,1790855400.0,1790855578.0,2026-10-01,Down,6.89253097120945,0.3,1.0,0.69,0.014973000000000004,218.0,True,0.29502700000000004,filled,btc,36835222993
btc-updown-5m-1790855400,1790855400.0,1790855578.0,2026-10-01,Down,6.89253097120945,0.35,1.0,0.69,0.014973000000000004,209.87,True,0.29502700000000004,filled,btc,36835222993
btc-updown-5m-1790855400,1790855400.0,1790855578.0,2026-10-01,Down,6.89253097120945,0.4,1.0,0.69,0.014973000000000004,149.87,True,0.29502700000000004,filled,btc,36835222993
btc-updown-5m-1790855400,1790855400.0,1790855578.0,2026-10-01,Down,6.89253097120945,0.5,1.0,0.69,0.014973000000000004,138.32,True,0.29502700000000004,filled,btc,36835222993
btc-updown-5m-1790855700,1790855700.0,1790855940.0,2026-10-01,Down,6.099866120915934,0.3,1.0,0.98,0.0013720000000000015,230.18,True,0.018628000000000016,filled,btc,36835222993
btc-updown-5m-1790855700,1790855700.0,1790855940.0,2026-10-01,Down,6.099866120915934,0.35,1.0,0.97,0.002037000000000002,80.46,True,0.027963000000000026,filled,btc,36835222993
btc-updown-5m-1790855700,1790855700.0,1790855940.0,2026-10-01,Down,6.099866120915934,0.4,1.0,0.97,0.002037000000000002,83.77,True,0.027963000000000026,filled,btc,36835222993
btc-updown-5m-1790855700,1790855700.0,1790855940.0,2026-10-01,Down,6.099866120915934,0.5,1.0,0.95,0.0033250000000000033,125.4,True,0.04667500000000004,filled,btc,36835222993
btc-updown-5m-1790856000,1790856000.0,1790856099.0,2026-10-01,Up,2.745213686570418,0.3,1.0,0.9,0.0063,321.16,True,0.09369999999999998,filled,btc,36835222993
btc-updown-5m-1790856000,1790856000.0,1790856099.0,2026-10-01,Up,2.745213686570418,0.35,1.0,0.9,0.0063,326.1,True,0.09369999999999998,filled,btc,36835222993
btc-updown-5m-1790856000,1790856000.0,1790856099.0,2026-10-01,Up,2.745213686570418,0.4,1.0,0.9,0.0063,326.1,True,0.09369999999999998,filled,btc,36835222993
btc-updown-5m-1790856000,1790856000.0,1790856099.0,2026-10-01,Up,2.745213686570418,0.5,1.0,0.9,0.0063,236.1,True,0.09369999999999998,filled,btc,36835222993
btc-updown-5m-1790856300,1790856300.0,1790856385.0,2026-10-01,Up,2.5753482688764997,0.3,1.0,0.63,0.016317,208.9,True,0.35368299999999997,filled,btc,36835222993
btc-updown-5m-1790856300,1790856300.0,1790856385.0,2026-10-01,Up,2.5753482688764997,0.35,1.0,0.63,0.016317,243.9,True,0.35368299999999997,filled,btc,36835222993
btc-updown-5m-1790856300,1790856300.0,1790856385.0,2026-10-01,Up,2.5753482688764997,0.4,1.0,0.63,0.016317,248.9,True,0.35368299999999997,filled,btc,36835222993
btc-updown-5m-1790856300,1790856300.0,1790856385.0,2026-10-01,Up,2.5753482688764997,0.5,1.0,0.63,0.016317,200.0,True,0.35368299999999997,filled,btc,36835222993
btc-updown-5m-1790856600,1790856600.0,1790856710.0,2026-10-01,Up,4.585266561737694,0.3,1.0,0.82,0.010332000000000003,209.2,True,0.16966800000000004,filled,btc,36835222993
btc-updown-5m-1790856600,1790856600.0,1790856710.0,2026-10-01,Up,4.585266561737694,0.35,1.0,0.82,0.010332000000000003,102.02,True,0.16966800000000004,filled,btc,36835222993
btc-updown-5m-1790856600,1790856600.0,1790856710.0,2026-10-01,Up,4.585266561737694,0.4,1.0,0.82,0.010332000000000003,136.02,True,0.16966800000000004,filled,btc,36835222993
btc-updown-5m-1790856600,1790856600.0,1790856710.0,2026-10-01,Up,4.585266561737694,0.5,1.0,0.82,0.010332000000000003,707.65,True,0.16966800000000004,filled,btc,36835222993
btc-updown-5m-1790856900,1790856900.0,1790857050.0,2026-10-01,Down,8.044074100268924,0.3,1.0,0.96,0.002688000000000003,40.0,True,0.03731200000000003,filled,btc,36835222993
btc-updown-5m-1790856900,1790856900.0,1790857050.0,2026-10-01,Down,8.044074100268924,0.35,1.0,0.97,0.002037000000000002,174.94,True,0.027963000000000026,filled,btc,36835222993
btc-updown-5m-1790856900,1790856900.0,1790857050.0,2026-10-01,Down,8.044074100268924,0.4,1.0,0.97,0.002037000000000002,233.33,True,0.027963000000000026,filled,btc,36835222993
btc-updown-5m-1790856900,1790856900.0,1790857050.0,2026-10-01,Down,8.044074100268924,0.5,1.0,0.97,0.002037000000000002,44.33,True,0.027963000000000026,filled,btc,36835222993
btc-updown-5m-1790857200,1790857200.0,1790857274.0,2026-10-01,Up,4.02085212050187,0.3,0.0,0.45,0.017325000000000007,291.34,True,-0.467325,filled,btc,36835222993
btc-updown-5m-1790857200,1790857200.0,1790857274.0,2026-10-01,Up,4.02085212050187,0.35,0.0,0.45,0.017325000000000007,195.34,True,-0.467325,filled,btc,36835222993
btc-updown-5m-1790857200,1790857200.0,1790857274.0,2026-10-01,Up,4.02085212050187,0.4,0.0,0.45,0.017325000000000007,166.34,True,-0.467325,filled,btc,36835222993
btc-updown-5m-1790857200,1790857200.0,1790857274.0,2026-10-01,Up,4.02085212050187,0.5,0.0,0.45,0.017325000000000007,198.91,True,-0.467325,filled,btc,36835222993
btc-updown-5m-1790857500,1790857500.0,1790857565.0,2026-10-01,Down,2.605290175043989,0.3,0.0,0.27,0.013797000000000002,72.4,True,-0.283797,filled,btc,36835222993
btc-updown-5m-1790857500,1790857500.0,1790857565.0,2026-10-01,Down,2.605290175043989,0.35,0.0,0.27,0.013797000000000002,45.08,True,-0.283797,filled,btc,36835222993
btc-updown-5m-1790857500,1790857500.0,1790857565.0,2026-10-01,Down,2.605290175043989,0.4,0.0,0.30000000000000004,0.014700000000000003,9.17,True,-0.31470000000000004,filled,btc,36835222993
btc-updown-5m-1790857500,1790857500.0,1790857565.0,2026-10-01,Down,2.605290175043989,0.5,0.0,0.37,0.016317,43.12,True,-0.386317,filled,btc,36835222993
btc-updown-5m-1790857800,1790857800.0,1790857981.0,2026-10-01,Down,2.9636325940873305,0.3,1.0,0.96,0.002688000000000003,2903.02,True,0.03731200000000003,filled,btc,36835222993
btc-updown-5m-1790857800,1790857800.0,1790857981.0,2026-10-01,Down,2.9636325940873305,0.35,1.0,0.96,0.002688000000000003,693.89,True,0.03731200000000003,filled,btc,36835222993
btc-updown-5m-1790857800,1790857800.0,1790857981.0,2026-10-01,Down,2.9636325940873305,0.4,1.0,0.96,0.002688000000000003,843.89,True,0.03731200000000003,filled,btc,36835222993
btc-updown-5m-1790857800,1790857800.0,1790857981.0,2026-10-01,Down,2.9636325940873305,0.5,1.0,0.96,0.002688000000000003,853.89,True,0.03731200000000003,filled,btc,36835222993
btc-updown-5m-1790858100,1790858100.0,1790858361.0,2026-10-01,Up,4.328168730260568,0.3,1.0,0.94,0.003948000000000004,229.19,True,0.056052000000000046,filled,btc,36835222993
btc-updown-5m-1790858100,1790858100.0,1790858361.0,2026-10-01,Up,4.328168730260568,0.35,1.0,0.94,0.003948000000000004,223.11,True,0.056052000000000046,filled,btc,36835222993
btc-updown-5m-1790858100,1790858100.0,1790858361.0,2026-10-01,Up,4.328168730260568,0.4,1.0,0.94,0.003948000000000004,164.37,True,0.056052000000000046,filled,btc,36835222993
btc-updown-5m-1790858100,1790858100.0,1790858361.0,2026-10-01,Up,4.328168730260568,0.5,1.0,0.94,0.003948000000000004,79.13,True,0.056052000000000046,filled,btc,36835222993
btc-updown-5m-1790858400,1790858400.0,1790858471.0,2026-10-01,Up,2.508691429469981,0.3,0.0,0.93,0.004556999999999997,66.64,True,-0.9345570000000001,filled,btc,36835222993
btc-updown-5m-1790858400,1790858400.0,1790858471.0,2026-10-01,Up,2.508691429469981,0.35,0.0,0.93,0.004556999999999997,71.64,True,-0.9345570000000001,filled,btc,36835222993
btc-updown-5m-1790858400,1790858400.0,1790858471.0,2026-10-01,Up,2.508691429469981,0.4,0.0,0.93,0.004556999999999997,61.64,True,-0.9345570000000001,filled,btc,36835222993
btc-updown-5m-1790858400,1790858400.0,1790858471.0,2026-10-01,Up,2.508691429469981,0.5,0.0,0.93,0.004556999999999997,61.64,True,-0.9345570000000001,filled,btc,36835222993
btc-updown-5m-1790862300,1790862300.0,1790862400.0,2026-10-01,Down,3.3948149262010587,0.3,1.0,0.53,0.017437,156.16,True,0.452563,filled,btc,36869869857
btc-updown-5m-1790862300,1790862300.0,1790862400.0,2026-10-01,Down,3.3948149262010587,0.35,1.0,0.53,0.017437,97.86,True,0.452563,filled,btc,36869869857
btc-updown-5m-1790862300,1790862300.0,1790862400.0,2026-10-01,Down,3.3948149262010587,0.4,1.0,0.53,0.017437,92.86,True,0.452563,filled,btc,36869869857
btc-updown-5m-1790862300,1790862300.0,1790862400.0,2026-10-01,Down,3.3948149262010587,0.5,1.0,0.53,0.017437,3.0,False,,depth,btc,36869869857
btc-updown-5m-1790862600,1790862600.0,1790862749.0,2026-10-01,Up,2.6639879627263756,0.3,1.0,0.75,0.013125000000000001,603.0,True,0.236875,filled,btc,36869869857
btc-updown-5m-1790862600,1790862600.0,1790862749.0,2026-10-01,Up,2.6639879627263756,0.35,1.0,0.75,0.013125000000000001,1579.35,True,0.236875,filled,btc,36869869857
btc-updown-5m-1790862600,1790862600.0,1790862749.0,2026-10-01,Up,2.6639879627263756,0.4,1.0,0.75,0.013125000000000001,1594.35,True,0.236875,filled,btc,36869869857
btc-updown-5m-1790862600,1790862600.0,1790862749.0,2026-10-01,Up,2.6639879627263756,0.5,1.0,0.75,0.013125000000000001,2110.51,True,0.236875,filled,btc,36869869857
btc-updown-5m-1790863200,1790863200.0,1790863261.0,2026-10-01,Down,3.612304040763764,0.3,1.0,0.89,0.006853,100.0,True,0.10314699999999999,filled,btc,36869869857
btc-updown-5m-1790863200,1790863200.0,1790863261.0,2026-10-01,Down,3.612304040763764,0.35,1.0,0.89,0.006853,98.82,True,0.10314699999999999,filled,btc,36869869857
btc-updown-5m-1790863200,1790863200.0,1790863261.0,2026-10-01,Down,3.612304040763764,0.4,1.0,0.89,0.006853,78.82,True,0.10314699999999999,filled,btc,36869869857
btc-updown-5m-1790863200,1790863200.0,1790863261.0,2026-10-01,Down,3.612304040763764,0.5,1.0,0.89,0.006853,73.82,True,0.10314699999999999,filled,btc,36869869857
btc-updown-5m-1790863500,1790863500.0,1790863580.0,2026-10-01,Up,2.893596576265072,0.3,1.0,0.5,0.0175,10.62,True,0.4825,filled,btc,36869869857
btc-updown-5m-1790863500,1790863500.0,1790863580.0,2026-10-01,Up,2.893596576265072,0.35,1.0,0.53,0.017437,5.58,True,0.452563,filled,btc,36869869857
btc-updown-5m-1790863500,1790863500.0,1790863580.0,2026-10-01,Up,2.893596576265072,0.4,1.0,0.54,0.017388,39.0,True,0.44261199999999995,filled,btc,36869869857
btc-updown-5m-1790863500,1790863500.0,1790863580.0,2026-10-01,Up,2.893596576265072,0.5,1.0,0.55,0.017325,86.0,True,0.432675,filled,btc,36869869857
btc-updown-5m-1790863800,1790863800.0,1790864011.0,2026-10-01,Up,2.954119001082255,0.3,0.0,0.01,,1853.24,False,,outside_frozen_price_band,btc,36869869857
btc-updown-5m-1790863800,1790863800.0,1790864011.0,2026-10-01,Up,2.954119001082255,0.35,0.0,0.01,,1853.24,False,,outside_frozen_price_band,btc,36869869857
btc-updown-5m-1790863800,1790863800.0,1790864011.0,2026-10-01,Up,2.954119001082255,0.4,0.0,0.01,,1853.24,False,,outside_frozen_price_band,btc,36869869857
btc-updown-5m-1790863800,1790863800.0,1790864011.0,2026-10-01,Up,2.954119001082255,0.5,0.0,0.01,,1853.24,False,,outside_frozen_price_band,btc,36869869857
btc-updown-5m-1790864100,1790864100.0,1790864268.0,2026-10-01,Up,2.943149591438253,0.3,1.0,,,,False,,book_unavailable,btc,36869869857
btc-updown-5m-1790864100,1790864100.0,1790864268.0,2026-10-01,Up,2.943149591438253,0.35,1.0,,,,False,,book_unavailable,btc,36869869857
btc-updown-5m-1790864100,1790864100.0,1790864268.0,2026-10-01,Up,2.943149591438253,0.4,1.0,,,,False,,book_unavailable,btc,36869869857
btc-updown-5m-1790864100,1790864100.0,1790864268.0,2026-10-01,Up,2.943149591438253,0.5,1.0,,,,False,,book_unavailable,btc,36869869857
btc-updown-5m-1790864400,1790864400.0,1790864489.0,2026-10-01,Down,2.5211238995291425,0.3,0.0,0.4,0.016800000000000002,48.0,True,-0.4168,filled,btc,36869869857
btc-updown-5m-1790864400,1790864400.0,1790864489.0,2026-10-01,Down,2.5211238995291425,0.35,0.0,0.4,0.016800000000000002,48.0,True,-0.4168,filled,btc,36869869857
btc-updown-5m-1790864400,1790864400.0,1790864489.0,2026-10-01,Down,2.5211238995291425,0.4,0.0,0.4,0.016800000000000002,48.0,True,-0.4168,filled,btc,36869869857
btc-updown-5m-1790864400,1790864400.0,1790864489.0,2026-10-01,Down,2.5211238995291425,0.5,0.0,0.41000000000000003,0.016933,18.0,True,-0.426933,filled,btc,36869869857
btc-updown-5m-1790864700,1790864700.0,1790864766.0,2026-10-01,Up,3.581832861657883,0.3,1.0,0.8,0.0112,310.37,True,0.18879999999999997,filled,btc,36869869857
btc-updown-5m-1790864700,1790864700.0,1790864766.0,2026-10-01,Up,3.581832861657883,0.35,1.0,0.8,0.0112,299.24,True,0.18879999999999997,filled,btc,36869869857
btc-updown-5m-1790864700,1790864700.0,1790864766.0,2026-10-01,Up,3.581832861657883,0.4,1.0,0.8,0.0112,299.24,True,0.18879999999999997,filled,btc,36869869857
btc-updown-5m-1790864700,1790864700.0,1790864766.0,2026-10-01,Up,3.581832861657883,0.5,1.0,0.8,0.0112,297.39,True,0.18879999999999997,filled,btc,36869869857
btc-updown-5m-1790865000,1790865000.0,1790865074.0,2026-10-01,Down,2.517260725536219,0.3,1.0,0.49,0.017493,395.09,True,0.49250700000000003,filled,btc,36869869857
btc-updown-5m-1790865000,1790865000.0,1790865074.0,2026-10-01,Down,2.517260725536219,0.35,1.0,0.49,0.017493,395.09,True,0.49250700000000003,filled,btc,36869869857
btc-updown-5m-1790865000,1790865000.0,1790865074.0,2026-10-01,Down,2.517260725536219,0.4,1.0,0.49,0.017493,395.09,True,0.49250700000000003,filled,btc,36869869857
btc-updown-5m-1790865000,1790865000.0,1790865074.0,2026-10-01,Down,2.517260725536219,0.5,1.0,0.49,0.017493,395.09,True,0.49250700000000003,filled,btc,36869869857
btc-updown-5m-1790865300,1790865300.0,1790865402.0,2026-10-01,Up,2.75949169137004,0.3,1.0,0.92,0.005151999999999999,556.0,True,0.07484799999999996,filled,btc,36869869857
btc-updown-5m-1790865300,1790865300.0,1790865402.0,2026-10-01,Up,2.75949169137004,0.35,1.0,0.92,0.005151999999999999,566.0,True,0.07484799999999996,filled,btc,36869869857
btc-updown-5m-1790865300,1790865300.0,1790865402.0,2026-10-01,Up,2.75949169137004,0.4,1.0,0.92,0.005151999999999999,521.0,True,0.07484799999999996,filled,btc,36869869857
btc-updown-5m-1790865300,1790865300.0,1790865402.0,2026-10-01,Up,2.75949169137004,0.5,1.0,0.92,0.005151999999999999,508.0,True,0.07484799999999996,filled,btc,36869869857
btc-updown-5m-1790865600,1790865600.0,1790865668.0,2026-10-01,Down,4.21126205266629,0.3,1.0,0.94,0.003948000000000004,416.0,True,0.056052000000000046,filled,btc,36869869857
btc-updown-5m-1790865600,1790865600.0,1790865668.0,2026-10-01,Down,4.21126205266629,0.35,1.0,0.94,0.003948000000000004,347.0,True,0.056052000000000046,filled,btc,36869869857
btc-updown-5m-1790865600,1790865600.0,1790865668.0,2026-10-01,Down,4.21126205266629,0.4,1.0,0.94,0.003948000000000004,267.0,True,0.056052000000000046,filled,btc,36869869857
btc-updown-5m-1790865600,1790865600.0,1790865668.0,2026-10-01,Down,4.21126205266629,0.5,1.0,0.94,0.003948000000000004,342.0,True,0.056052000000000046,filled,btc,36869869857
btc-updown-5m-1790865900,1790865900.0,1790866000.0,2026-10-01,Down,2.7365010542391244,0.3,1.0,0.74,0.013468000000000003,342.55,True,0.246532,filled,btc,36869869857
btc-updown-5m-1790865900,1790865900.0,1790866000.0,2026-10-01,Down,2.7365010542391244,0.35,1.0,0.74,0.013468000000000003,248.21,True,0.246532,filled,btc,36869869857
btc-updown-5m-1790865900,1790865900.0,1790866000.0,2026-10-01,Down,2.7365010542391244,0.4,1.0,0.74,0.013468000000000003,273.21,True,0.246532,filled,btc,36869869857
btc-updown-5m-1790865900,1790865900.0,1790866000.0,2026-10-01,Down,2.7365010542391244,0.5,1.0,0.74,0.013468000000000003,440.21,True,0.246532,filled,btc,36869869857
btc-updown-5m-1790866200,1790866200.0,1790866260.0,2026-10-01,Up,3.577013341327159,0.3,1.0,0.54,0.017388,1745.68,True,0.44261199999999995,filled,btc,36869869857
btc-updown-5m-1790866200,1790866200.0,1790866260.0,2026-10-01,Up,3.577013341327159,0.35,1.0,0.54,0.017388,1745.68,True,0.44261199999999995,filled,btc,36869869857
btc-updown-5m-1790866200,1790866200.0,1790866260.0,2026-10-01,Up,3.577013341327159,0.4,1.0,0.53,0.017437,187.41,True,0.452563,filled,btc,36869869857
btc-updown-5m-1790866200,1790866200.0,1790866260.0,2026-10-01,Up,3.577013341327159,0.5,1.0,0.53,0.017437,831.77,True,0.452563,filled,btc,36869869857
btc-updown-5m-1790866500,1790866500.0,1790866571.0,2026-10-01,Down,3.1521372822996194,0.3,0.0,0.55,0.017325,1162.66,True,-0.5673250000000001,filled,btc,36869869857
btc-updown-5m-1790866500,1790866500.0,1790866571.0,2026-10-01,Down,3.1521372822996194,0.35,0.0,0.55,0.017325,1160.76,True,-0.5673250000000001,filled,btc,36869869857
btc-updown-5m-1790866500,1790866500.0,1790866571.0,2026-10-01,Down,3.1521372822996194,0.4,0.0,0.55,0.017325,1317.75,True,-0.5673250000000001,filled,btc,36869869857
btc-updown-5m-1790866500,1790866500.0,1790866571.0,2026-10-01,Down,3.1521372822996194,0.5,0.0,0.53,0.017437,45.0,True,-0.5474370000000001,filled,btc,36869869857
btc-updown-5m-1790866800,1790866800.0,1790867036.0,2026-10-01,Up,3.668562497350142,0.3,1.0,,,,False,,book_unavailable,btc,36869869857
btc-updown-5m-1790866800,1790866800.0,1790867036.0,2026-10-01,Up,3.668562497350142,0.35,1.0,,,,False,,book_unavailable,btc,36869869857
btc-updown-5m-1790866800,1790866800.0,1790867036.0,2026-10-01,Up,3.668562497350142,0.4,1.0,,,,False,,book_unavailable,btc,36869869857
btc-updown-5m-1790866800,1790866800.0,1790867036.0,2026-10-01,Up,3.668562497350142,0.5,1.0,,,,False,,book_unavailable,btc,36869869857
btc-updown-5m-1790867700,1790867700.0,1790867780.0,2026-10-01,Up,2.7131431347950707,0.3,1.0,0.72,0.014112000000000001,2080.99,True,0.265888,filled,btc,36869869857
btc-updown-5m-1790867700,1790867700.0,1790867780.0,2026-10-01,Up,2.7131431347950707,0.35,1.0,0.72,0.014112000000000001,1980.99,True,0.265888,filled,btc,36869869857
btc-updown-5m-1790867700,1790867700.0,1790867780.0,2026-10-01,Up,2.7131431347950707,0.4,1.0,0.72,0.014112000000000001,2009.99,True,0.265888,filled,btc,36869869857
btc-updown-5m-1790867700,1790867700.0,1790867780.0,2026-10-01,Up,2.7131431347950707,0.5,1.0,0.72,0.014112000000000001,2029.99,True,0.265888,filled,btc,36869869857
btc-updown-5m-1790868000,1790868000.0,1790868150.0,2026-10-01,Down,2.854561040225419,0.3,1.0,0.7,0.014700000000000003,187.98,True,0.28530000000000005,filled,btc,36869869857
btc-updown-5m-1790868000,1790868000.0,1790868150.0,2026-10-01,Down,2.854561040225419,0.35,1.0,0.7,0.014700000000000003,76.66,True,0.28530000000000005,filled,btc,36869869857
btc-updown-5m-1790868000,1790868000.0,1790868150.0,2026-10-01,Down,2.854561040225419,0.4,1.0,0.7,0.014700000000000003,76.66,True,0.28530000000000005,filled,btc,36869869857
btc-updown-5m-1790868000,1790868000.0,1790868150.0,2026-10-01,Down,2.854561040225419,0.5,1.0,0.7,0.014700000000000003,46.66,True,0.28530000000000005,filled,btc,36869869857
btc-updown-5m-1790868300,1790868300.0,1790868514.0,2026-10-01,Down,3.1766113142576575,0.3,1.0,0.92,0.005151999999999999,21.91,True,0.07484799999999996,filled,btc,36869869857
btc-updown-5m-1790868300,1790868300.0,1790868514.0,2026-10-01,Down,3.1766113142576575,0.35,1.0,0.92,0.005151999999999999,19.73,True,0.07484799999999996,filled,btc,36869869857
btc-updown-5m-1790868300,1790868300.0,1790868514.0,2026-10-01,Down,3.1766113142576575,0.4,1.0,0.9299999999999999,0.004557000000000005,80.0,True,0.06544300000000006,filled,btc,36869869857
btc-updown-5m-1790868300,1790868300.0,1790868514.0,2026-10-01,Down,3.1766113142576575,0.5,1.0,0.9299999999999999,0.004557000000000005,190.0,True,0.06544300000000006,filled,btc,36869869857
btc-updown-5m-1790868600,1790868600.0,1790868663.0,2026-10-01,Down,2.516029952311527,0.3,1.0,0.94,0.003948000000000004,36.24,True,0.056052000000000046,filled,btc,36869869857
btc-updown-5m-1790868600,1790868600.0,1790868663.0,2026-10-01,Down,2.516029952311527,0.35,1.0,0.94,0.003948000000000004,36.24,True,0.056052000000000046,filled,btc,36869869857
btc-updown-5m-1790868600,1790868600.0,1790868663.0,2026-10-01,Down,2.516029952311527,0.4,1.0,0.94,0.003948000000000004,36.24,True,0.056052000000000046,filled,btc,36869869857
btc-updown-5m-1790868600,1790868600.0,1790868663.0,2026-10-01,Down,2.516029952311527,0.5,1.0,0.94,0.003948000000000004,76.24,True,0.056052000000000046,filled,btc,36869869857
btc-updown-5m-1790868900,1790868900.0,1790868974.0,2026-10-01,Up,2.916245259061018,0.3,1.0,0.6,0.016800000000000002,3323.25,True,0.38320000000000004,filled,btc,36869869857
btc-updown-5m-1790868900,1790868900.0,1790868974.0,2026-10-01,Up,2.916245259061018,0.35,1.0,0.6,0.016800000000000002,3323.25,True,0.38320000000000004,filled,btc,36869869857
btc-updown-5m-1790868900,1790868900.0,1790868974.0,2026-10-01,Up,2.916245259061018,0.4,1.0,0.6,0.016800000000000002,3263.25,True,0.38320000000000004,filled,btc,36869869857
btc-updown-5m-1790868900,1790868900.0,1790868974.0,2026-10-01,Up,2.916245259061018,0.5,1.0,0.6,0.016800000000000002,3171.51,True,0.38320000000000004,filled,btc,36869869857
btc-updown-5m-1790869200,1790869200.0,1790869309.0,2026-10-01,Down,2.537082683062657,0.3,1.0,0.79,0.011613,69.91,True,0.19838699999999995,filled,btc,36869869857
btc-updown-5m-1790869200,1790869200.0,1790869309.0,2026-10-01,Down,2.537082683062657,0.35,1.0,0.79,0.011613,48.91,True,0.19838699999999995,filled,btc,36869869857
btc-updown-5m-1790869200,1790869200.0,1790869309.0,2026-10-01,Down,2.537082683062657,0.4,1.0,0.79,0.011613,17.91,True,0.19838699999999995,filled,btc,36869869857
btc-updown-5m-1790869200,1790869200.0,1790869309.0,2026-10-01,Down,2.537082683062657,0.5,1.0,0.8,0.0112,33.0,True,0.18879999999999997,filled,btc,36869869857
btc-updown-5m-1790869500,1790869500.0,1790869560.0,2026-10-01,Up,3.0381899852825764,0.3,1.0,0.89,0.006853,801.3,True,0.10314699999999999,filled,btc,36869869857
btc-updown-5m-1790869500,1790869500.0,1790869560.0,2026-10-01,Up,3.0381899852825764,0.35,1.0,0.89,0.006853,1261.64,True,0.10314699999999999,filled,btc,36869869857
btc-updown-5m-1790869500,1790869500.0,1790869560.0,2026-10-01,Up,3.0381899852825764,0.4,1.0,0.89,0.006853,1306.64,True,0.10314699999999999,filled,btc,36869869857
btc-updown-5m-1790869500,1790869500.0,1790869560.0,2026-10-01,Up,3.0381899852825764,0.5,1.0,0.89,0.006853,1321.64,True,0.10314699999999999,filled,btc,36869869857
btc-updown-5m-1790869800,1790869800.0,1790869890.0,2026-10-01,Down,3.0680184989284958,0.3,1.0,0.8200000000000001,0.010331999999999997,563.03,True,0.16966799999999993,filled,btc,36869869857
btc-updown-5m-1790869800,1790869800.0,1790869890.0,2026-10-01,Down,3.0680184989284958,0.35,1.0,0.8200000000000001,0.010331999999999997,628.03,True,0.16966799999999993,filled,btc,36869869857
btc-updown-5m-1790869800,1790869800.0,1790869890.0,2026-10-01,Down,3.0680184989284958,0.4,1.0,0.8200000000000001,0.010331999999999997,576.03,True,0.16966799999999993,filled,btc,36869869857
btc-updown-5m-1790869800,1790869800.0,1790869890.0,2026-10-01,Down,3.0680184989284958,0.5,1.0,0.8200000000000001,0.010331999999999997,560.03,True,0.16966799999999993,filled,btc,36869869857
btc-updown-5m-1790870100,1790870100.0,1790870185.0,2026-10-01,Up,2.5214950335279864,0.3,0.0,0.59,0.016933000000000004,7.9,True,-0.606933,filled,btc,36869869857
btc-updown-5m-1790870100,1790870100.0,1790870185.0,2026-10-01,Up,2.5214950335279864,0.35,0.0,0.61,0.016653,73.22,True,-0.626653,filled,btc,36869869857
btc-updown-5m-1790870100,1790870100.0,1790870185.0,2026-10-01,Up,2.5214950335279864,0.4,0.0,0.61,0.016653,55.92,True,-0.626653,filled,btc,36869869857
btc-updown-5m-1790870100,1790870100.0,1790870185.0,2026-10-01,Up,2.5214950335279864,0.5,0.0,0.56,0.017248,20.0,True,-0.5772480000000001,filled,btc,36869869857
btc-updown-5m-1790870400,1790870400.0,1790870462.0,2026-10-01,Down,3.1836918157005534,0.3,0.0,0.36,0.016128,186.52,True,-0.37612799999999996,filled,btc,36869869857
btc-updown-5m-1790870400,1790870400.0,1790870462.0,2026-10-01,Down,3.1836918157005534,0.35,0.0,0.36,0.016128,276.52,True,-0.37612799999999996,filled,btc,36869869857
btc-updown-5m-1790870400,1790870400.0,1790870462.0,2026-10-01,Down,3.1836918157005534,0.4,0.0,0.36,0.016128,1274.98,True,-0.37612799999999996,filled,btc,36869869857
btc-updown-5m-1790870400,1790870400.0,1790870462.0,2026-10-01,Down,3.1836918157005534,0.5,0.0,0.36,0.016128,1607.09,True,-0.37612799999999996,filled,btc,36869869857
btc-updown-5m-1790870700,1790870700.0,1790870771.0,2026-10-01,Up,2.8604791144707216,0.3,0.0,0.57,0.017157000000000002,343.0,True,-0.5871569999999999,filled,btc,36869869857
btc-updown-5m-1790870700,1790870700.0,1790870771.0,2026-10-01,Up,2.8604791144707216,0.35,0.0,0.57,0.017157000000000002,333.0,True,-0.5871569999999999,filled,btc,36869869857
btc-updown-5m-1790870700,1790870700.0,1790870771.0,2026-10-01,Up,2.8604791144707216,0.4,0.0,0.57,0.017157000000000002,359.71,True,-0.5871569999999999,filled,btc,36869869857
btc-updown-5m-1790870700,1790870700.0,1790870771.0,2026-10-01,Up,2.8604791144707216,0.5,0.0,0.57,0.017157000000000002,349.71,True,-0.5871569999999999,filled,btc,36869869857
btc-updown-5m-1790871000,1790871000.0,1790871060.0,2026-10-01,Down,4.072011212085289,0.3,0.0,0.62,0.016492,118.38,True,-0.636492,filled,btc,36869869857
btc-updown-5m-1790871000,1790871000.0,1790871060.0,2026-10-01,Down,4.072011212085289,0.35,0.0,0.62,0.016492,178.38,True,-0.636492,filled,btc,36869869857
btc-updown-5m-1790871000,1790871000.0,1790871060.0,2026-10-01,Down,4.072011212085289,0.4,0.0,0.62,0.016492,93.38,True,-0.636492,filled,btc,36869869857
btc-updown-5m-1790871000,1790871000.0,1790871060.0,2026-10-01,Down,4.072011212085289,0.5,0.0,0.62,0.016492,73.38,True,-0.636492,filled,btc,36869869857
btc-updown-5m-1790871300,1790871300.0,1790871516.0,2026-10-01,Up,2.7064564485586775,0.3,1.0,0.97,0.002037000000000002,198.48,True,0.027963000000000026,filled,btc,36869869857
btc-updown-5m-1790871300,1790871300.0,1790871516.0,2026-10-01,Up,2.7064564485586775,0.35,1.0,0.97,0.002037000000000002,178.17,True,0.027963000000000026,filled,btc,36869869857
btc-updown-5m-1790871300,1790871300.0,1790871516.0,2026-10-01,Up,2.7064564485586775,0.4,1.0,0.97,0.002037000000000002,108.17,True,0.027963000000000026,filled,btc,36869869857
btc-updown-5m-1790871300,1790871300.0,1790871516.0,2026-10-01,Up,2.7064564485586775,0.5,1.0,0.97,0.002037000000000002,63.17,True,0.027963000000000026,filled,btc,36869869857
btc-updown-5m-1790871900,1790871900.0,1790872020.0,2026-10-01,Down,2.559911247669447,0.3,1.0,0.5900000000000001,0.016933,36.28,True,0.39306699999999994,filled,btc,36869869857
btc-updown-5m-1790871900,1790871900.0,1790872020.0,2026-10-01,Down,2.559911247669447,0.35,1.0,0.64,0.016128000000000003,20.0,True,0.34387199999999996,filled,btc,36869869857
btc-updown-5m-1790871900,1790871900.0,1790872020.0,2026-10-01,Down,2.559911247669447,0.4,1.0,0.6,0.016800000000000002,5.0,True,0.38320000000000004,filled,btc,36869869857
btc-updown-5m-1790871900,1790871900.0,1790872020.0,2026-10-01,Down,2.559911247669447,0.5,1.0,0.61,0.016653,10.0,True,0.373347,filled,btc,36869869857
btc-updown-5m-1790872200,1790872200.0,1790872264.0,2026-10-01,Up,2.784008197176855,0.3,1.0,0.82,0.010332000000000003,674.0,True,0.16966800000000004,filled,btc,36869869857
btc-updown-5m-1790872200,1790872200.0,1790872264.0,2026-10-01,Up,2.784008197176855,0.35,1.0,0.82,0.010332000000000003,788.05,True,0.16966800000000004,filled,btc,36869869857
btc-updown-5m-1790872200,1790872200.0,1790872264.0,2026-10-01,Up,2.784008197176855,0.4,1.0,0.82,0.010332000000000003,773.05,True,0.16966800000000004,filled,btc,36869869857
btc-updown-5m-1790872200,1790872200.0,1790872264.0,2026-10-01,Up,2.784008197176855,0.5,1.0,0.82,0.010332000000000003,873.05,True,0.16966800000000004,filled,btc,36869869857
btc-updown-5m-1790872500,1790872500.0,1790872563.0,2026-10-01,Down,2.798566615117146,0.3,1.0,0.14,0.008428000000000001,29.33,True,0.851572,filled,btc,36869869857
btc-updown-5m-1790872500,1790872500.0,1790872563.0,2026-10-01,Down,2.798566615117146,0.35,1.0,0.14,0.008428000000000001,29.33,True,0.851572,filled,btc,36869869857
btc-updown-5m-1790872500,1790872500.0,1790872563.0,2026-10-01,Down,2.798566615117146,0.4,1.0,0.14,0.008428000000000001,29.33,True,0.851572,filled,btc,36869869857
btc-updown-5m-1790872500,1790872500.0,1790872563.0,2026-10-01,Down,2.798566615117146,0.5,1.0,0.14,0.008428000000000001,11.47,True,0.851572,filled,btc,36869869857
btc-updown-5m-1790873100,1790873100.0,1790873289.0,2026-10-01,Up,2.83679144551988,0.3,0.0,0.89,0.006853,137.0,True,-0.896853,filled,btc,36869869857
btc-updown-5m-1790873100,1790873100.0,1790873289.0,2026-10-01,Up,2.83679144551988,0.35,0.0,0.89,0.006853,17.0,True,-0.896853,filled,btc,36869869857
btc-updown-5m-1790873100,1790873100.0,1790873289.0,2026-10-01,Up,2.83679144551988,0.4,0.0,0.88,0.007392000000000001,84.0,True,-0.887392,filled,btc,36869869857
btc-updown-5m-1790873100,1790873100.0,1790873289.0,2026-10-01,Up,2.83679144551988,0.5,0.0,0.89,0.006853,5.0,True,-0.896853,filled,btc,36869869857
btc-updown-5m-1790873400,1790873400.0,1790873502.0,2026-10-01,Up,4.399636318056989,0.3,0.0,0.12,0.007392000000000001,282.0,True,-0.127392,filled,btc,36869869857
btc-updown-5m-1790873400,1790873400.0,1790873502.0,2026-10-01,Up,4.399636318056989,0.35,0.0,0.12,0.007392000000000001,282.0,True,-0.127392,filled,btc,36869869857
btc-updown-5m-1790873400,1790873400.0,1790873502.0,2026-10-01,Up,4.399636318056989,0.4,0.0,0.12,0.007392000000000001,282.0,True,-0.127392,filled,btc,36869869857
btc-updown-5m-1790873400,1790873400.0,1790873502.0,2026-10-01,Up,4.399636318056989,0.5,0.0,0.12,0.007392000000000001,282.0,True,-0.127392,filled,btc,36869869857
btc-updown-5m-1790873700,1790873700.0,1790873799.0,2026-10-01,Down,2.646406955987219,0.3,1.0,0.9299999999999999,0.004557000000000005,944.3,True,0.06544300000000006,filled,btc,36869869857
btc-updown-5m-1790873700,1790873700.0,1790873799.0,2026-10-01,Down,2.646406955987219,0.35,1.0,0.9299999999999999,0.004557000000000005,911.08,True,0.06544300000000006,filled,btc,36869869857
btc-updown-5m-1790873700,1790873700.0,1790873799.0,2026-10-01,Down,2.646406955987219,0.4,1.0,0.9299999999999999,0.004557000000000005,843.39,True,0.06544300000000006,filled,btc,36869869857
btc-updown-5m-1790873700,1790873700.0,1790873799.0,2026-10-01,Down,2.646406955987219,0.5,1.0,0.9299999999999999,0.004557000000000005,926.08,True,0.06544300000000006,filled,btc,36869869857
btc-updown-5m-1790874000,1790874000.0,1790874102.0,2026-10-01,Up,2.605656852738814,0.3,1.0,0.79,0.011613,15.82,True,0.19838699999999995,filled,btc,36869869857
btc-updown-5m-1790874000,1790874000.0,1790874102.0,2026-10-01,Up,2.605656852738814,0.35,1.0,0.79,0.011613,0.82,False,,depth,btc,36869869857
btc-updown-5m-1790874000,1790874000.0,1790874102.0,2026-10-01,Up,2.605656852738814,0.4,1.0,0.79,0.011613,0.82,False,,depth,btc,36869869857
btc-updown-5m-1790874000,1790874000.0,1790874102.0,2026-10-01,Up,2.605656852738814,0.5,1.0,0.79,0.011613,322.52,True,0.19838699999999995,filled,btc,36869869857
btc-updown-5m-1790874300,1790874300.0,1790874364.0,2026-10-01,Up,2.7666015990014117,0.3,0.0,0.6,0.016800000000000002,1022.34,True,-0.6168,filled,btc,36869869857
btc-updown-5m-1790874300,1790874300.0,1790874364.0,2026-10-01,Up,2.7666015990014117,0.35,0.0,0.6,0.016800000000000002,153.57,True,-0.6168,filled,btc,36869869857
btc-updown-5m-1790874300,1790874300.0,1790874364.0,2026-10-01,Up,2.7666015990014117,0.4,0.0,0.6,0.016800000000000002,161.9,True,-0.6168,filled,btc,36869869857
btc-updown-5m-1790874300,1790874300.0,1790874364.0,2026-10-01,Up,2.7666015990014117,0.5,0.0,0.6,0.016800000000000002,50.0,True,-0.6168,filled,btc,36869869857
btc-updown-5m-1790874600,1790874600.0,1790874725.0,2026-10-01,Down,6.544123541654736,0.3,0.0,0.5900000000000001,0.016933,608.09,True,-0.6069330000000001,filled,btc,36869869857
btc-updown-5m-1790874600,1790874600.0,1790874725.0,2026-10-01,Down,6.544123541654736,0.35,0.0,0.5700000000000001,0.017157,20.0,True,-0.587157,filled,btc,36869869857
btc-updown-5m-1790874600,1790874600.0,1790874725.0,2026-10-01,Down,6.544123541654736,0.4,0.0,0.5700000000000001,0.017157,14.73,True,-0.587157,filled,btc,36869869857
btc-updown-5m-1790874600,1790874600.0,1790874725.0,2026-10-01,Down,6.544123541654736,0.5,0.0,0.5700000000000001,0.017157,90.01,True,-0.587157,filled,btc,36869869857
btc-updown-5m-1790874900,1790874900.0,1790874996.0,2026-10-01,Up,3.2795178916853063,0.3,1.0,0.88,0.007392000000000001,716.86,True,0.112608,filled,btc,36869869857
btc-updown-5m-1790874900,1790874900.0,1790874996.0,2026-10-01,Up,3.2795178916853063,0.35,1.0,0.88,0.007392000000000001,733.45,True,0.112608,filled,btc,36869869857
btc-updown-5m-1790874900,1790874900.0,1790874996.0,2026-10-01,Up,3.2795178916853063,0.4,1.0,0.88,0.007392000000000001,758.45,True,0.112608,filled,btc,36869869857
btc-updown-5m-1790874900,1790874900.0,1790874996.0,2026-10-01,Up,3.2795178916853063,0.5,1.0,0.88,0.007392000000000001,658.45,True,0.112608,filled,btc,36869869857
btc-updown-5m-1790875200,1790875200.0,1790875268.0,2026-10-01,Down,2.5577600696630323,0.3,0.0,0.32999999999999996,0.015477,274.22,True,-0.345477,filled,btc,36869869857
btc-updown-5m-1790875200,1790875200.0,1790875268.0,2026-10-01,Down,2.5577600696630323,0.35,0.0,0.32999999999999996,0.015477,119.87,True,-0.345477,filled,btc,36869869857
btc-updown-5m-1790875200,1790875200.0,1790875268.0,2026-10-01,Down,2.5577600696630323,0.4,0.0,0.32999999999999996,0.015477,144.87,True,-0.345477,filled,btc,36869869857
btc-updown-5m-1790875200,1790875200.0,1790875268.0,2026-10-01,Down,2.5577600696630323,0.5,0.0,0.32999999999999996,0.015477,219.71,True,-0.345477,filled,btc,36869869857
btc-updown-5m-1790875500,1790875500.0,1790875565.0,2026-10-01,Up,3.2393946030390954,0.3,1.0,0.88,0.007392000000000001,104.6,True,0.112608,filled,btc,36869869857
btc-updown-5m-1790875500,1790875500.0,1790875565.0,2026-10-01,Up,3.2393946030390954,0.35,1.0,0.88,0.007392000000000001,86.27,True,0.112608,filled,btc,36869869857
btc-updown-5m-1790875500,1790875500.0,1790875565.0,2026-10-01,Up,3.2393946030390954,0.4,1.0,0.88,0.007392000000000001,175.82,True,0.112608,filled,btc,36869869857
btc-updown-5m-1790875500,1790875500.0,1790875565.0,2026-10-01,Up,3.2393946030390954,0.5,1.0,0.88,0.007392000000000001,130.82,True,0.112608,filled,btc,36869869857
btc-updown-5m-1790875800,1790875800.0,1790875860.0,2026-10-01,Down,2.808759972751669,0.3,1.0,0.30000000000000004,0.014700000000000003,16.0,True,0.6852999999999999,filled,btc,36869869857
btc-updown-5m-1790875800,1790875800.0,1790875860.0,2026-10-01,Down,2.808759972751669,0.35,1.0,0.31000000000000005,0.014973000000000004,10.8,True,0.6750269999999999,filled,btc,36869869857
btc-updown-5m-1790875800,1790875800.0,1790875860.0,2026-10-01,Down,2.808759972751669,0.4,1.0,0.31000000000000005,0.014973000000000004,10.8,True,0.6750269999999999,filled,btc,36869869857
btc-updown-5m-1790875800,1790875800.0,1790875860.0,2026-10-01,Down,2.808759972751669,0.5,1.0,0.31000000000000005,0.014973000000000004,35.0,True,0.6750269999999999,filled,btc,36869869857
btc-updown-5m-1790876100,1790876100.0,1790876206.0,2026-10-01,Up,3.1353171360284504,0.3,1.0,0.6,0.016800000000000002,2300.06,True,0.38320000000000004,filled,btc,36869869857
btc-updown-5m-1790876100,1790876100.0,1790876206.0,2026-10-01,Up,3.1353171360284504,0.35,1.0,0.59,0.016933000000000004,464.66,True,0.39306700000000006,filled,btc,36869869857
btc-updown-5m-1790876100,1790876100.0,1790876206.0,2026-10-01,Up,3.1353171360284504,0.4,1.0,0.59,0.016933000000000004,881.66,True,0.39306700000000006,filled,btc,36869869857
btc-updown-5m-1790876100,1790876100.0,1790876206.0,2026-10-01,Up,3.1353171360284504,0.5,1.0,0.59,0.016933000000000004,269.86,True,0.39306700000000006,filled,btc,36869869857
btc-updown-5m-1790876400,1790876400.0,1790876546.0,2026-10-01,Down,2.6869816771504342,0.3,0.0,0.42000000000000004,0.017052,117.01,True,-0.43705200000000005,filled,btc,36869869857
btc-updown-5m-1790876400,1790876400.0,1790876546.0,2026-10-01,Down,2.6869816771504342,0.35,0.0,0.42000000000000004,0.017052,117.01,True,-0.43705200000000005,filled,btc,36869869857
btc-updown-5m-1790876400,1790876400.0,1790876546.0,2026-10-01,Down,2.6869816771504342,0.4,0.0,0.42000000000000004,0.017052,117.01,True,-0.43705200000000005,filled,btc,36869869857
btc-updown-5m-1790876400,1790876400.0,1790876546.0,2026-10-01,Down,2.6869816771504342,0.5,0.0,0.42000000000000004,0.017052,147.01,True,-0.43705200000000005,filled,btc,36869869857
btc-updown-5m-1790876700,1790876700.0,1790876771.0,2026-10-01,Up,3.3006530517185793,0.3,0.0,0.6,0.016800000000000002,1492.15,True,-0.6168,filled,btc,36869869857
btc-updown-5m-1790876700,1790876700.0,1790876771.0,2026-10-01,Up,3.3006530517185793,0.35,0.0,0.6,0.016800000000000002,1447.15,True,-0.6168,filled,btc,36869869857
btc-updown-5m-1790876700,1790876700.0,1790876771.0,2026-10-01,Up,3.3006530517185793,0.4,0.0,0.6,0.016800000000000002,1452.15,True,-0.6168,filled,btc,36869869857
btc-updown-5m-1790876700,1790876700.0,1790876771.0,2026-10-01,Up,3.3006530517185793,0.5,0.0,0.6,0.016800000000000002,1472.15,True,-0.6168,filled,btc,36869869857
btc-updown-5m-1790877000,1790877000.0,1790877208.0,2026-10-01,Up,2.8056316712768337,0.3,0.0,0.76,0.012768,360.56,True,-0.772768,filled,btc,36869869857
btc-updown-5m-1790877000,1790877000.0,1790877208.0,2026-10-01,Up,2.8056316712768337,0.35,0.0,0.76,0.012768,515.07,True,-0.772768,filled,btc,36869869857
btc-updown-5m-1790877000,1790877000.0,1790877208.0,2026-10-01,Up,2.8056316712768337,0.4,0.0,0.76,0.012768,558.28,True,-0.772768,filled,btc,36869869857
btc-updown-5m-1790877000,1790877000.0,1790877208.0,2026-10-01,Up,2.8056316712768337,0.5,0.0,0.73,0.013797000000000002,50.0,True,-0.7437969999999999,filled,btc,36869869857
btc-updown-5m-1790877300,1790877300.0,1790877407.0,2026-10-01,Down,2.9153358883936815,0.3,1.0,0.86,0.008428000000000001,5.1,True,0.13157200000000002,filled,btc,36869869857
btc-updown-5m-1790877300,1790877300.0,1790877407.0,2026-10-01,Down,2.9153358883936815,0.35,1.0,0.86,0.008428000000000001,5.1,True,0.13157200000000002,filled,btc,36869869857
btc-updown-5m-1790877300,1790877300.0,1790877407.0,2026-10-01,Down,2.9153358883936815,0.4,1.0,0.86,0.008428000000000001,61.57,True,0.13157200000000002,filled,btc,36869869857
btc-updown-5m-1790877300,1790877300.0,1790877407.0,2026-10-01,Down,2.9153358883936815,0.5,1.0,0.87,0.007917,181.83,True,0.122083,filled,btc,36869869857
btc-updown-5m-1790877600,1790877600.0,1790877720.0,2026-10-01,Up,4.521203271961904,0.3,0.0,0.41,0.016933000000000004,104.48,True,-0.426933,filled,btc,36869869857
btc-updown-5m-1790877600,1790877600.0,1790877720.0,2026-10-01,Up,4.521203271961904,0.35,0.0,0.39,0.016653,11.05,True,-0.40665300000000004,filled,btc,36869869857
btc-updown-5m-1790877600,1790877600.0,1790877720.0,2026-10-01,Up,4.521203271961904,0.4,0.0,0.39,0.016653,26.04,True,-0.40665300000000004,filled,btc,36869869857
btc-updown-5m-1790877600,1790877600.0,1790877720.0,2026-10-01,Up,4.521203271961904,0.5,0.0,0.4,0.016800000000000002,30.0,True,-0.4168,filled,btc,36869869857
btc-updown-5m-1790882100,1790882100.0,1790882286.0,2026-10-01,Down,4.908987431877384,0.3,1.0,0.9299999999999999,0.004557000000000005,349.96,True,0.06544300000000006,filled,btc,36912544596
btc-updown-5m-1790882100,1790882100.0,1790882286.0,2026-10-01,Down,4.908987431877384,0.35,1.0,0.9299999999999999,0.004557000000000005,349.96,True,0.06544300000000006,filled,btc,36912544596
btc-updown-5m-1790882100,1790882100.0,1790882286.0,2026-10-01,Down,4.908987431877384,0.4,1.0,0.9299999999999999,0.004557000000000005,358.99,True,0.06544300000000006,filled,btc,36912544596
btc-updown-5m-1790882100,1790882100.0,1790882286.0,2026-10-01,Down,4.908987431877384,0.5,1.0,0.9299999999999999,0.004557000000000005,369.96,True,0.06544300000000006,filled,btc,36912544596
btc-updown-5m-1790882400,1790882400.0,1790882462.0,2026-10-01,Down,5.820532790696809,0.3,1.0,0.9,0.0063,550.69,True,0.09369999999999998,filled,btc,36912544596
btc-updown-5m-1790882400,1790882400.0,1790882462.0,2026-10-01,Down,5.820532790696809,0.35,1.0,0.9,0.0063,622.69,True,0.09369999999999998,filled,btc,36912544596
btc-updown-5m-1790882400,1790882400.0,1790882462.0,2026-10-01,Down,5.820532790696809,0.4,1.0,0.9,0.0063,567.69,True,0.09369999999999998,filled,btc,36912544596
btc-updown-5m-1790882400,1790882400.0,1790882462.0,2026-10-01,Down,5.820532790696809,0.5,1.0,0.9,0.0063,607.69,True,0.09369999999999998,filled,btc,36912544596
btc-updown-5m-1790883000,1790883000.0,1790883063.0,2026-10-01,Up,2.5117421222915555,0.3,1.0,0.79,0.011613,308.0,True,0.19838699999999995,filled,btc,36912544596
btc-updown-5m-1790883000,1790883000.0,1790883063.0,2026-10-01,Up,2.5117421222915555,0.35,1.0,0.79,0.011613,150.0,True,0.19838699999999995,filled,btc,36912544596
btc-updown-5m-1790883000,1790883000.0,1790883063.0,2026-10-01,Up,2.5117421222915555,0.4,1.0,0.79,0.011613,388.0,True,0.19838699999999995,filled,btc,36912544596
btc-updown-5m-1790883000,1790883000.0,1790883063.0,2026-10-01,Up,2.5117421222915555,0.5,1.0,0.79,0.011613,650.43,True,0.19838699999999995,filled,btc,36912544596
btc-updown-5m-1790883300,1790883300.0,1790883388.0,2026-10-01,Down,3.105828390516159,0.3,1.0,0.85,0.008925000000000002,51.87,True,0.141075,filled,btc,36912544596
btc-updown-5m-1790883300,1790883300.0,1790883388.0,2026-10-01,Down,3.105828390516159,0.35,1.0,0.86,0.008428000000000001,2290.15,True,0.13157200000000002,filled,btc,36912544596
btc-updown-5m-1790883300,1790883300.0,1790883388.0,2026-10-01,Down,3.105828390516159,0.4,1.0,0.86,0.008428000000000001,2708.88,True,0.13157200000000002,filled,btc,36912544596
btc-updown-5m-1790883300,1790883300.0,1790883388.0,2026-10-01,Down,3.105828390516159,0.5,1.0,0.86,0.008428000000000001,3300.66,True,0.13157200000000002,filled,btc,36912544596
btc-updown-5m-1790883600,1790883600.0,1790883664.0,2026-10-01,Up,3.725318257509446,0.3,1.0,0.8,0.0112,5.0,True,0.18879999999999997,filled,btc,36912544596
btc-updown-5m-1790883600,1790883600.0,1790883664.0,2026-10-01,Up,3.725318257509446,0.35,1.0,0.81,0.010772999999999998,1369.37,True,0.17922699999999994,filled,btc,36912544596
btc-updown-5m-1790883600,1790883600.0,1790883664.0,2026-10-01,Up,3.725318257509446,0.4,1.0,0.81,0.010772999999999998,1369.37,True,0.17922699999999994,filled,btc,36912544596
btc-updown-5m-1790883600,1790883600.0,1790883664.0,2026-10-01,Up,3.725318257509446,0.5,1.0,0.81,0.010772999999999998,1640.67,True,0.17922699999999994,filled,btc,36912544596
btc-updown-5m-1790883900,1790883900.0,1790884113.0,2026-10-01,Down,4.224098406500662,0.3,1.0,0.97,0.002037000000000002,751.38,True,0.027963000000000026,filled,btc,36912544596
btc-updown-5m-1790883900,1790883900.0,1790884113.0,2026-10-01,Down,4.224098406500662,0.35,1.0,0.97,0.002037000000000002,756.38,True,0.027963000000000026,filled,btc,36912544596
btc-updown-5m-1790883900,1790883900.0,1790884113.0,2026-10-01,Down,4.224098406500662,0.4,1.0,0.97,0.002037000000000002,760.4,True,0.027963000000000026,filled,btc,36912544596
btc-updown-5m-1790883900,1790883900.0,1790884113.0,2026-10-01,Down,4.224098406500662,0.5,1.0,0.97,0.002037000000000002,760.4,True,0.027963000000000026,filled,btc,36912544596
btc-updown-5m-1790884200,1790884200.0,1790884271.0,2026-10-01,Up,3.5052069637243584,0.3,1.0,0.95,0.0033250000000000033,465.19,True,0.04667500000000004,filled,btc,36912544596
btc-updown-5m-1790884200,1790884200.0,1790884271.0,2026-10-01,Up,3.5052069637243584,0.35,1.0,0.95,0.0033250000000000033,415.19,True,0.04667500000000004,filled,btc,36912544596
btc-updown-5m-1790884200,1790884200.0,1790884271.0,2026-10-01,Up,3.5052069637243584,0.4,1.0,0.95,0.0033250000000000033,409.92,True,0.04667500000000004,filled,btc,36912544596
btc-updown-5m-1790884200,1790884200.0,1790884271.0,2026-10-01,Up,3.5052069637243584,0.5,1.0,0.95,0.0033250000000000033,226.59,True,0.04667500000000004,filled,btc,36912544596
btc-updown-5m-1790884500,1790884500.0,1790884736.0,2026-10-01,Up,2.8486573075745705,0.3,1.0,0.8,0.0112,4.15,False,,depth,btc,36912544596
btc-updown-5m-1790884500,1790884500.0,1790884736.0,2026-10-01,Up,2.8486573075745705,0.35,1.0,0.86,0.008428000000000001,9.0,True,0.13157200000000002,filled,btc,36912544596
btc-updown-5m-1790884500,1790884500.0,1790884736.0,2026-10-01,Up,2.8486573075745705,0.4,1.0,0.86,0.008428000000000001,59.0,True,0.13157200000000002,filled,btc,36912544596
btc-updown-5m-1790884500,1790884500.0,1790884736.0,2026-10-01,Up,2.8486573075745705,0.5,1.0,0.85,0.008925000000000002,5.0,True,0.141075,filled,btc,36912544596
btc-updown-5m-1790884800,1790884800.0,1790884992.0,2026-10-01,Up,3.667843519758786,0.3,1.0,,,,False,,book_unavailable,btc,36912544596
btc-updown-5m-1790884800,1790884800.0,1790884992.0,2026-10-01,Up,3.667843519758786,0.35,1.0,,,,False,,book_unavailable,btc,36912544596
btc-updown-5m-1790884800,1790884800.0,1790884992.0,2026-10-01,Up,3.667843519758786,0.4,1.0,,,,False,,book_unavailable,btc,36912544596
btc-updown-5m-1790884800,1790884800.0,1790884992.0,2026-10-01,Up,3.667843519758786,0.5,1.0,,,,False,,book_unavailable,btc,36912544596
btc-updown-5m-1790885100,1790885100.0,1790885218.0,2026-10-01,Up,3.4411608883837856,0.3,0.0,0.6,0.016800000000000002,79.0,True,-0.6168,filled,btc,36912544596
btc-updown-5m-1790885100,1790885100.0,1790885218.0,2026-10-01,Up,3.4411608883837856,0.35,0.0,0.6,0.016800000000000002,79.0,True,-0.6168,filled,btc,36912544596
btc-updown-5m-1790885100,1790885100.0,1790885218.0,2026-10-01,Up,3.4411608883837856,0.4,0.0,0.6,0.016800000000000002,74.0,True,-0.6168,filled,btc,36912544596
btc-updown-5m-1790885100,1790885100.0,1790885218.0,2026-10-01,Up,3.4411608883837856,0.5,0.0,0.6,0.016800000000000002,69.0,True,-0.6168,filled,btc,36912544596
btc-updown-5m-1790885400,1790885400.0,1790885473.0,2026-10-01,Up,2.511048745187983,0.3,0.0,0.47,0.017437,629.54,True,-0.48743699999999995,filled,btc,36912544596
btc-updown-5m-1790885400,1790885400.0,1790885473.0,2026-10-01,Up,2.511048745187983,0.35,0.0,0.47,0.017437,689.01,True,-0.48743699999999995,filled,btc,36912544596
btc-updown-5m-1790885400,1790885400.0,1790885473.0,2026-10-01,Up,2.511048745187983,0.4,0.0,0.47,0.017437,693.09,True,-0.48743699999999995,filled,btc,36912544596
btc-updown-5m-1790885400,1790885400.0,1790885473.0,2026-10-01,Up,2.511048745187983,0.5,0.0,0.47,0.017437,733.09,True,-0.48743699999999995,filled,btc,36912544596
btc-updown-5m-1790885700,1790885700.0,1790885790.0,2026-10-01,Up,2.646543966757971,0.3,1.0,0.68,0.015232,766.83,True,0.30476799999999993,filled,btc,36912544596
btc-updown-5m-1790885700,1790885700.0,1790885790.0,2026-10-01,Up,2.646543966757971,0.35,1.0,0.68,0.015232,828.94,True,0.30476799999999993,filled,btc,36912544596
btc-updown-5m-1790885700,1790885700.0,1790885790.0,2026-10-01,Up,2.646543966757971,0.4,1.0,0.67,0.015477,100.0,True,0.31452299999999994,filled,btc,36912544596
btc-updown-5m-1790885700,1790885700.0,1790885790.0,2026-10-01,Up,2.646543966757971,0.5,1.0,0.67,0.015477,442.3,True,0.31452299999999994,filled,btc,36912544596
btc-updown-5m-1790886300,1790886300.0,1790886413.0,2026-10-01,Down,8.685989677933089,0.3,1.0,0.91,0.0057329999999999985,8.0,True,0.08426699999999997,filled,btc,36912544596
btc-updown-5m-1790886300,1790886300.0,1790886413.0,2026-10-01,Down,8.685989677933089,0.35,1.0,0.91,0.0057329999999999985,30.0,True,0.08426699999999997,filled,btc,36912544596
btc-updown-5m-1790886300,1790886300.0,1790886413.0,2026-10-01,Down,8.685989677933089,0.4,1.0,0.91,0.0057329999999999985,33.9,True,0.08426699999999997,filled,btc,36912544596
btc-updown-5m-1790886300,1790886300.0,1790886413.0,2026-10-01,Down,8.685989677933089,0.5,1.0,0.91,0.0057329999999999985,33.9,True,0.08426699999999997,filled,btc,36912544596
btc-updown-5m-1790886600,1790886600.0,1790886777.0,2026-10-01,Down,3.0851415820675387,0.3,1.0,0.9299999999999999,0.004557000000000005,236.06,True,0.06544300000000006,filled,btc,36912544596
btc-updown-5m-1790886600,1790886600.0,1790886777.0,2026-10-01,Down,3.0851415820675387,0.35,1.0,0.9299999999999999,0.004557000000000005,301.06,True,0.06544300000000006,filled,btc,36912544596
btc-updown-5m-1790886600,1790886600.0,1790886777.0,2026-10-01,Down,3.0851415820675387,0.4,1.0,0.9299999999999999,0.004557000000000005,561.99,True,0.06544300000000006,filled,btc,36912544596
btc-updown-5m-1790886600,1790886600.0,1790886777.0,2026-10-01,Down,3.0851415820675387,0.5,1.0,0.9299999999999999,0.004557000000000005,555.53,True,0.06544300000000006,filled,btc,36912544596
btc-updown-5m-1790886900,1790886900.0,1790886988.0,2026-10-01,Down,4.170541325554064,0.3,1.0,0.75,0.013125000000000001,748.32,True,0.236875,filled,btc,36912544596
btc-updown-5m-1790886900,1790886900.0,1790886988.0,2026-10-01,Down,4.170541325554064,0.35,1.0,0.75,0.013125000000000001,1339.21,True,0.236875,filled,btc,36912544596
btc-updown-5m-1790886900,1790886900.0,1790886988.0,2026-10-01,Down,4.170541325554064,0.4,1.0,0.75,0.013125000000000001,1275.26,True,0.236875,filled,btc,36912544596
btc-updown-5m-1790886900,1790886900.0,1790886988.0,2026-10-01,Down,4.170541325554064,0.5,1.0,0.74,0.013468000000000003,1942.38,True,0.246532,filled,btc,36912544596
btc-updown-5m-1790887200,1790887200.0,1790887306.0,2026-10-01,Down,3.1844880196821945,0.3,1.0,0.94,0.003948000000000004,675.24,True,0.056052000000000046,filled,btc,36912544596
btc-updown-5m-1790887200,1790887200.0,1790887306.0,2026-10-01,Down,3.1844880196821945,0.35,1.0,0.94,0.003948000000000004,699.17,True,0.056052000000000046,filled,btc,36912544596
btc-updown-5m-1790887200,1790887200.0,1790887306.0,2026-10-01,Down,3.1844880196821945,0.4,1.0,0.94,0.003948000000000004,769.66,True,0.056052000000000046,filled,btc,36912544596
btc-updown-5m-1790887200,1790887200.0,1790887306.0,2026-10-01,Down,3.1844880196821945,0.5,1.0,0.94,0.003948000000000004,737.5,True,0.056052000000000046,filled,btc,36912544596
btc-updown-5m-1790887500,1790887500.0,1790887577.0,2026-10-01,Up,3.14246152593208,0.3,1.0,0.33,0.015477,8.96,True,0.654523,filled,btc,36912544596
btc-updown-5m-1790887500,1790887500.0,1790887577.0,2026-10-01,Up,3.14246152593208,0.35,1.0,0.33,0.015477,8.96,True,0.654523,filled,btc,36912544596
btc-updown-5m-1790887500,1790887500.0,1790887577.0,2026-10-01,Up,3.14246152593208,0.4,1.0,0.34,0.015708000000000003,58.93,True,0.6442919999999999,filled,btc,36912544596
btc-updown-5m-1790887500,1790887500.0,1790887577.0,2026-10-01,Up,3.14246152593208,0.5,1.0,0.34,0.015708000000000003,1601.0,True,0.6442919999999999,filled,btc,36912544596
btc-updown-5m-1790887800,1790887800.0,1790887864.0,2026-10-01,Up,3.1623058949169094,0.3,1.0,0.87,0.007917,942.62,True,0.122083,filled,btc,36912544596
btc-updown-5m-1790887800,1790887800.0,1790887864.0,2026-10-01,Up,3.1623058949169094,0.35,1.0,0.87,0.007917,1186.63,True,0.122083,filled,btc,36912544596
btc-updown-5m-1790887800,1790887800.0,1790887864.0,2026-10-01,Up,3.1623058949169094,0.4,1.0,0.87,0.007917,677.12,True,0.122083,filled,btc,36912544596
btc-updown-5m-1790887800,1790887800.0,1790887864.0,2026-10-01,Up,3.1623058949169094,0.5,1.0,0.87,0.007917,531.71,True,0.122083,filled,btc,36912544596
btc-updown-5m-1790888100,1790888100.0,1790888331.0,2026-10-01,Down,3.1949726512556382,0.3,0.0,0.39,0.016653,192.74,True,-0.40665300000000004,filled,btc,36912544596
btc-updown-5m-1790888100,1790888100.0,1790888331.0,2026-10-01,Down,3.1949726512556382,0.35,0.0,0.38,0.016492,113.0,True,-0.396492,filled,btc,36912544596
btc-updown-5m-1790888100,1790888100.0,1790888331.0,2026-10-01,Down,3.1949726512556382,0.4,0.0,0.36,0.016128,163.0,True,-0.37612799999999996,filled,btc,36912544596
btc-updown-5m-1790888100,1790888100.0,1790888331.0,2026-10-01,Down,3.1949726512556382,0.5,0.0,0.33999999999999997,0.015708000000000003,234.91,True,-0.35570799999999997,filled,btc,36912544596
btc-updown-5m-1790888400,1790888400.0,1790888543.0,2026-10-01,Up,3.640522188738149,0.3,0.0,0.79,0.011613,5.0,True,-0.801613,filled,btc,36912544596
btc-updown-5m-1790888400,1790888400.0,1790888543.0,2026-10-01,Up,3.640522188738149,0.35,0.0,0.79,0.011613,5.0,True,-0.801613,filled,btc,36912544596
btc-updown-5m-1790888400,1790888400.0,1790888543.0,2026-10-01,Up,3.640522188738149,0.4,0.0,0.79,0.011613,5.0,True,-0.801613,filled,btc,36912544596
btc-updown-5m-1790888400,1790888400.0,1790888543.0,2026-10-01,Up,3.640522188738149,0.5,0.0,0.79,0.011613,5.0,True,-0.801613,filled,btc,36912544596
btc-updown-5m-1790888700,1790888700.0,1790888796.0,2026-10-01,Up,2.6423078653173864,0.3,1.0,0.8,0.0112,284.25,True,0.18879999999999997,filled,btc,36912544596
btc-updown-5m-1790888700,1790888700.0,1790888796.0,2026-10-01,Up,2.6423078653173864,0.35,1.0,0.8,0.0112,174.25,True,0.18879999999999997,filled,btc,36912544596
btc-updown-5m-1790888700,1790888700.0,1790888796.0,2026-10-01,Up,2.6423078653173864,0.4,1.0,0.8,0.0112,5.0,True,0.18879999999999997,filled,btc,36912544596
btc-updown-5m-1790888700,1790888700.0,1790888796.0,2026-10-01,Up,2.6423078653173864,0.5,1.0,0.83,0.009877000000000004,7.23,True,0.16012300000000004,filled,btc,36912544596
btc-updown-5m-1790889000,1790889000.0,1790889193.0,2026-10-01,Up,2.5893153786901637,0.3,0.0,0.7,0.014700000000000003,859.57,True,-0.7147,filled,btc,36912544596
btc-updown-5m-1790889000,1790889000.0,1790889193.0,2026-10-01,Up,2.5893153786901637,0.35,0.0,0.7,0.014700000000000003,839.57,True,-0.7147,filled,btc,36912544596
btc-updown-5m-1790889000,1790889000.0,1790889193.0,2026-10-01,Up,2.5893153786901637,0.4,0.0,0.7,0.014700000000000003,1019.41,True,-0.7147,filled,btc,36912544596
btc-updown-5m-1790889000,1790889000.0,1790889193.0,2026-10-01,Up,2.5893153786901637,0.5,0.0,0.7,0.014700000000000003,1009.41,True,-0.7147,filled,btc,36912544596
btc-updown-5m-1790889300,1790889300.0,1790889392.0,2026-10-01,Down,3.4487112756795977,0.3,1.0,0.97,0.002037000000000002,844.29,True,0.027963000000000026,filled,btc,36912544596
btc-updown-5m-1790889300,1790889300.0,1790889392.0,2026-10-01,Down,3.4487112756795977,0.35,1.0,0.97,0.002037000000000002,844.29,True,0.027963000000000026,filled,btc,36912544596
btc-updown-5m-1790889300,1790889300.0,1790889392.0,2026-10-01,Down,3.4487112756795977,0.4,1.0,0.97,0.002037000000000002,844.29,True,0.027963000000000026,filled,btc,36912544596
btc-updown-5m-1790889300,1790889300.0,1790889392.0,2026-10-01,Down,3.4487112756795977,0.5,1.0,0.97,0.002037000000000002,839.13,True,0.027963000000000026,filled,btc,36912544596
btc-updown-5m-1790889600,1790889600.0,1790889843.0,2026-10-01,Down,3.48993319500121,0.3,0.0,0.17000000000000004,0.009877000000000004,1940.93,True,-0.17987700000000004,filled,btc,36912544596
btc-updown-5m-1790889600,1790889600.0,1790889843.0,2026-10-01,Down,3.48993319500121,0.35,0.0,0.17000000000000004,0.009877000000000004,292.0,True,-0.17987700000000004,filled,btc,36912544596
btc-updown-5m-1790889600,1790889600.0,1790889843.0,2026-10-01,Down,3.48993319500121,0.4,0.0,0.17000000000000004,0.009877000000000004,49.0,True,-0.17987700000000004,filled,btc,36912544596
btc-updown-5m-1790889600,1790889600.0,1790889843.0,2026-10-01,Down,3.48993319500121,0.5,0.0,0.18000000000000005,0.010332000000000004,1942.0,True,-0.19033200000000006,filled,btc,36912544596
btc-updown-5m-1790890200,1790890200.0,1790890310.0,2026-10-01,Up,2.601685173925598,0.3,0.0,0.25,0.013125000000000001,1299.57,True,-0.263125,filled,btc,36912544596
btc-updown-5m-1790890200,1790890200.0,1790890310.0,2026-10-01,Up,2.601685173925598,0.35,0.0,0.25,0.013125000000000001,1299.57,True,-0.263125,filled,btc,36912544596
btc-updown-5m-1790890200,1790890200.0,1790890310.0,2026-10-01,Up,2.601685173925598,0.4,0.0,0.25,0.013125000000000001,1299.57,True,-0.263125,filled,btc,36912544596
btc-updown-5m-1790890200,1790890200.0,1790890310.0,2026-10-01,Up,2.601685173925598,0.5,0.0,0.24,0.012768000000000002,1132.45,True,-0.252768,filled,btc,36912544596
btc-updown-5m-1790890500,1790890500.0,1790890662.0,2026-10-01,Down,4.89793506051654,0.3,1.0,0.86,0.008428000000000001,1124.36,True,0.13157200000000002,filled,btc,36912544596
btc-updown-5m-1790890500,1790890500.0,1790890662.0,2026-10-01,Down,4.89793506051654,0.35,1.0,0.86,0.008428000000000001,1148.19,True,0.13157200000000002,filled,btc,36912544596
btc-updown-5m-1790890500,1790890500.0,1790890662.0,2026-10-01,Down,4.89793506051654,0.4,1.0,0.86,0.008428000000000001,1168.19,True,0.13157200000000002,filled,btc,36912544596
btc-updown-5m-1790890500,1790890500.0,1790890662.0,2026-10-01,Down,4.89793506051654,0.5,1.0,0.86,0.008428000000000001,1223.19,True,0.13157200000000002,filled,btc,36912544596
btc-updown-5m-1790890800,1790890800.0,1790890916.0,2026-10-01,Up,4.1251092680853825,0.3,0.0,0.51,0.017493,20.0,True,-0.527493,filled,btc,36912544596
btc-updown-5m-1790890800,1790890800.0,1790890916.0,2026-10-01,Up,4.1251092680853825,0.35,0.0,0.51,0.017493,30.0,True,-0.527493,filled,btc,36912544596
btc-updown-5m-1790890800,1790890800.0,1790890916.0,2026-10-01,Up,4.1251092680853825,0.4,0.0,0.52,0.017472,30.0,True,-0.5374720000000001,filled,btc,36912544596
btc-updown-5m-1790890800,1790890800.0,1790890916.0,2026-10-01,Up,4.1251092680853825,0.5,0.0,0.52,0.017472,35.0,True,-0.5374720000000001,filled,btc,36912544596
btc-updown-5m-1790891100,1790891100.0,1790891228.0,2026-10-01,Up,7.005700687990086,0.3,1.0,0.9,0.0063,823.63,True,0.09369999999999998,filled,btc,36912544596
btc-updown-5m-1790891100,1790891100.0,1790891228.0,2026-10-01,Up,7.005700687990086,0.35,1.0,0.89,0.006853,2907.58,True,0.10314699999999999,filled,btc,36912544596
btc-updown-5m-1790891100,1790891100.0,1790891228.0,2026-10-01,Up,7.005700687990086,0.4,1.0,0.89,0.006853,3236.58,True,0.10314699999999999,filled,btc,36912544596
btc-updown-5m-1790891100,1790891100.0,1790891228.0,2026-10-01,Up,7.005700687990086,0.5,1.0,0.88,0.007392000000000001,264.99,True,0.112608,filled,btc,36912544596
btc-updown-5m-1790891400,1790891400.0,1790891505.0,2026-10-01,Down,2.8612377423749,0.3,1.0,0.89,0.006853,587.3,True,0.10314699999999999,filled,btc,36912544596
btc-updown-5m-1790891400,1790891400.0,1790891505.0,2026-10-01,Down,2.8612377423749,0.35,1.0,0.89,0.006853,587.3,True,0.10314699999999999,filled,btc,36912544596
btc-updown-5m-1790891400,1790891400.0,1790891505.0,2026-10-01,Down,2.8612377423749,0.4,1.0,0.89,0.006853,761.24,True,0.10314699999999999,filled,btc,36912544596
btc-updown-5m-1790891400,1790891400.0,1790891505.0,2026-10-01,Down,2.8612377423749,0.5,1.0,0.89,0.006853,818.05,True,0.10314699999999999,filled,btc,36912544596
btc-updown-5m-1790891700,1790891700.0,1790891811.0,2026-10-01,Up,3.1879305323084846,0.3,1.0,0.79,0.011613,50.0,True,0.19838699999999995,filled,btc,36912544596
btc-updown-5m-1790891700,1790891700.0,1790891811.0,2026-10-01,Up,3.1879305323084846,0.35,1.0,0.79,0.011613,95.0,True,0.19838699999999995,filled,btc,36912544596
btc-updown-5m-1790891700,1790891700.0,1790891811.0,2026-10-01,Up,3.1879305323084846,0.4,1.0,0.79,0.011613,95.0,True,0.19838699999999995,filled,btc,36912544596
btc-updown-5m-1790891700,1790891700.0,1790891811.0,2026-10-01,Up,3.1879305323084846,0.5,1.0,0.79,0.011613,63.14,True,0.19838699999999995,filled,btc,36912544596
btc-updown-5m-1790892000,1790892000.0,1790892061.0,2026-10-01,Up,2.626337135100448,0.3,1.0,0.88,0.007392000000000001,40.0,True,0.112608,filled,btc,36912544596
btc-updown-5m-1790892000,1790892000.0,1790892061.0,2026-10-01,Up,2.626337135100448,0.35,1.0,0.88,0.007392000000000001,55.0,True,0.112608,filled,btc,36912544596
btc-updown-5m-1790892000,1790892000.0,1790892061.0,2026-10-01,Up,2.626337135100448,0.4,1.0,0.88,0.007392000000000001,40.0,True,0.112608,filled,btc,36912544596
btc-updown-5m-1790892000,1790892000.0,1790892061.0,2026-10-01,Up,2.626337135100448,0.5,1.0,0.88,0.007392000000000001,104.0,True,0.112608,filled,btc,36912544596
btc-updown-5m-1790892300,1790892300.0,1790892360.0,2026-10-01,Down,3.2164397599287846,0.3,0.0,0.25,0.013125000000000001,17.88,True,-0.263125,filled,btc,36912544596
btc-updown-5m-1790892300,1790892300.0,1790892360.0,2026-10-01,Down,3.2164397599287846,0.35,0.0,0.25,0.013125000000000001,80.88,True,-0.263125,filled,btc,36912544596
btc-updown-5m-1790892300,1790892300.0,1790892360.0,2026-10-01,Down,3.2164397599287846,0.4,0.0,0.25,0.013125000000000001,160.88,True,-0.263125,filled,btc,36912544596
btc-updown-5m-1790892300,1790892300.0,1790892360.0,2026-10-01,Down,3.2164397599287846,0.5,0.0,0.25,0.013125000000000001,185.88,True,-0.263125,filled,btc,36912544596
btc-updown-5m-1790892600,1790892600.0,1790892667.0,2026-10-01,Down,2.9761179322668285,0.3,0.0,0.22999999999999998,0.012397,1187.9,True,-0.24239699999999997,filled,btc,36912544596
btc-updown-5m-1790892600,1790892600.0,1790892667.0,2026-10-01,Down,2.9761179322668285,0.35,0.0,0.22999999999999998,0.012397,1187.9,True,-0.24239699999999997,filled,btc,36912544596
btc-updown-5m-1790892600,1790892600.0,1790892667.0,2026-10-01,Down,2.9761179322668285,0.4,0.0,0.22999999999999998,0.012397,1197.9,True,-0.24239699999999997,filled,btc,36912544596
btc-updown-5m-1790892600,1790892600.0,1790892667.0,2026-10-01,Down,2.9761179322668285,0.5,0.0,0.22999999999999998,0.012397,1228.24,True,-0.24239699999999997,filled,btc,36912544596
btc-updown-5m-1790892900,1790892900.0,1790893051.0,2026-10-01,Up,2.93987695078934,0.3,0.0,0.55,0.017325,7.88,True,-0.5673250000000001,filled,btc,36912544596
btc-updown-5m-1790892900,1790892900.0,1790893051.0,2026-10-01,Up,2.93987695078934,0.35,0.0,0.55,0.017325,16.88,True,-0.5673250000000001,filled,btc,36912544596
btc-updown-5m-1790892900,1790892900.0,1790893051.0,2026-10-01,Up,2.93987695078934,0.4,0.0,0.55,0.017325,16.88,True,-0.5673250000000001,filled,btc,36912544596
btc-updown-5m-1790892900,1790892900.0,1790893051.0,2026-10-01,Up,2.93987695078934,0.5,0.0,0.56,0.017248,96.0,True,-0.5772480000000001,filled,btc,36912544596
btc-updown-5m-1790893200,1790893200.0,1790893403.0,2026-10-01,Down,3.07675470589644,0.3,1.0,0.78,0.012012,46.36,True,0.20798799999999998,filled,btc,36912544596
btc-updown-5m-1790893200,1790893200.0,1790893403.0,2026-10-01,Down,3.07675470589644,0.35,1.0,0.78,0.012012,41.36,True,0.20798799999999998,filled,btc,36912544596
btc-updown-5m-1790893200,1790893200.0,1790893403.0,2026-10-01,Down,3.07675470589644,0.4,1.0,0.78,0.012012,71.36,True,0.20798799999999998,filled,btc,36912544596
btc-updown-5m-1790893200,1790893200.0,1790893403.0,2026-10-01,Down,3.07675470589644,0.5,1.0,0.78,0.012012,67.45,True,0.20798799999999998,filled,btc,36912544596
btc-updown-5m-1790893500,1790893500.0,1790893651.0,2026-10-01,Down,2.69256982793376,0.3,1.0,0.5900000000000001,0.016933,76.1,True,0.39306699999999994,filled,btc,36912544596
btc-updown-5m-1790893500,1790893500.0,1790893651.0,2026-10-01,Down,2.69256982793376,0.35,1.0,0.5900000000000001,0.016933,45.0,True,0.39306699999999994,filled,btc,36912544596
btc-updown-5m-1790893500,1790893500.0,1790893651.0,2026-10-01,Down,2.69256982793376,0.4,1.0,0.5900000000000001,0.016933,50.0,True,0.39306699999999994,filled,btc,36912544596
btc-updown-5m-1790893500,1790893500.0,1790893651.0,2026-10-01,Down,2.69256982793376,0.5,1.0,0.5900000000000001,0.016933,50.0,True,0.39306699999999994,filled,btc,36912544596
btc-updown-5m-1790893800,1790893800.0,1790893860.0,2026-10-01,Up,2.5035079139857643,0.3,0.0,0.42,0.017052000000000005,153.23,True,-0.437052,filled,btc,36912544596
btc-updown-5m-1790893800,1790893800.0,1790893860.0,2026-10-01,Up,2.5035079139857643,0.35,0.0,0.42,0.017052000000000005,153.23,True,-0.437052,filled,btc,36912544596
btc-updown-5m-1790893800,1790893800.0,1790893860.0,2026-10-01,Up,2.5035079139857643,0.4,0.0,0.42,0.017052000000000005,133.23,True,-0.437052,filled,btc,36912544596
btc-updown-5m-1790893800,1790893800.0,1790893860.0,2026-10-01,Up,2.5035079139857643,0.5,0.0,0.42,0.017052000000000005,778.0,True,-0.437052,filled,btc,36912544596
btc-updown-5m-1790894100,1790894100.0,1790894261.0,2026-10-01,Up,2.9467440131873355,0.3,1.0,0.99,,3308.43,False,,outside_frozen_price_band,btc,36912544596
btc-updown-5m-1790894100,1790894100.0,1790894261.0,2026-10-01,Up,2.9467440131873355,0.35,1.0,0.99,,3393.43,False,,outside_frozen_price_band,btc,36912544596
btc-updown-5m-1790894100,1790894100.0,1790894261.0,2026-10-01,Up,2.9467440131873355,0.4,1.0,0.99,,3408.43,False,,outside_frozen_price_band,btc,36912544596
btc-updown-5m-1790894100,1790894100.0,1790894261.0,2026-10-01,Up,2.9467440131873355,0.5,1.0,0.99,,3413.43,False,,outside_frozen_price_band,btc,36912544596
btc-updown-5m-1790894400,1790894400.0,1790894583.0,2026-10-01,Down,12.605058374449714,0.3,1.0,0.98,0.0013720000000000015,3823.58,True,0.018628000000000016,filled,btc,36912544596
btc-updown-5m-1790894400,1790894400.0,1790894583.0,2026-10-01,Down,12.605058374449714,0.35,1.0,0.98,0.0013720000000000015,5495.16,True,0.018628000000000016,filled,btc,36912544596
btc-updown-5m-1790894400,1790894400.0,1790894583.0,2026-10-01,Down,12.605058374449714,0.4,1.0,0.98,0.0013720000000000015,4821.84,True,0.018628000000000016,filled,btc,36912544596
btc-updown-5m-1790894400,1790894400.0,1790894583.0,2026-10-01,Down,12.605058374449714,0.5,1.0,0.98,0.0013720000000000015,2968.84,True,0.018628000000000016,filled,btc,36912544596
btc-updown-5m-1790894700,1790894700.0,1790894760.0,2026-10-01,Down,2.8895681651794223,0.3,1.0,0.83,0.009877000000000004,407.79,True,0.16012300000000004,filled,btc,36912544596
btc-updown-5m-1790894700,1790894700.0,1790894760.0,2026-10-01,Down,2.8895681651794223,0.35,1.0,0.83,0.009877000000000004,407.79,True,0.16012300000000004,filled,btc,36912544596
btc-updown-5m-1790894700,1790894700.0,1790894760.0,2026-10-01,Down,2.8895681651794223,0.4,1.0,0.83,0.009877000000000004,412.79,True,0.16012300000000004,filled,btc,36912544596
btc-updown-5m-1790894700,1790894700.0,1790894760.0,2026-10-01,Down,2.8895681651794223,0.5,1.0,0.83,0.009877000000000004,797.22,True,0.16012300000000004,filled,btc,36912544596
btc-updown-5m-1790895000,1790895000.0,1790895147.0,2026-10-01,Up,3.0772330562924592,0.3,1.0,0.67,0.015477,3.68,False,,depth,btc,36912544596
btc-updown-5m-1790895000,1790895000.0,1790895147.0,2026-10-01,Up,3.0772330562924592,0.35,1.0,0.67,0.015477,3.68,False,,depth,btc,36912544596
btc-updown-5m-1790895000,1790895000.0,1790895147.0,2026-10-01,Up,3.0772330562924592,0.4,1.0,0.69,0.014973000000000004,5.0,True,0.29502700000000004,filled,btc,36912544596
btc-updown-5m-1790895000,1790895000.0,1790895147.0,2026-10-01,Up,3.0772330562924592,0.5,1.0,0.69,0.014973000000000004,92.72,True,0.29502700000000004,filled,btc,36912544596
btc-updown-5m-1790895300,1790895300.0,1790895420.0,2026-10-01,Down,2.919898227721503,0.3,0.0,0.5,0.0175,5.0,True,-0.5175,filled,btc,36912544596
btc-updown-5m-1790895300,1790895300.0,1790895420.0,2026-10-01,Down,2.919898227721503,0.35,0.0,0.51,0.017493,40.0,True,-0.527493,filled,btc,36912544596
btc-updown-5m-1790895300,1790895300.0,1790895420.0,2026-10-01,Down,2.919898227721503,0.4,0.0,0.51,0.017493,35.0,True,-0.527493,filled,btc,36912544596
btc-updown-5m-1790895300,1790895300.0,1790895420.0,2026-10-01,Down,2.919898227721503,0.5,0.0,0.51,0.017493,148.54,True,-0.527493,filled,btc,36912544596
btc-updown-5m-1790895600,1790895600.0,1790895797.0,2026-10-01,Up,4.506387210220629,0.3,0.0,0.21,0.011613000000000002,481.36,True,-0.221613,filled,btc,36912544596
btc-updown-5m-1790895600,1790895600.0,1790895797.0,2026-10-01,Up,4.506387210220629,0.35,0.0,0.21,0.011613000000000002,105.0,True,-0.221613,filled,btc,36912544596
btc-updown-5m-1790895600,1790895600.0,1790895797.0,2026-10-01,Up,4.506387210220629,0.4,0.0,0.21,0.011613000000000002,5.0,True,-0.221613,filled,btc,36912544596
btc-updown-5m-1790895600,1790895600.0,1790895797.0,2026-10-01,Up,4.506387210220629,0.5,0.0,0.23,0.012397000000000004,70.0,True,-0.242397,filled,btc,36912544596
btc-updown-5m-1790895900,1790895900.0,1790896035.0,2026-10-01,Up,3.636822239847696,0.3,0.0,0.31,0.014972999999999998,10.0,True,-0.324973,filled,btc,36912544596
btc-updown-5m-1790895900,1790895900.0,1790896035.0,2026-10-01,Up,3.636822239847696,0.35,0.0,0.33,0.015477,5.0,True,-0.34547700000000003,filled,btc,36912544596
btc-updown-5m-1790895900,1790895900.0,1790896035.0,2026-10-01,Up,3.636822239847696,0.4,0.0,0.34,0.015708000000000003,87.0,True,-0.355708,filled,btc,36912544596
btc-updown-5m-1790895900,1790895900.0,1790896035.0,2026-10-01,Up,3.636822239847696,0.5,0.0,0.33,0.015477,95.0,True,-0.34547700000000003,filled,btc,36912544596
btc-updown-5m-1790896200,1790896200.0,1790896264.0,2026-10-01,Down,3.0149315798481204,0.3,1.0,0.5900000000000001,0.016933,269.01,True,0.39306699999999994,filled,btc,36912544596
btc-updown-5m-1790896200,1790896200.0,1790896264.0,2026-10-01,Down,3.0149315798481204,0.35,1.0,0.5800000000000001,0.017052,403.0,True,0.4029479999999999,filled,btc,36912544596
btc-updown-5m-1790896200,1790896200.0,1790896264.0,2026-10-01,Down,3.0149315798481204,0.4,1.0,0.5800000000000001,0.017052,403.0,True,0.4029479999999999,filled,btc,36912544596
btc-updown-5m-1790896200,1790896200.0,1790896264.0,2026-10-01,Down,3.0149315798481204,0.5,1.0,0.5800000000000001,0.017052,523.0,True,0.4029479999999999,filled,btc,36912544596
btc-updown-5m-1790896500,1790896500.0,1790896578.0,2026-10-01,Up,2.986923632238534,0.3,1.0,0.38,0.016492,160.92,True,0.603508,filled,btc,36912544596
btc-updown-5m-1790896500,1790896500.0,1790896578.0,2026-10-01,Up,2.986923632238534,0.35,1.0,0.38,0.016492,398.02,True,0.603508,filled,btc,36912544596
btc-updown-5m-1790896500,1790896500.0,1790896578.0,2026-10-01,Up,2.986923632238534,0.4,1.0,0.37,0.016317,493.59,True,0.613683,filled,btc,36912544596
btc-updown-5m-1790896500,1790896500.0,1790896578.0,2026-10-01,Up,2.986923632238534,0.5,1.0,0.37,0.016317,751.59,True,0.613683,filled,btc,36912544596
btc-updown-5m-1790896800,1790896800.0,1790896929.0,2026-10-01,Up,4.548457676166741,0.3,1.0,0.59,0.016933000000000004,116.0,True,0.39306700000000006,filled,btc,36912544596
btc-updown-5m-1790896800,1790896800.0,1790896929.0,2026-10-01,Up,4.548457676166741,0.35,1.0,0.59,0.016933000000000004,155.99,True,0.39306700000000006,filled,btc,36912544596
btc-updown-5m-1790896800,1790896800.0,1790896929.0,2026-10-01,Up,4.548457676166741,0.4,1.0,0.59,0.016933000000000004,180.99,True,0.39306700000000006,filled,btc,36912544596
btc-updown-5m-1790896800,1790896800.0,1790896929.0,2026-10-01,Up,4.548457676166741,0.5,1.0,0.59,0.016933000000000004,230.99,True,0.39306700000000006,filled,btc,36912544596
btc-updown-5m-1790897100,1790897100.0,1790897340.0,2026-10-01,Down,8.617459350841033,0.3,1.0,0.91,0.0057329999999999985,91.14,True,0.08426699999999997,filled,btc,36912544596
btc-updown-5m-1790897100,1790897100.0,1790897340.0,2026-10-01,Down,8.617459350841033,0.35,1.0,0.84,0.009408000000000003,187.5,True,0.15059200000000003,filled,btc,36912544596
btc-updown-5m-1790897100,1790897100.0,1790897340.0,2026-10-01,Down,8.617459350841033,0.4,1.0,0.75,0.013125000000000001,233.33,True,0.236875,filled,btc,36912544596
btc-updown-5m-1790897100,1790897100.0,1790897340.0,2026-10-01,Down,8.617459350841033,0.5,1.0,0.71,0.014413000000000002,400.0,True,0.275587,filled,btc,36912544596
btc-updown-5m-1790897400,1790897400.0,1790897491.0,2026-10-01,Up,2.930542222458874,0.3,1.0,0.43,0.017157000000000002,236.97,True,0.5528430000000001,filled,btc,36912544596
btc-updown-5m-1790897400,1790897400.0,1790897491.0,2026-10-01,Up,2.930542222458874,0.35,1.0,0.43,0.017157000000000002,236.97,True,0.5528430000000001,filled,btc,36912544596
btc-updown-5m-1790897400,1790897400.0,1790897491.0,2026-10-01,Up,2.930542222458874,0.4,1.0,0.42,0.017052000000000005,65.0,True,0.5629480000000001,filled,btc,36912544596
btc-updown-5m-1790897400,1790897400.0,1790897491.0,2026-10-01,Up,2.930542222458874,0.5,1.0,0.42,0.017052000000000005,508.26,True,0.5629480000000001,filled,btc,36912544596
btc-updown-5m-1790897700,1790897700.0,1790897939.0,2026-10-01,Up,4.863380114534495,0.3,1.0,0.98,0.0013720000000000015,62.41,True,0.018628000000000016,filled,btc,36912544596
btc-updown-5m-1790897700,1790897700.0,1790897939.0,2026-10-01,Up,4.863380114534495,0.35,1.0,0.99,,2778.48,False,,outside_frozen_price_band,btc,36912544596
btc-updown-5m-1790897700,1790897700.0,1790897939.0,2026-10-01,Up,4.863380114534495,0.4,1.0,0.99,,2848.5,False,,outside_frozen_price_band,btc,36912544596
btc-updown-5m-1790897700,1790897700.0,1790897939.0,2026-10-01,Up,4.863380114534495,0.5,1.0,0.99,,2898.5,False,,outside_frozen_price_band,btc,36912544596
btc-updown-5m-1790901900,1790901900.0,1790901966.0,2026-10-02,Down,3.18583937931099,0.3,1.0,0.91,0.0057329999999999985,487.53,True,0.08426699999999997,filled,btc,36946930986
btc-updown-5m-1790901900,1790901900.0,1790901966.0,2026-10-02,Down,3.18583937931099,0.35,1.0,0.91,0.0057329999999999985,457.53,True,0.08426699999999997,filled,btc,36946930986
btc-updown-5m-1790901900,1790901900.0,1790901966.0,2026-10-02,Down,3.18583937931099,0.4,1.0,0.91,0.0057329999999999985,515.31,True,0.08426699999999997,filled,btc,36946930986
btc-updown-5m-1790901900,1790901900.0,1790901966.0,2026-10-02,Down,3.18583937931099,0.5,1.0,0.91,0.0057329999999999985,535.31,True,0.08426699999999997,filled,btc,36946930986
btc-updown-5m-1790902200,1790902200.0,1790902369.0,2026-10-02,Down,3.2684453665858735,0.3,0.0,0.91,0.0057329999999999985,53.9,True,-0.915733,filled,btc,36946930986
btc-updown-5m-1790902200,1790902200.0,1790902369.0,2026-10-02,Down,3.2684453665858735,0.35,0.0,0.91,0.0057329999999999985,69.9,True,-0.915733,filled,btc,36946930986
btc-updown-5m-1790902200,1790902200.0,1790902369.0,2026-10-02,Down,3.2684453665858735,0.4,0.0,0.91,0.0057329999999999985,206.73,True,-0.915733,filled,btc,36946930986
btc-updown-5m-1790902200,1790902200.0,1790902369.0,2026-10-02,Down,3.2684453665858735,0.5,0.0,0.9,0.0063,298.88,True,-0.9063,filled,btc,36946930986
btc-updown-5m-1790902500,1790902500.0,1790902576.0,2026-10-02,Down,3.371072532736749,0.3,1.0,0.75,0.013125000000000001,86.48,True,0.236875,filled,btc,36946930986
btc-updown-5m-1790902500,1790902500.0,1790902576.0,2026-10-02,Down,3.371072532736749,0.35,1.0,0.75,0.013125000000000001,101.48,True,0.236875,filled,btc,36946930986
btc-updown-5m-1790902500,1790902500.0,1790902576.0,2026-10-02,Down,3.371072532736749,0.4,1.0,0.75,0.013125000000000001,101.48,True,0.236875,filled,btc,36946930986
btc-updown-5m-1790902500,1790902500.0,1790902576.0,2026-10-02,Down,3.371072532736749,0.5,1.0,0.75,0.013125000000000001,48.49,True,0.236875,filled,btc,36946930986
btc-updown-5m-1790903100,1790903100.0,1790903183.0,2026-10-02,Down,2.5738330883403844,0.3,1.0,0.78,0.012012,5.0,True,0.20798799999999998,filled,btc,36946930986
btc-updown-5m-1790903100,1790903100.0,1790903183.0,2026-10-02,Down,2.5738330883403844,0.35,1.0,0.79,0.011613,145.0,True,0.19838699999999995,filled,btc,36946930986
btc-updown-5m-1790903100,1790903100.0,1790903183.0,2026-10-02,Down,2.5738330883403844,0.4,1.0,0.79,0.011613,12.0,True,0.19838699999999995,filled,btc,36946930986
btc-updown-5m-1790903100,1790903100.0,1790903183.0,2026-10-02,Down,2.5738330883403844,0.5,1.0,0.79,0.011613,13.25,True,0.19838699999999995,filled,btc,36946930986
btc-updown-5m-1790903400,1790903400.0,1790903502.0,2026-10-02,Down,2.744212092088374,0.3,1.0,0.86,0.008428000000000001,222.57,True,0.13157200000000002,filled,btc,36946930986
btc-updown-5m-1790903400,1790903400.0,1790903502.0,2026-10-02,Down,2.744212092088374,0.35,1.0,0.86,0.008428000000000001,246.57,True,0.13157200000000002,filled,btc,36946930986
btc-updown-5m-1790903400,1790903400.0,1790903502.0,2026-10-02,Down,2.744212092088374,0.4,1.0,0.86,0.008428000000000001,246.57,True,0.13157200000000002,filled,btc,36946930986
btc-updown-5m-1790903400,1790903400.0,1790903502.0,2026-10-02,Down,2.744212092088374,0.5,1.0,0.86,0.008428000000000001,130.57,True,0.13157200000000002,filled,btc,36946930986
btc-updown-5m-1790903700,1790903700.0,1790903806.0,2026-10-02,Up,2.9980308187022393,0.3,0.0,0.56,0.017248,301.71,True,-0.5772480000000001,filled,btc,36946930986
btc-updown-5m-1790903700,1790903700.0,1790903806.0,2026-10-02,Up,2.9980308187022393,0.35,0.0,0.56,0.017248,396.9,True,-0.5772480000000001,filled,btc,36946930986
btc-updown-5m-1790903700,1790903700.0,1790903806.0,2026-10-02,Up,2.9980308187022393,0.4,0.0,0.56,0.017248,199.32,True,-0.5772480000000001,filled,btc,36946930986
btc-updown-5m-1790903700,1790903700.0,1790903806.0,2026-10-02,Up,2.9980308187022393,0.5,0.0,0.56,0.017248,13.0,True,-0.5772480000000001,filled,btc,36946930986
btc-updown-5m-1790904000,1790904000.0,1790904064.0,2026-10-02,Down,12.998837159612675,0.3,1.0,0.95,0.0033250000000000033,361.84,True,0.04667500000000004,filled,btc,36946930986
btc-updown-5m-1790904000,1790904000.0,1790904064.0,2026-10-02,Down,12.998837159612675,0.35,1.0,0.95,0.0033250000000000033,281.8,True,0.04667500000000004,filled,btc,36946930986
btc-updown-5m-1790904000,1790904000.0,1790904064.0,2026-10-02,Down,12.998837159612675,0.4,1.0,0.95,0.0033250000000000033,305.74,True,0.04667500000000004,filled,btc,36946930986
btc-updown-5m-1790904000,1790904000.0,1790904064.0,2026-10-02,Down,12.998837159612675,0.5,1.0,0.95,0.0033250000000000033,445.08,True,0.04667500000000004,filled,btc,36946930986
btc-updown-5m-1790904600,1790904600.0,1790904820.0,2026-10-02,Up,2.6065230182088075,0.3,1.0,0.91,0.0057329999999999985,149.21,True,0.08426699999999997,filled,btc,36946930986
btc-updown-5m-1790904600,1790904600.0,1790904820.0,2026-10-02,Up,2.6065230182088075,0.35,1.0,0.91,0.0057329999999999985,165.0,True,0.08426699999999997,filled,btc,36946930986
btc-updown-5m-1790904600,1790904600.0,1790904820.0,2026-10-02,Up,2.6065230182088075,0.4,1.0,0.91,0.0057329999999999985,163.65,True,0.08426699999999997,filled,btc,36946930986
btc-updown-5m-1790904600,1790904600.0,1790904820.0,2026-10-02,Up,2.6065230182088075,0.5,1.0,0.91,0.0057329999999999985,355.65,True,0.08426699999999997,filled,btc,36946930986
btc-updown-5m-1790904900,1790904900.0,1790904987.0,2026-10-02,Down,3.973655434824455,0.3,1.0,0.5900000000000001,0.016933,593.37,True,0.39306699999999994,filled,btc,36946930986
btc-updown-5m-1790904900,1790904900.0,1790904987.0,2026-10-02,Down,3.973655434824455,0.35,1.0,0.5900000000000001,0.016933,763.37,True,0.39306699999999994,filled,btc,36946930986
btc-updown-5m-1790904900,1790904900.0,1790904987.0,2026-10-02,Down,3.973655434824455,0.4,1.0,0.5900000000000001,0.016933,768.37,True,0.39306699999999994,filled,btc,36946930986
btc-updown-5m-1790904900,1790904900.0,1790904987.0,2026-10-02,Down,3.973655434824455,0.5,1.0,0.5800000000000001,0.017052,741.11,True,0.4029479999999999,filled,btc,36946930986
btc-updown-5m-1790905500,1790905500.0,1790905563.0,2026-10-02,Up,2.6498770633376876,0.3,1.0,0.67,0.015477,524.0,True,0.31452299999999994,filled,btc,36946930986
btc-updown-5m-1790905500,1790905500.0,1790905563.0,2026-10-02,Up,2.6498770633376876,0.35,1.0,0.67,0.015477,424.06,True,0.31452299999999994,filled,btc,36946930986
btc-updown-5m-1790905500,1790905500.0,1790905563.0,2026-10-02,Up,2.6498770633376876,0.4,1.0,0.67,0.015477,322.04,True,0.31452299999999994,filled,btc,36946930986
btc-updown-5m-1790905500,1790905500.0,1790905563.0,2026-10-02,Up,2.6498770633376876,0.5,1.0,0.67,0.015477,65.01,True,0.31452299999999994,filled,btc,36946930986
btc-updown-5m-1790905800,1790905800.0,1790905862.0,2026-10-02,Up,6.837409125534511,0.3,1.0,0.86,0.008428000000000001,308.56,True,0.13157200000000002,filled,btc,36946930986
btc-updown-5m-1790905800,1790905800.0,1790905862.0,2026-10-02,Up,6.837409125534511,0.35,1.0,0.86,0.008428000000000001,253.57,True,0.13157200000000002,filled,btc,36946930986
btc-updown-5m-1790905800,1790905800.0,1790905862.0,2026-10-02,Up,6.837409125534511,0.4,1.0,0.86,0.008428000000000001,387.12,True,0.13157200000000002,filled,btc,36946930986
btc-updown-5m-1790905800,1790905800.0,1790905862.0,2026-10-02,Up,6.837409125534511,0.5,1.0,0.86,0.008428000000000001,370.43,True,0.13157200000000002,filled,btc,36946930986
btc-updown-5m-1790906100,1790906100.0,1790906202.0,2026-10-02,Down,2.508984199272502,0.3,0.0,0.61,0.016653,889.1,True,-0.626653,filled,btc,36946930986
btc-updown-5m-1790906100,1790906100.0,1790906202.0,2026-10-02,Down,2.508984199272502,0.35,0.0,0.61,0.016653,889.1,True,-0.626653,filled,btc,36946930986
btc-updown-5m-1790906100,1790906100.0,1790906202.0,2026-10-02,Down,2.508984199272502,0.4,0.0,0.61,0.016653,889.1,True,-0.626653,filled,btc,36946930986
btc-updown-5m-1790906100,1790906100.0,1790906202.0,2026-10-02,Down,2.508984199272502,0.5,0.0,0.61,0.016653,889.1,True,-0.626653,filled,btc,36946930986
btc-updown-5m-1790906400,1790906400.0,1790906600.0,2026-10-02,Down,2.7925203014642257,0.3,0.0,0.5,0.0175,37.56,True,-0.5175,filled,btc,36946930986
btc-updown-5m-1790906400,1790906400.0,1790906600.0,2026-10-02,Down,2.7925203014642257,0.35,0.0,0.5,0.0175,394.79,True,-0.5175,filled,btc,36946930986
btc-updown-5m-1790906400,1790906400.0,1790906600.0,2026-10-02,Down,2.7925203014642257,0.4,0.0,0.5,0.0175,807.15,True,-0.5175,filled,btc,36946930986
btc-updown-5m-1790906400,1790906400.0,1790906600.0,2026-10-02,Down,2.7925203014642257,0.5,0.0,0.45999999999999996,0.017388,284.33,True,-0.477388,filled,btc,36946930986
btc-updown-5m-1790906700,1790906700.0,1790906786.0,2026-10-02,Down,3.1921895341491107,0.3,0.0,0.42000000000000004,0.017052,138.0,True,-0.43705200000000005,filled,btc,36946930986
btc-updown-5m-1790906700,1790906700.0,1790906786.0,2026-10-02,Down,3.1921895341491107,0.35,0.0,0.41000000000000003,0.016933,25.18,True,-0.426933,filled,btc,36946930986
btc-updown-5m-1790906700,1790906700.0,1790906786.0,2026-10-02,Down,3.1921895341491107,0.4,0.0,0.41000000000000003,0.016933,269.33,True,-0.426933,filled,btc,36946930986
btc-updown-5m-1790906700,1790906700.0,1790906786.0,2026-10-02,Down,3.1921895341491107,0.5,0.0,0.41000000000000003,0.016933,446.84,True,-0.426933,filled,btc,36946930986
btc-updown-5m-1790907000,1790907000.0,1790907109.0,2026-10-02,Down,3.445667614434532,0.3,0.0,0.89,0.006853,388.87,True,-0.896853,filled,btc,36946930986
btc-updown-5m-1790907000,1790907000.0,1790907109.0,2026-10-02,Down,3.445667614434532,0.35,0.0,0.89,0.006853,427.72,True,-0.896853,filled,btc,36946930986
btc-updown-5m-1790907000,1790907000.0,1790907109.0,2026-10-02,Down,3.445667614434532,0.4,0.0,0.89,0.006853,375.78,True,-0.896853,filled,btc,36946930986
btc-updown-5m-1790907000,1790907000.0,1790907109.0,2026-10-02,Down,3.445667614434532,0.5,0.0,0.89,0.006853,355.78,True,-0.896853,filled,btc,36946930986
btc-updown-5m-1790907300,1790907300.0,1790907368.0,2026-10-02,Down,3.091118529115432,0.3,1.0,0.88,0.007392000000000001,150.6,True,0.112608,filled,btc,36946930986
btc-updown-5m-1790907300,1790907300.0,1790907368.0,2026-10-02,Down,3.091118529115432,0.35,1.0,0.88,0.007392000000000001,180.6,True,0.112608,filled,btc,36946930986
btc-updown-5m-1790907300,1790907300.0,1790907368.0,2026-10-02,Down,3.091118529115432,0.4,1.0,0.88,0.007392000000000001,488.43,True,0.112608,filled,btc,36946930986
btc-updown-5m-1790907300,1790907300.0,1790907368.0,2026-10-02,Down,3.091118529115432,0.5,1.0,0.87,0.007917,480.56,True,0.122083,filled,btc,36946930986
btc-updown-5m-1790907600,1790907600.0,1790907761.0,2026-10-02,Down,3.451844761189402,0.3,1.0,0.83,0.009877000000000004,973.21,True,0.16012300000000004,filled,btc,36946930986
btc-updown-5m-1790907600,1790907600.0,1790907761.0,2026-10-02,Down,3.451844761189402,0.35,1.0,0.8200000000000001,0.010331999999999997,314.33,True,0.16966799999999993,filled,btc,36946930986
btc-updown-5m-1790907600,1790907600.0,1790907761.0,2026-10-02,Down,3.451844761189402,0.4,1.0,0.8200000000000001,0.010331999999999997,630.34,True,0.16966799999999993,filled,btc,36946930986
btc-updown-5m-1790907600,1790907600.0,1790907761.0,2026-10-02,Down,3.451844761189402,0.5,1.0,0.8200000000000001,0.010331999999999997,805.92,True,0.16966799999999993,filled,btc,36946930986
btc-updown-5m-1790907900,1790907900.0,1790908006.0,2026-10-02,Up,3.9203289454929204,0.3,1.0,0.72,0.014112000000000001,81.71,True,0.265888,filled,btc,36946930986
btc-updown-5m-1790907900,1790907900.0,1790908006.0,2026-10-02,Up,3.9203289454929204,0.35,1.0,0.72,0.014112000000000001,81.71,True,0.265888,filled,btc,36946930986
btc-updown-5m-1790907900,1790907900.0,1790908006.0,2026-10-02,Up,3.9203289454929204,0.4,1.0,0.72,0.014112000000000001,130.9,True,0.265888,filled,btc,36946930986
btc-updown-5m-1790907900,1790907900.0,1790908006.0,2026-10-02,Up,3.9203289454929204,0.5,1.0,0.71,0.014413000000000002,658.96,True,0.275587,filled,btc,36946930986
btc-updown-5m-1790908200,1790908200.0,1790908324.0,2026-10-02,Down,3.337831047017157,0.3,0.0,0.83,0.009877000000000004,360.97,True,-0.839877,filled,btc,36946930986
btc-updown-5m-1790908200,1790908200.0,1790908324.0,2026-10-02,Down,3.337831047017157,0.35,0.0,0.83,0.009877000000000004,247.04,True,-0.839877,filled,btc,36946930986
btc-updown-5m-1790908200,1790908200.0,1790908324.0,2026-10-02,Down,3.337831047017157,0.4,0.0,0.83,0.009877000000000004,315.09,True,-0.839877,filled,btc,36946930986
btc-updown-5m-1790908200,1790908200.0,1790908324.0,2026-10-02,Down,3.337831047017157,0.5,0.0,0.8200000000000001,0.010331999999999997,1150.1,True,-0.8303320000000001,filled,btc,36946930986
btc-updown-5m-1790908500,1790908500.0,1790908621.0,2026-10-02,Up,3.147426193512863,0.3,0.0,0.6,0.016800000000000002,27.0,True,-0.6168,filled,btc,36946930986
btc-updown-5m-1790908500,1790908500.0,1790908621.0,2026-10-02,Up,3.147426193512863,0.35,0.0,0.6,0.016800000000000002,479.39,True,-0.6168,filled,btc,36946930986
btc-updown-5m-1790908500,1790908500.0,1790908621.0,2026-10-02,Up,3.147426193512863,0.4,0.0,0.6,0.016800000000000002,596.54,True,-0.6168,filled,btc,36946930986
btc-updown-5m-1790908500,1790908500.0,1790908621.0,2026-10-02,Up,3.147426193512863,0.5,0.0,0.6,0.016800000000000002,638.16,True,-0.6168,filled,btc,36946930986
btc-updown-5m-1790908800,1790908800.0,1790908903.0,2026-10-02,Up,3.2933477844528216,0.3,1.0,0.73,0.013797000000000002,149.33,True,0.256203,filled,btc,36946930986
btc-updown-5m-1790908800,1790908800.0,1790908903.0,2026-10-02,Up,3.2933477844528216,0.35,1.0,0.72,0.014112000000000001,68.2,True,0.265888,filled,btc,36946930986
btc-updown-5m-1790908800,1790908800.0,1790908903.0,2026-10-02,Up,3.2933477844528216,0.4,1.0,0.72,0.014112000000000001,115.35,True,0.265888,filled,btc,36946930986
btc-updown-5m-1790908800,1790908800.0,1790908903.0,2026-10-02,Up,3.2933477844528216,0.5,1.0,0.72,0.014112000000000001,61.7,True,0.265888,filled,btc,36946930986
btc-updown-5m-1790909100,1790909100.0,1790909164.0,2026-10-02,Up,3.3129613816667653,0.3,1.0,0.34,0.015708000000000003,5.0,True,0.6442919999999999,filled,btc,36946930986
btc-updown-5m-1790909100,1790909100.0,1790909164.0,2026-10-02,Up,3.3129613816667653,0.35,1.0,0.36,0.016128,65.0,True,0.623872,filled,btc,36946930986
btc-updown-5m-1790909100,1790909100.0,1790909164.0,2026-10-02,Up,3.3129613816667653,0.4,1.0,0.36,0.016128,90.0,True,0.623872,filled,btc,36946930986
btc-updown-5m-1790909100,1790909100.0,1790909164.0,2026-10-02,Up,3.3129613816667653,0.5,1.0,0.36,0.016128,1301.43,True,0.623872,filled,btc,36946930986
btc-updown-5m-1790909400,1790909400.0,1790909479.0,2026-10-02,Down,2.877455397665486,0.3,0.0,0.5900000000000001,0.016933,1392.35,True,-0.6069330000000001,filled,btc,36946930986
btc-updown-5m-1790909400,1790909400.0,1790909479.0,2026-10-02,Down,2.877455397665486,0.35,0.0,0.5700000000000001,0.017157,100.0,True,-0.587157,filled,btc,36946930986
btc-updown-5m-1790909400,1790909400.0,1790909479.0,2026-10-02,Down,2.877455397665486,0.4,0.0,0.52,0.017472,75.0,True,-0.5374720000000001,filled,btc,36946930986
btc-updown-5m-1790909400,1790909400.0,1790909479.0,2026-10-02,Down,2.877455397665486,0.5,0.0,0.51,0.017493,125.03,True,-0.527493,filled,btc,36946930986
btc-updown-5m-1790909700,1790909700.0,1790909892.0,2026-10-02,Up,3.044607403404667,0.3,1.0,,,,False,,book_unavailable,btc,36946930986
btc-updown-5m-1790909700,1790909700.0,1790909892.0,2026-10-02,Up,3.044607403404667,0.35,1.0,,,,False,,book_unavailable,btc,36946930986
btc-updown-5m-1790909700,1790909700.0,1790909892.0,2026-10-02,Up,3.044607403404667,0.4,1.0,,,,False,,book_unavailable,btc,36946930986
btc-updown-5m-1790909700,1790909700.0,1790909892.0,2026-10-02,Up,3.044607403404667,0.5,1.0,,,,False,,book_unavailable,btc,36946930986
btc-updown-5m-1790910000,1790910000.0,1790910060.0,2026-10-02,Up,5.594482956360551,0.3,1.0,0.57,0.017157000000000002,19.99,True,0.41284300000000007,filled,btc,36946930986
btc-updown-5m-1790910000,1790910000.0,1790910060.0,2026-10-02,Up,5.594482956360551,0.35,1.0,0.57,0.017157000000000002,6.33,True,0.41284300000000007,filled,btc,36946930986
btc-updown-5m-1790910000,1790910000.0,1790910060.0,2026-10-02,Up,5.594482956360551,0.4,1.0,0.62,0.016492,399.55,True,0.363508,filled,btc,36946930986
btc-updown-5m-1790910000,1790910000.0,1790910060.0,2026-10-02,Up,5.594482956360551,0.5,1.0,0.61,0.016653,10.0,True,0.373347,filled,btc,36946930986
btc-updown-5m-1790910600,1790910600.0,1790910768.0,2026-10-02,Down,2.573900190934455,0.3,0.0,0.71,0.014413000000000002,70.0,True,-0.724413,filled,btc,36946930986
btc-updown-5m-1790910600,1790910600.0,1790910768.0,2026-10-02,Down,2.573900190934455,0.35,0.0,0.71,0.014413000000000002,30.0,True,-0.724413,filled,btc,36946930986
btc-updown-5m-1790910600,1790910600.0,1790910768.0,2026-10-02,Down,2.573900190934455,0.4,0.0,0.72,0.014112000000000001,5.0,True,-0.734112,filled,btc,36946930986
btc-updown-5m-1790910600,1790910600.0,1790910768.0,2026-10-02,Down,2.573900190934455,0.5,0.0,0.72,0.014112000000000001,5.0,True,-0.734112,filled,btc,36946930986
btc-updown-5m-1790911500,1790911500.0,1790911680.0,2026-10-02,Up,3.521840819092141,0.3,1.0,0.92,0.005151999999999999,164.41,True,0.07484799999999996,filled,btc,36946930986
btc-updown-5m-1790911500,1790911500.0,1790911680.0,2026-10-02,Up,3.521840819092141,0.35,1.0,0.92,0.005151999999999999,102.44,True,0.07484799999999996,filled,btc,36946930986
btc-updown-5m-1790911500,1790911500.0,1790911680.0,2026-10-02,Up,3.521840819092141,0.4,1.0,0.92,0.005151999999999999,122.44,True,0.07484799999999996,filled,btc,36946930986
btc-updown-5m-1790911500,1790911500.0,1790911680.0,2026-10-02,Up,3.521840819092141,0.5,1.0,0.92,0.005151999999999999,102.44,True,0.07484799999999996,filled,btc,36946930986
btc-updown-5m-1790911800,1790911800.0,1790911861.0,2026-10-02,Up,2.571953925718907,0.3,1.0,0.89,0.006853,7.19,True,0.10314699999999999,filled,btc,36946930986
btc-updown-5m-1790911800,1790911800.0,1790911861.0,2026-10-02,Up,2.571953925718907,0.35,1.0,0.89,0.006853,30.19,True,0.10314699999999999,filled,btc,36946930986
btc-updown-5m-1790911800,1790911800.0,1790911861.0,2026-10-02,Up,2.571953925718907,0.4,1.0,0.89,0.006853,50.19,True,0.10314699999999999,filled,btc,36946930986
btc-updown-5m-1790911800,1790911800.0,1790911861.0,2026-10-02,Up,2.571953925718907,0.5,1.0,0.88,0.007392000000000001,120.58,True,0.112608,filled,btc,36946930986
btc-updown-5m-1790912100,1790912100.0,1790912183.0,2026-10-02,Down,3.5018188207914847,0.3,1.0,0.43000000000000005,0.017157000000000002,130.52,True,0.552843,filled,btc,36946930986
btc-updown-5m-1790912100,1790912100.0,1790912183.0,2026-10-02,Down,3.5018188207914847,0.35,1.0,0.43000000000000005,0.017157000000000002,85.41,True,0.552843,filled,btc,36946930986
btc-updown-5m-1790912100,1790912100.0,1790912183.0,2026-10-02,Down,3.5018188207914847,0.4,1.0,0.43000000000000005,0.017157000000000002,1356.13,True,0.552843,filled,btc,36946930986
btc-updown-5m-1790912100,1790912100.0,1790912183.0,2026-10-02,Down,3.5018188207914847,0.5,1.0,0.41000000000000003,0.016933,93.05,True,0.573067,filled,btc,36946930986
btc-updown-5m-1790912400,1790912400.0,1790912540.0,2026-10-02,Up,2.815382271593967,0.3,1.0,0.75,0.013125000000000001,830.53,True,0.236875,filled,btc,36946930986
btc-updown-5m-1790912400,1790912400.0,1790912540.0,2026-10-02,Up,2.815382271593967,0.35,1.0,0.75,0.013125000000000001,680.53,True,0.236875,filled,btc,36946930986
btc-updown-5m-1790912400,1790912400.0,1790912540.0,2026-10-02,Up,2.815382271593967,0.4,1.0,0.75,0.013125000000000001,680.53,True,0.236875,filled,btc,36946930986
btc-updown-5m-1790912400,1790912400.0,1790912540.0,2026-10-02,Up,2.815382271593967,0.5,1.0,0.75,0.013125000000000001,483.0,True,0.236875,filled,btc,36946930986
btc-updown-5m-1790912700,1790912700.0,1790912769.0,2026-10-02,Up,3.2102275286280078,0.3,0.0,0.36,0.016128,489.94,True,-0.37612799999999996,filled,btc,36946930986
btc-updown-5m-1790912700,1790912700.0,1790912769.0,2026-10-02,Up,3.2102275286280078,0.35,0.0,0.36,0.016128,394.83,True,-0.37612799999999996,filled,btc,36946930986
btc-updown-5m-1790912700,1790912700.0,1790912769.0,2026-10-02,Up,3.2102275286280078,0.4,0.0,0.36,0.016128,394.83,True,-0.37612799999999996,filled,btc,36946930986
btc-updown-5m-1790912700,1790912700.0,1790912769.0,2026-10-02,Up,3.2102275286280078,0.5,0.0,0.41,0.016933000000000004,5.0,True,-0.426933,filled,btc,36946930986
btc-updown-5m-1790913000,1790913000.0,1790913184.0,2026-10-02,Up,3.6417321672342595,0.3,1.0,0.86,0.008428000000000001,37.57,True,0.13157200000000002,filled,btc,36946930986
btc-updown-5m-1790913000,1790913000.0,1790913184.0,2026-10-02,Up,3.6417321672342595,0.35,1.0,0.86,0.008428000000000001,274.45,True,0.13157200000000002,filled,btc,36946930986
btc-updown-5m-1790913000,1790913000.0,1790913184.0,2026-10-02,Up,3.6417321672342595,0.4,1.0,0.86,0.008428000000000001,391.88,True,0.13157200000000002,filled,btc,36946930986
btc-updown-5m-1790913000,1790913000.0,1790913184.0,2026-10-02,Up,3.6417321672342595,0.5,1.0,0.86,0.008428000000000001,645.45,True,0.13157200000000002,filled,btc,36946930986
btc-updown-5m-1790913300,1790913300.0,1790913376.0,2026-10-02,Down,4.61313904453367,0.3,0.0,0.47,0.017437,8.61,True,-0.48743699999999995,filled,btc,36946930986
btc-updown-5m-1790913300,1790913300.0,1790913376.0,2026-10-02,Down,4.61313904453367,0.35,0.0,0.47,0.017437,130.0,True,-0.48743699999999995,filled,btc,36946930986
btc-updown-5m-1790913300,1790913300.0,1790913376.0,2026-10-02,Down,4.61313904453367,0.4,0.0,0.47,0.017437,100.0,True,-0.48743699999999995,filled,btc,36946930986
btc-updown-5m-1790913300,1790913300.0,1790913376.0,2026-10-02,Down,4.61313904453367,0.5,0.0,0.47,0.017437,130.0,True,-0.48743699999999995,filled,btc,36946930986
btc-updown-5m-1790913600,1790913600.0,1790913760.0,2026-10-02,Down,2.7419055183857566,0.3,0.0,0.18999999999999995,0.010773,104.35,True,-0.20077299999999995,filled,btc,36946930986
btc-updown-5m-1790913600,1790913600.0,1790913760.0,2026-10-02,Down,2.7419055183857566,0.35,0.0,0.18999999999999995,0.010773,94.35,True,-0.20077299999999995,filled,btc,36946930986
btc-updown-5m-1790913600,1790913600.0,1790913760.0,2026-10-02,Down,2.7419055183857566,0.4,0.0,0.18999999999999995,0.010773,202.35,True,-0.20077299999999995,filled,btc,36946930986
btc-updown-5m-1790913600,1790913600.0,1790913760.0,2026-10-02,Down,2.7419055183857566,0.5,0.0,0.18999999999999995,0.010773,32.55,True,-0.20077299999999995,filled,btc,36946930986
btc-updown-5m-1790913900,1790913900.0,1790913984.0,2026-10-02,Up,3.6119233270733155,0.3,0.0,0.23,0.012397000000000004,389.93,True,-0.242397,filled,btc,36946930986
btc-updown-5m-1790913900,1790913900.0,1790913984.0,2026-10-02,Up,3.6119233270733155,0.35,0.0,0.23,0.012397000000000004,523.35,True,-0.242397,filled,btc,36946930986
btc-updown-5m-1790913900,1790913900.0,1790913984.0,2026-10-02,Up,3.6119233270733155,0.4,0.0,0.23,0.012397000000000004,271.61,True,-0.242397,filled,btc,36946930986
btc-updown-5m-1790913900,1790913900.0,1790913984.0,2026-10-02,Up,3.6119233270733155,0.5,0.0,0.24,0.012768000000000002,397.2,True,-0.252768,filled,btc,36946930986
btc-updown-5m-1790914200,1790914200.0,1790914357.0,2026-10-02,Up,3.0917935284517895,0.3,0.0,0.76,0.012768,7.21,True,-0.772768,filled,btc,36946930986
btc-updown-5m-1790914200,1790914200.0,1790914357.0,2026-10-02,Up,3.0917935284517895,0.35,0.0,0.77,0.012397,31.98,True,-0.782397,filled,btc,36946930986
btc-updown-5m-1790914200,1790914200.0,1790914357.0,2026-10-02,Up,3.0917935284517895,0.4,0.0,0.8,0.0112,15.0,True,-0.8112,filled,btc,36946930986
btc-updown-5m-1790914200,1790914200.0,1790914357.0,2026-10-02,Up,3.0917935284517895,0.5,0.0,0.82,0.010332000000000003,148.08,True,-0.830332,filled,btc,36946930986
btc-updown-5m-1790914500,1790914500.0,1790914562.0,2026-10-02,Up,2.691978581976703,0.3,1.0,0.91,0.0057329999999999985,27.73,True,0.08426699999999997,filled,btc,36946930986
btc-updown-5m-1790914500,1790914500.0,1790914562.0,2026-10-02,Up,2.691978581976703,0.35,1.0,0.91,0.0057329999999999985,45.0,True,0.08426699999999997,filled,btc,36946930986
btc-updown-5m-1790914500,1790914500.0,1790914562.0,2026-10-02,Up,2.691978581976703,0.4,1.0,0.91,0.0057329999999999985,75.0,True,0.08426699999999997,filled,btc,36946930986
btc-updown-5m-1790914500,1790914500.0,1790914562.0,2026-10-02,Up,2.691978581976703,0.5,1.0,0.91,0.0057329999999999985,144.78,True,0.08426699999999997,filled,btc,36946930986
btc-updown-5m-1790914800,1790914800.0,1790914876.0,2026-10-02,Up,4.381526901355938,0.3,1.0,0.99,,2422.59,False,,outside_frozen_price_band,btc,36946930986
btc-updown-5m-1790914800,1790914800.0,1790914876.0,2026-10-02,Up,4.381526901355938,0.35,1.0,0.99,,2422.59,False,,outside_frozen_price_band,btc,36946930986
btc-updown-5m-1790914800,1790914800.0,1790914876.0,2026-10-02,Up,4.381526901355938,0.4,1.0,0.99,,2422.59,False,,outside_frozen_price_band,btc,36946930986
btc-updown-5m-1790914800,1790914800.0,1790914876.0,2026-10-02,Up,4.381526901355938,0.5,1.0,0.99,,2422.59,False,,outside_frozen_price_band,btc,36946930986
btc-updown-5m-1790915100,1790915100.0,1790915165.0,2026-10-02,Up,2.5095201404022984,0.3,1.0,0.89,0.006853,659.54,True,0.10314699999999999,filled,btc,36946930986
btc-updown-5m-1790915100,1790915100.0,1790915165.0,2026-10-02,Up,2.5095201404022984,0.35,1.0,0.89,0.006853,720.56,True,0.10314699999999999,filled,btc,36946930986
btc-updown-5m-1790915100,1790915100.0,1790915165.0,2026-10-02,Up,2.5095201404022984,0.4,1.0,0.89,0.006853,740.56,True,0.10314699999999999,filled,btc,36946930986
btc-updown-5m-1790915100,1790915100.0,1790915165.0,2026-10-02,Up,2.5095201404022984,0.5,1.0,0.89,0.006853,750.27,True,0.10314699999999999,filled,btc,36946930986
btc-updown-5m-1790916000,1790916000.0,1790916075.0,2026-10-02,Up,4.244335321865065,0.3,1.0,0.81,0.010772999999999998,158.84,True,0.17922699999999994,filled,btc,36946930986
btc-updown-5m-1790916000,1790916000.0,1790916075.0,2026-10-02,Up,4.244335321865065,0.35,1.0,0.81,0.010772999999999998,313.84,True,0.17922699999999994,filled,btc,36946930986
btc-updown-5m-1790916000,1790916000.0,1790916075.0,2026-10-02,Up,4.244335321865065,0.4,1.0,0.81,0.010772999999999998,292.6,True,0.17922699999999994,filled,btc,36946930986
btc-updown-5m-1790916000,1790916000.0,1790916075.0,2026-10-02,Up,4.244335321865065,0.5,1.0,0.81,0.010772999999999998,460.68,True,0.17922699999999994,filled,btc,36946930986
btc-updown-5m-1790916300,1790916300.0,1790916408.0,2026-10-02,Up,2.50092857866059,0.3,1.0,0.51,0.017493,7.14,True,0.472507,filled,btc,36946930986
btc-updown-5m-1790916300,1790916300.0,1790916408.0,2026-10-02,Up,2.50092857866059,0.35,1.0,0.54,0.017388,20.0,True,0.44261199999999995,filled,btc,36946930986
btc-updown-5m-1790916300,1790916300.0,1790916408.0,2026-10-02,Up,2.50092857866059,0.4,1.0,0.54,0.017388,20.0,True,0.44261199999999995,filled,btc,36946930986
btc-updown-5m-1790916300,1790916300.0,1790916408.0,2026-10-02,Up,2.50092857866059,0.5,1.0,0.54,0.017388,111.0,True,0.44261199999999995,filled,btc,36946930986
btc-updown-5m-1790916600,1790916600.0,1790916691.0,2026-10-02,Up,2.7219576218513546,0.3,0.0,0.72,0.014112000000000001,276.0,True,-0.734112,filled,btc,36946930986
btc-updown-5m-1790916600,1790916600.0,1790916691.0,2026-10-02,Up,2.7219576218513546,0.35,0.0,0.72,0.014112000000000001,101.0,True,-0.734112,filled,btc,36946930986
btc-updown-5m-1790916600,1790916600.0,1790916691.0,2026-10-02,Up,2.7219576218513546,0.4,0.0,0.72,0.014112000000000001,71.0,True,-0.734112,filled,btc,36946930986
btc-updown-5m-1790916600,1790916600.0,1790916691.0,2026-10-02,Up,2.7219576218513546,0.5,0.0,0.72,0.014112000000000001,127.0,True,-0.734112,filled,btc,36946930986
btc-updown-5m-1790917200,1790917200.0,1790917262.0,2026-10-02,Up,2.9539448588533346,0.3,0.0,0.59,0.016933000000000004,290.91,True,-0.606933,filled,btc,36946930986
btc-updown-5m-1790917200,1790917200.0,1790917262.0,2026-10-02,Up,2.9539448588533346,0.35,0.0,0.59,0.016933000000000004,365.91,True,-0.606933,filled,btc,36946930986
btc-updown-5m-1790917200,1790917200.0,1790917262.0,2026-10-02,Up,2.9539448588533346,0.4,0.0,0.59,0.016933000000000004,385.91,True,-0.606933,filled,btc,36946930986
btc-updown-5m-1790917200,1790917200.0,1790917262.0,2026-10-02,Up,2.9539448588533346,0.5,0.0,0.59,0.016933000000000004,360.91,True,-0.606933,filled,btc,36946930986
btc-updown-5m-1790917500,1790917500.0,1790917565.0,2026-10-02,Up,2.5168331606756693,0.3,1.0,0.35,0.015925,1633.36,True,0.634075,filled,btc,36946930986
btc-updown-5m-1790917500,1790917500.0,1790917565.0,2026-10-02,Up,2.5168331606756693,0.35,1.0,0.35,0.015925,1903.13,True,0.634075,filled,btc,36946930986
btc-updown-5m-1790917500,1790917500.0,1790917565.0,2026-10-02,Up,2.5168331606756693,0.4,1.0,0.35,0.015925,1965.13,True,0.634075,filled,btc,36946930986
btc-updown-5m-1790917500,1790917500.0,1790917565.0,2026-10-02,Up,2.5168331606756693,0.5,1.0,0.35,0.015925,2492.13,True,0.634075,filled,btc,36946930986
btc-updown-5m-1790921700,1790921700.0,1790921773.0,2026-10-02,Up,2.5443843951550082,0.3,1.0,0.89,0.006853,1111.71,True,0.10314699999999999,filled,btc,36972067946
btc-updown-5m-1790921700,1790921700.0,1790921773.0,2026-10-02,Up,2.5443843951550082,0.35,1.0,0.89,0.006853,1111.71,True,0.10314699999999999,filled,btc,36972067946
btc-updown-5m-1790921700,1790921700.0,1790921773.0,2026-10-02,Up,2.5443843951550082,0.4,1.0,0.89,0.006853,1122.71,True,0.10314699999999999,filled,btc,36972067946
btc-updown-5m-1790921700,1790921700.0,1790921773.0,2026-10-02,Up,2.5443843951550082,0.5,1.0,0.89,0.006853,1037.65,True,0.10314699999999999,filled,btc,36972067946
btc-updown-5m-1790922000,1790922000.0,1790922061.0,2026-10-02,Up,3.077918087410491,0.3,1.0,0.71,0.014413000000000002,72.01,True,0.275587,filled,btc,36972067946
btc-updown-5m-1790922000,1790922000.0,1790922061.0,2026-10-02,Up,3.077918087410491,0.35,1.0,0.71,0.014413000000000002,102.01,True,0.275587,filled,btc,36972067946
btc-updown-5m-1790922000,1790922000.0,1790922061.0,2026-10-02,Up,3.077918087410491,0.4,1.0,0.71,0.014413000000000002,102.01,True,0.275587,filled,btc,36972067946
btc-updown-5m-1790922000,1790922000.0,1790922061.0,2026-10-02,Up,3.077918087410491,0.5,1.0,0.71,0.014413000000000002,102.01,True,0.275587,filled,btc,36972067946
btc-updown-5m-1790922300,1790922300.0,1790922456.0,2026-10-02,Down,3.2091343713530054,0.3,0.0,0.38,0.016492,21.08,True,-0.396492,filled,btc,36972067946
btc-updown-5m-1790922300,1790922300.0,1790922456.0,2026-10-02,Down,3.2091343713530054,0.35,0.0,0.39,0.016653,40.0,True,-0.40665300000000004,filled,btc,36972067946
btc-updown-5m-1790922300,1790922300.0,1790922456.0,2026-10-02,Down,3.2091343713530054,0.4,0.0,0.39,0.016653,54.0,True,-0.40665300000000004,filled,btc,36972067946
btc-updown-5m-1790922300,1790922300.0,1790922456.0,2026-10-02,Down,3.2091343713530054,0.5,0.0,0.41000000000000003,0.016933,80.0,True,-0.426933,filled,btc,36972067946
btc-updown-5m-1790922600,1790922600.0,1790922724.0,2026-10-02,Up,2.50655830138137,0.3,1.0,0.45,0.017325000000000007,10.0,True,0.532675,filled,btc,36972067946
btc-updown-5m-1790922600,1790922600.0,1790922724.0,2026-10-02,Up,2.50655830138137,0.35,1.0,0.45,0.017325000000000007,10.0,True,0.532675,filled,btc,36972067946
btc-updown-5m-1790922600,1790922600.0,1790922724.0,2026-10-02,Up,2.50655830138137,0.4,1.0,0.45,0.017325000000000007,50.0,True,0.532675,filled,btc,36972067946
btc-updown-5m-1790922600,1790922600.0,1790922724.0,2026-10-02,Up,2.50655830138137,0.5,1.0,0.45,0.017325000000000007,55.0,True,0.532675,filled,btc,36972067946
btc-updown-5m-1790922900,1790922900.0,1790922987.0,2026-10-02,Down,4.965709103217245,0.3,1.0,0.96,0.002688000000000003,46.52,True,0.03731200000000003,filled,btc,36972067946
btc-updown-5m-1790922900,1790922900.0,1790922987.0,2026-10-02,Down,4.965709103217245,0.35,1.0,0.96,0.002688000000000003,46.52,True,0.03731200000000003,filled,btc,36972067946
btc-updown-5m-1790922900,1790922900.0,1790922987.0,2026-10-02,Down,4.965709103217245,0.4,1.0,0.96,0.002688000000000003,46.52,True,0.03731200000000003,filled,btc,36972067946
btc-updown-5m-1790922900,1790922900.0,1790922987.0,2026-10-02,Down,4.965709103217245,0.5,1.0,0.97,0.002037000000000002,645.79,True,0.027963000000000026,filled,btc,36972067946
btc-updown-5m-1790923800,1790923800.0,1790923861.0,2026-10-02,Up,3.8717254845093922,0.3,1.0,0.91,0.0057329999999999985,406.81,True,0.08426699999999997,filled,btc,36972067946
btc-updown-5m-1790923800,1790923800.0,1790923861.0,2026-10-02,Up,3.8717254845093922,0.35,1.0,0.91,0.0057329999999999985,383.81,True,0.08426699999999997,filled,btc,36972067946
btc-updown-5m-1790923800,1790923800.0,1790923861.0,2026-10-02,Up,3.8717254845093922,0.4,1.0,0.91,0.0057329999999999985,283.81,True,0.08426699999999997,filled,btc,36972067946
btc-updown-5m-1790923800,1790923800.0,1790923861.0,2026-10-02,Up,3.8717254845093922,0.5,1.0,0.91,0.0057329999999999985,308.81,True,0.08426699999999997,filled,btc,36972067946
btc-updown-5m-1790924100,1790924100.0,1790924195.0,2026-10-02,Up,5.082587282597453,0.3,0.0,0.84,0.009408000000000003,63.38,True,-0.8494079999999999,filled,btc,36972067946
btc-updown-5m-1790924100,1790924100.0,1790924195.0,2026-10-02,Up,5.082587282597453,0.35,0.0,0.84,0.009408000000000003,464.93,True,-0.8494079999999999,filled,btc,36972067946
btc-updown-5m-1790924100,1790924100.0,1790924195.0,2026-10-02,Up,5.082587282597453,0.4,0.0,0.84,0.009408000000000003,440.83,True,-0.8494079999999999,filled,btc,36972067946
btc-updown-5m-1790924100,1790924100.0,1790924195.0,2026-10-02,Up,5.082587282597453,0.5,0.0,0.8,0.0112,98.08,True,-0.8112,filled,btc,36972067946
btc-updown-5m-1790924400,1790924400.0,1790924469.0,2026-10-02,Up,5.5438632416039,0.3,0.0,0.51,0.017493,8.92,True,-0.527493,filled,btc,36972067946
btc-updown-5m-1790924400,1790924400.0,1790924469.0,2026-10-02,Up,5.5438632416039,0.35,0.0,0.51,0.017493,3.92,False,,depth,btc,36972067946
btc-updown-5m-1790924400,1790924400.0,1790924469.0,2026-10-02,Up,5.5438632416039,0.4,0.0,0.51,0.017493,3.92,False,,depth,btc,36972067946
btc-updown-5m-1790924400,1790924400.0,1790924469.0,2026-10-02,Up,5.5438632416039,0.5,0.0,0.55,0.017325,528.0,True,-0.5673250000000001,filled,btc,36972067946
btc-updown-5m-1790924700,1790924700.0,1790924797.0,2026-10-02,Up,2.5751566290742387,0.3,1.0,0.59,0.016933000000000004,24.08,True,0.39306700000000006,filled,btc,36972067946
btc-updown-5m-1790924700,1790924700.0,1790924797.0,2026-10-02,Up,2.5751566290742387,0.35,1.0,0.59,0.016933000000000004,22.38,True,0.39306700000000006,filled,btc,36972067946
btc-updown-5m-1790924700,1790924700.0,1790924797.0,2026-10-02,Up,2.5751566290742387,0.4,1.0,0.59,0.016933000000000004,22.38,True,0.39306700000000006,filled,btc,36972067946
btc-updown-5m-1790924700,1790924700.0,1790924797.0,2026-10-02,Up,2.5751566290742387,0.5,1.0,0.6,0.016800000000000002,61.94,True,0.38320000000000004,filled,btc,36972067946
btc-updown-5m-1790925000,1790925000.0,1790925109.0,2026-10-02,Up,3.199230772740954,0.3,0.0,0.72,0.014112000000000001,7.6,True,-0.734112,filled,btc,36972067946
btc-updown-5m-1790925000,1790925000.0,1790925109.0,2026-10-02,Up,3.199230772740954,0.35,0.0,0.72,0.014112000000000001,42.53,True,-0.734112,filled,btc,36972067946
btc-updown-5m-1790925000,1790925000.0,1790925109.0,2026-10-02,Up,3.199230772740954,0.4,0.0,0.73,0.013797000000000002,67.49,True,-0.7437969999999999,filled,btc,36972067946
btc-updown-5m-1790925000,1790925000.0,1790925109.0,2026-10-02,Up,3.199230772740954,0.5,0.0,0.74,0.013468000000000003,69.9,True,-0.753468,filled,btc,36972067946
btc-updown-5m-1790925300,1790925300.0,1790925377.0,2026-10-02,Up,3.4442920609077627,0.3,0.0,0.7,0.014700000000000003,40.71,True,-0.7147,filled,btc,36972067946
btc-updown-5m-1790925300,1790925300.0,1790925377.0,2026-10-02,Up,3.4442920609077627,0.35,0.0,0.7,0.014700000000000003,61.82,True,-0.7147,filled,btc,36972067946
btc-updown-5m-1790925300,1790925300.0,1790925377.0,2026-10-02,Up,3.4442920609077627,0.4,0.0,0.7,0.014700000000000003,120.78,True,-0.7147,filled,btc,36972067946
btc-updown-5m-1790925300,1790925300.0,1790925377.0,2026-10-02,Up,3.4442920609077627,0.5,0.0,0.71,0.014413000000000002,47.23,True,-0.724413,filled,btc,36972067946
btc-updown-5m-1790925600,1790925600.0,1790925661.0,2026-10-02,Down,2.58021218320444,0.3,1.0,0.84,0.009408000000000003,27.77,True,0.15059200000000003,filled,btc,36972067946
btc-updown-5m-1790925600,1790925600.0,1790925661.0,2026-10-02,Down,2.58021218320444,0.35,1.0,0.84,0.009408000000000003,42.77,True,0.15059200000000003,filled,btc,36972067946
btc-updown-5m-1790925600,1790925600.0,1790925661.0,2026-10-02,Down,2.58021218320444,0.4,1.0,0.84,0.009408000000000003,17.71,True,0.15059200000000003,filled,btc,36972067946
btc-updown-5m-1790925600,1790925600.0,1790925661.0,2026-10-02,Down,2.58021218320444,0.5,1.0,0.85,0.008925000000000002,98.92,True,0.141075,filled,btc,36972067946
btc-updown-5m-1790925900,1790925900.0,1790926037.0,2026-10-02,Up,3.749571882777973,0.3,1.0,0.86,0.008428000000000001,203.52,True,0.13157200000000002,filled,btc,36972067946
btc-updown-5m-1790925900,1790925900.0,1790926037.0,2026-10-02,Up,3.749571882777973,0.35,1.0,0.85,0.008925000000000002,5.0,True,0.141075,filled,btc,36972067946
btc-updown-5m-1790925900,1790925900.0,1790926037.0,2026-10-02,Up,3.749571882777973,0.4,1.0,0.85,0.008925000000000002,45.0,True,0.141075,filled,btc,36972067946
btc-updown-5m-1790925900,1790925900.0,1790926037.0,2026-10-02,Up,3.749571882777973,0.5,1.0,0.85,0.008925000000000002,3.82,False,,depth,btc,36972067946
btc-updown-5m-1790926200,1790926200.0,1790926271.0,2026-10-02,Up,4.159175168828535,0.3,0.0,0.42,0.017052000000000005,23.0,True,-0.437052,filled,btc,36972067946
btc-updown-5m-1790926200,1790926200.0,1790926271.0,2026-10-02,Up,4.159175168828535,0.35,0.0,0.44,0.017248000000000003,25.0,True,-0.457248,filled,btc,36972067946
btc-updown-5m-1790926200,1790926200.0,1790926271.0,2026-10-02,Up,4.159175168828535,0.4,0.0,0.43,0.017157000000000002,10.0,True,-0.44715699999999997,filled,btc,36972067946
btc-updown-5m-1790926200,1790926200.0,1790926271.0,2026-10-02,Up,4.159175168828535,0.5,0.0,0.45,0.017325000000000007,20.0,True,-0.467325,filled,btc,36972067946
btc-updown-5m-1790926500,1790926500.0,1790926621.0,2026-10-02,Up,3.394024276169443,0.3,0.0,0.79,0.011613,34.15,True,-0.801613,filled,btc,36972067946
btc-updown-5m-1790926500,1790926500.0,1790926621.0,2026-10-02,Up,3.394024276169443,0.35,0.0,0.79,0.011613,27.88,True,-0.801613,filled,btc,36972067946
btc-updown-5m-1790926500,1790926500.0,1790926621.0,2026-10-02,Up,3.394024276169443,0.4,0.0,0.79,0.011613,26.76,True,-0.801613,filled,btc,36972067946
btc-updown-5m-1790926500,1790926500.0,1790926621.0,2026-10-02,Up,3.394024276169443,0.5,0.0,0.79,0.011613,58.72,True,-0.801613,filled,btc,36972067946
btc-updown-5m-1790926800,1790926800.0,1790926893.0,2026-10-02,Up,4.46322117846242,0.3,0.0,0.53,0.017437,48.38,True,-0.5474370000000001,filled,btc,36972067946
btc-updown-5m-1790926800,1790926800.0,1790926893.0,2026-10-02,Up,4.46322117846242,0.35,0.0,0.53,0.017437,174.38,True,-0.5474370000000001,filled,btc,36972067946
btc-updown-5m-1790926800,1790926800.0,1790926893.0,2026-10-02,Up,4.46322117846242,0.4,0.0,0.53,0.017437,49.38,True,-0.5474370000000001,filled,btc,36972067946
btc-updown-5m-1790926800,1790926800.0,1790926893.0,2026-10-02,Up,4.46322117846242,0.5,0.0,0.53,0.017437,223.0,True,-0.5474370000000001,filled,btc,36972067946
btc-updown-5m-1790927100,1790927100.0,1790927163.0,2026-10-02,Up,4.0397577874617125,0.3,1.0,0.97,0.002037000000000002,324.55,True,0.027963000000000026,filled,btc,36972067946
btc-updown-5m-1790927100,1790927100.0,1790927163.0,2026-10-02,Up,4.0397577874617125,0.35,1.0,0.96,0.002688000000000003,75.0,True,0.03731200000000003,filled,btc,36972067946
btc-updown-5m-1790927100,1790927100.0,1790927163.0,2026-10-02,Up,4.0397577874617125,0.4,1.0,0.96,0.002688000000000003,110.0,True,0.03731200000000003,filled,btc,36972067946
btc-updown-5m-1790927100,1790927100.0,1790927163.0,2026-10-02,Up,4.0397577874617125,0.5,1.0,0.96,0.002688000000000003,80.0,True,0.03731200000000003,filled,btc,36972067946
btc-updown-5m-1790927400,1790927400.0,1790927487.0,2026-10-02,Up,2.8045752404900814,0.3,1.0,0.77,0.012397,40.0,True,0.217603,filled,btc,36972067946
btc-updown-5m-1790927400,1790927400.0,1790927487.0,2026-10-02,Up,2.8045752404900814,0.35,1.0,0.77,0.012397,15.0,True,0.217603,filled,btc,36972067946
btc-updown-5m-1790927400,1790927400.0,1790927487.0,2026-10-02,Up,2.8045752404900814,0.4,1.0,0.77,0.012397,15.0,True,0.217603,filled,btc,36972067946
btc-updown-5m-1790927400,1790927400.0,1790927487.0,2026-10-02,Up,2.8045752404900814,0.5,1.0,0.77,0.012397,15.0,True,0.217603,filled,btc,36972067946
btc-updown-5m-1790927700,1790927700.0,1790927810.0,2026-10-02,Up,2.739935294076987,0.3,1.0,0.94,0.003948000000000004,177.19,True,0.056052000000000046,filled,btc,36972067946
btc-updown-5m-1790927700,1790927700.0,1790927810.0,2026-10-02,Up,2.739935294076987,0.35,1.0,0.94,0.003948000000000004,177.19,True,0.056052000000000046,filled,btc,36972067946
btc-updown-5m-1790927700,1790927700.0,1790927810.0,2026-10-02,Up,2.739935294076987,0.4,1.0,0.94,0.003948000000000004,177.19,True,0.056052000000000046,filled,btc,36972067946
btc-updown-5m-1790927700,1790927700.0,1790927810.0,2026-10-02,Up,2.739935294076987,0.5,1.0,0.94,0.003948000000000004,202.19,True,0.056052000000000046,filled,btc,36972067946
btc-updown-5m-1790928000,1790928000.0,1790928060.0,2026-10-02,Up,4.2547982842965455,0.3,1.0,0.74,0.013468000000000003,332.8,True,0.246532,filled,btc,36972067946
btc-updown-5m-1790928000,1790928000.0,1790928060.0,2026-10-02,Up,4.2547982842965455,0.35,1.0,0.74,0.013468000000000003,327.43,True,0.246532,filled,btc,36972067946
btc-updown-5m-1790928000,1790928000.0,1790928060.0,2026-10-02,Up,4.2547982842965455,0.4,1.0,0.74,0.013468000000000003,268.5,True,0.246532,filled,btc,36972067946
btc-updown-5m-1790928000,1790928000.0,1790928060.0,2026-10-02,Up,4.2547982842965455,0.5,1.0,0.74,0.013468000000000003,1837.24,True,0.246532,filled,btc,36972067946
btc-updown-5m-1790928300,1790928300.0,1790928376.0,2026-10-02,Up,3.7043278670679807,0.3,0.0,0.57,0.017157000000000002,231.87,True,-0.5871569999999999,filled,btc,36972067946
btc-updown-5m-1790928300,1790928300.0,1790928376.0,2026-10-02,Up,3.7043278670679807,0.35,0.0,0.57,0.017157000000000002,146.87,True,-0.5871569999999999,filled,btc,36972067946
btc-updown-5m-1790928300,1790928300.0,1790928376.0,2026-10-02,Up,3.7043278670679807,0.4,0.0,0.57,0.017157000000000002,146.87,True,-0.5871569999999999,filled,btc,36972067946
btc-updown-5m-1790928300,1790928300.0,1790928376.0,2026-10-02,Up,3.7043278670679807,0.5,0.0,0.57,0.017157000000000002,101.87,True,-0.5871569999999999,filled,btc,36972067946
btc-updown-5m-1790928600,1790928600.0,1790928685.0,2026-10-02,Down,2.53431798265615,0.3,0.0,0.45999999999999996,0.017388,29.4,True,-0.477388,filled,btc,36972067946
btc-updown-5m-1790928600,1790928600.0,1790928685.0,2026-10-02,Down,2.53431798265615,0.35,0.0,0.45999999999999996,0.017388,29.4,True,-0.477388,filled,btc,36972067946
btc-updown-5m-1790928600,1790928600.0,1790928685.0,2026-10-02,Down,2.53431798265615,0.4,0.0,0.45999999999999996,0.017388,29.4,True,-0.477388,filled,btc,36972067946
btc-updown-5m-1790928600,1790928600.0,1790928685.0,2026-10-02,Down,2.53431798265615,0.5,0.0,0.45999999999999996,0.017388,12.22,True,-0.477388,filled,btc,36972067946
btc-updown-5m-1790928900,1790928900.0,1790928974.0,2026-10-02,Up,3.2847246415327263,0.3,1.0,0.8,0.0112,344.56,True,0.18879999999999997,filled,btc,36972067946
btc-updown-5m-1790928900,1790928900.0,1790928974.0,2026-10-02,Up,3.2847246415327263,0.35,1.0,0.8,0.0112,331.56,True,0.18879999999999997,filled,btc,36972067946
btc-updown-5m-1790928900,1790928900.0,1790928974.0,2026-10-02,Up,3.2847246415327263,0.4,1.0,0.8,0.0112,296.56,True,0.18879999999999997,filled,btc,36972067946
btc-updown-5m-1790928900,1790928900.0,1790928974.0,2026-10-02,Up,3.2847246415327263,0.5,1.0,0.8,0.0112,341.56,True,0.18879999999999997,filled,btc,36972067946
btc-updown-5m-1790929200,1790929200.0,1790929276.0,2026-10-02,Up,4.296248315849749,0.3,0.0,0.7,0.014700000000000003,14.46,True,-0.7147,filled,btc,36972067946
btc-updown-5m-1790929200,1790929200.0,1790929276.0,2026-10-02,Up,4.296248315849749,0.35,0.0,0.73,0.013797000000000002,5.85,True,-0.7437969999999999,filled,btc,36972067946
btc-updown-5m-1790929200,1790929200.0,1790929276.0,2026-10-02,Up,4.296248315849749,0.4,0.0,0.76,0.012768,37.0,True,-0.772768,filled,btc,36972067946
btc-updown-5m-1790929200,1790929200.0,1790929276.0,2026-10-02,Up,4.296248315849749,0.5,0.0,0.77,0.012397,112.98,True,-0.782397,filled,btc,36972067946
btc-updown-5m-1790929800,1790929800.0,1790929866.0,2026-10-02,Down,2.692315219705626,0.3,1.0,0.49,0.017493,75.0,True,0.49250700000000003,filled,btc,36972067946
btc-updown-5m-1790929800,1790929800.0,1790929866.0,2026-10-02,Down,2.692315219705626,0.35,1.0,0.49,0.017493,175.0,True,0.49250700000000003,filled,btc,36972067946
btc-updown-5m-1790929800,1790929800.0,1790929866.0,2026-10-02,Down,2.692315219705626,0.4,1.0,0.49,0.017493,190.0,True,0.49250700000000003,filled,btc,36972067946
btc-updown-5m-1790929800,1790929800.0,1790929866.0,2026-10-02,Down,2.692315219705626,0.5,1.0,0.49,0.017493,190.0,True,0.49250700000000003,filled,btc,36972067946
btc-updown-5m-1790930100,1790930100.0,1790930189.0,2026-10-02,Up,3.8511769580083444,0.3,1.0,0.86,0.008428000000000001,128.83,True,0.13157200000000002,filled,btc,36972067946
btc-updown-5m-1790930100,1790930100.0,1790930189.0,2026-10-02,Up,3.8511769580083444,0.35,1.0,0.86,0.008428000000000001,128.83,True,0.13157200000000002,filled,btc,36972067946
btc-updown-5m-1790930100,1790930100.0,1790930189.0,2026-10-02,Up,3.8511769580083444,0.4,1.0,0.86,0.008428000000000001,223.83,True,0.13157200000000002,filled,btc,36972067946
btc-updown-5m-1790930100,1790930100.0,1790930189.0,2026-10-02,Up,3.8511769580083444,0.5,1.0,0.86,0.008428000000000001,134.52,True,0.13157200000000002,filled,btc,36972067946
btc-updown-5m-1790930400,1790930400.0,1790930485.0,2026-10-02,Down,3.1649611327196245,0.3,1.0,0.71,0.014413000000000002,43.56,True,0.275587,filled,btc,36972067946
btc-updown-5m-1790930400,1790930400.0,1790930485.0,2026-10-02,Down,3.1649611327196245,0.35,1.0,0.71,0.014413000000000002,298.56,True,0.275587,filled,btc,36972067946
btc-updown-5m-1790930400,1790930400.0,1790930485.0,2026-10-02,Down,3.1649611327196245,0.4,1.0,0.71,0.014413000000000002,377.47,True,0.275587,filled,btc,36972067946
btc-updown-5m-1790930400,1790930400.0,1790930485.0,2026-10-02,Down,3.1649611327196245,0.5,1.0,0.71,0.014413000000000002,1420.16,True,0.275587,filled,btc,36972067946
btc-updown-5m-1790930700,1790930700.0,1790930834.0,2026-10-02,Down,4.248827156164771,0.3,1.0,0.7,0.014700000000000003,142.6,True,0.28530000000000005,filled,btc,36972067946
btc-updown-5m-1790930700,1790930700.0,1790930834.0,2026-10-02,Down,4.248827156164771,0.35,1.0,0.7,0.014700000000000003,142.6,True,0.28530000000000005,filled,btc,36972067946
btc-updown-5m-1790930700,1790930700.0,1790930834.0,2026-10-02,Down,4.248827156164771,0.4,1.0,0.7,0.014700000000000003,142.6,True,0.28530000000000005,filled,btc,36972067946
btc-updown-5m-1790930700,1790930700.0,1790930834.0,2026-10-02,Down,4.248827156164771,0.5,1.0,0.7,0.014700000000000003,141.17,True,0.28530000000000005,filled,btc,36972067946
btc-updown-5m-1790931000,1790931000.0,1790931065.0,2026-10-02,Up,4.98723441068166,0.3,0.0,0.7,0.014700000000000003,132.68,True,-0.7147,filled,btc,36972067946
btc-updown-5m-1790931000,1790931000.0,1790931065.0,2026-10-02,Up,4.98723441068166,0.35,0.0,0.7,0.014700000000000003,114.7,True,-0.7147,filled,btc,36972067946
btc-updown-5m-1790931000,1790931000.0,1790931065.0,2026-10-02,Up,4.98723441068166,0.4,0.0,0.7,0.014700000000000003,199.7,True,-0.7147,filled,btc,36972067946
btc-updown-5m-1790931000,1790931000.0,1790931065.0,2026-10-02,Up,4.98723441068166,0.5,0.0,0.7,0.014700000000000003,426.22,True,-0.7147,filled,btc,36972067946
btc-updown-5m-1790931300,1790931300.0,1790931421.0,2026-10-02,Down,2.600847073191358,0.3,1.0,0.42000000000000004,0.017052,75.0,True,0.562948,filled,btc,36972067946
btc-updown-5m-1790931300,1790931300.0,1790931421.0,2026-10-02,Down,2.600847073191358,0.35,1.0,0.42000000000000004,0.017052,313.0,True,0.562948,filled,btc,36972067946
btc-updown-5m-1790931300,1790931300.0,1790931421.0,2026-10-02,Down,2.600847073191358,0.4,1.0,0.42000000000000004,0.017052,270.96,True,0.562948,filled,btc,36972067946
btc-updown-5m-1790931300,1790931300.0,1790931421.0,2026-10-02,Down,2.600847073191358,0.5,1.0,0.42000000000000004,0.017052,277.99,True,0.562948,filled,btc,36972067946
btc-updown-5m-1790931600,1790931600.0,1790931675.0,2026-10-02,Down,3.375477136031488,0.3,1.0,0.7,0.014700000000000003,427.67,True,0.28530000000000005,filled,btc,36972067946
btc-updown-5m-1790931600,1790931600.0,1790931675.0,2026-10-02,Down,3.375477136031488,0.35,1.0,0.7,0.014700000000000003,427.67,True,0.28530000000000005,filled,btc,36972067946
btc-updown-5m-1790931600,1790931600.0,1790931675.0,2026-10-02,Down,3.375477136031488,0.4,1.0,0.7,0.014700000000000003,367.67,True,0.28530000000000005,filled,btc,36972067946
btc-updown-5m-1790931600,1790931600.0,1790931675.0,2026-10-02,Down,3.375477136031488,0.5,1.0,0.7,0.014700000000000003,427.67,True,0.28530000000000005,filled,btc,36972067946
btc-updown-5m-1790931900,1790931900.0,1790931967.0,2026-10-02,Down,3.069155474091324,0.3,0.0,0.17000000000000004,0.009877000000000004,91.93,True,-0.17987700000000004,filled,btc,36972067946
btc-updown-5m-1790931900,1790931900.0,1790931967.0,2026-10-02,Down,3.069155474091324,0.35,0.0,0.17000000000000004,0.009877000000000004,139.93,True,-0.17987700000000004,filled,btc,36972067946
btc-updown-5m-1790931900,1790931900.0,1790931967.0,2026-10-02,Down,3.069155474091324,0.4,0.0,0.17000000000000004,0.009877000000000004,209.93,True,-0.17987700000000004,filled,btc,36972067946
btc-updown-5m-1790931900,1790931900.0,1790931967.0,2026-10-02,Down,3.069155474091324,0.5,0.0,0.17000000000000004,0.009877000000000004,264.93,True,-0.17987700000000004,filled,btc,36972067946
btc-updown-5m-1790932200,1790932200.0,1790932408.0,2026-10-02,Up,2.9121382694216438,0.3,1.0,0.99,,2798.3,False,,outside_frozen_price_band,btc,36972067946
btc-updown-5m-1790932200,1790932200.0,1790932408.0,2026-10-02,Up,2.9121382694216438,0.35,1.0,0.99,,3124.86,False,,outside_frozen_price_band,btc,36972067946
btc-updown-5m-1790932200,1790932200.0,1790932408.0,2026-10-02,Up,2.9121382694216438,0.4,1.0,0.99,,3106.42,False,,outside_frozen_price_band,btc,36972067946
btc-updown-5m-1790932200,1790932200.0,1790932408.0,2026-10-02,Up,2.9121382694216438,0.5,1.0,0.99,,3019.09,False,,outside_frozen_price_band,btc,36972067946
btc-updown-5m-1790932500,1790932500.0,1790932576.0,2026-10-02,Down,2.9554710666536828,0.3,1.0,0.7,0.014700000000000003,322.51,True,0.28530000000000005,filled,btc,36972067946
btc-updown-5m-1790932500,1790932500.0,1790932576.0,2026-10-02,Down,2.9554710666536828,0.35,1.0,0.7,0.014700000000000003,190.37,True,0.28530000000000005,filled,btc,36972067946
btc-updown-5m-1790932500,1790932500.0,1790932576.0,2026-10-02,Down,2.9554710666536828,0.4,1.0,0.7,0.014700000000000003,145.37,True,0.28530000000000005,filled,btc,36972067946
btc-updown-5m-1790932500,1790932500.0,1790932576.0,2026-10-02,Down,2.9554710666536828,0.5,1.0,0.7,0.014700000000000003,163.48,True,0.28530000000000005,filled,btc,36972067946
btc-updown-5m-1790932800,1790932800.0,1790932863.0,2026-10-02,Up,3.260711986058776,0.3,0.0,0.67,0.015477,493.37,True,-0.685477,filled,btc,36972067946
btc-updown-5m-1790932800,1790932800.0,1790932863.0,2026-10-02,Up,3.260711986058776,0.35,0.0,0.67,0.015477,463.37,True,-0.685477,filled,btc,36972067946
btc-updown-5m-1790932800,1790932800.0,1790932863.0,2026-10-02,Up,3.260711986058776,0.4,0.0,0.67,0.015477,1253.14,True,-0.685477,filled,btc,36972067946
btc-updown-5m-1790932800,1790932800.0,1790932863.0,2026-10-02,Up,3.260711986058776,0.5,0.0,0.67,0.015477,1399.1,True,-0.685477,filled,btc,36972067946
btc-updown-5m-1790933400,1790933400.0,1790933472.0,2026-10-02,Up,2.5131526487789766,0.3,1.0,0.94,0.003948000000000004,678.48,True,0.056052000000000046,filled,btc,36972067946
btc-updown-5m-1790933400,1790933400.0,1790933472.0,2026-10-02,Up,2.5131526487789766,0.35,1.0,0.94,0.003948000000000004,1013.48,True,0.056052000000000046,filled,btc,36972067946
btc-updown-5m-1790933400,1790933400.0,1790933472.0,2026-10-02,Up,2.5131526487789766,0.4,1.0,0.94,0.003948000000000004,1118.48,True,0.056052000000000046,filled,btc,36972067946
btc-updown-5m-1790933400,1790933400.0,1790933472.0,2026-10-02,Up,2.5131526487789766,0.5,1.0,0.94,0.003948000000000004,1198.48,True,0.056052000000000046,filled,btc,36972067946
btc-updown-5m-1790933700,1790933700.0,1790933887.0,2026-10-02,Up,2.753508022060409,0.3,1.0,0.1,0.006300000000000001,630.92,True,0.8937,filled,btc,36972067946
btc-updown-5m-1790933700,1790933700.0,1790933887.0,2026-10-02,Up,2.753508022060409,0.35,1.0,0.1,0.006300000000000001,680.92,True,0.8937,filled,btc,36972067946
btc-updown-5m-1790933700,1790933700.0,1790933887.0,2026-10-02,Up,2.753508022060409,0.4,1.0,0.1,0.006300000000000001,863.92,True,0.8937,filled,btc,36972067946
btc-updown-5m-1790933700,1790933700.0,1790933887.0,2026-10-02,Up,2.753508022060409,0.5,1.0,0.1,0.006300000000000001,893.92,True,0.8937,filled,btc,36972067946
btc-updown-5m-1790934000,1790934000.0,1790934122.0,2026-10-02,Down,2.7283885796503755,0.3,1.0,0.73,0.013797000000000002,44.92,True,0.256203,filled,btc,36972067946
btc-updown-5m-1790934000,1790934000.0,1790934122.0,2026-10-02,Down,2.7283885796503755,0.35,1.0,0.73,0.013797000000000002,44.92,True,0.256203,filled,btc,36972067946
btc-updown-5m-1790934000,1790934000.0,1790934122.0,2026-10-02,Down,2.7283885796503755,0.4,1.0,0.73,0.013797000000000002,81.55,True,0.256203,filled,btc,36972067946
btc-updown-5m-1790934000,1790934000.0,1790934122.0,2026-10-02,Down,2.7283885796503755,0.5,1.0,0.73,0.013797000000000002,252.55,True,0.256203,filled,btc,36972067946
btc-updown-5m-1790934300,1790934300.0,1790934409.0,2026-10-02,Down,8.87139448710823,0.3,0.0,0.62,0.016492,34.27,True,-0.636492,filled,btc,36972067946
btc-updown-5m-1790934300,1790934300.0,1790934409.0,2026-10-02,Down,8.87139448710823,0.35,0.0,0.75,0.013125000000000001,5.0,True,-0.763125,filled,btc,36972067946
btc-updown-5m-1790934300,1790934300.0,1790934409.0,2026-10-02,Down,8.87139448710823,0.4,0.0,0.8200000000000001,0.010331999999999997,40.0,True,-0.8303320000000001,filled,btc,36972067946
btc-updown-5m-1790934300,1790934300.0,1790934409.0,2026-10-02,Down,8.87139448710823,0.5,0.0,0.85,0.008925000000000002,20.0,True,-0.8589249999999999,filled,btc,36972067946
btc-updown-5m-1790934900,1790934900.0,1790935023.0,2026-10-02,Down,2.548071478952477,0.3,1.0,0.73,0.013797000000000002,19.06,True,0.256203,filled,btc,36972067946
btc-updown-5m-1790934900,1790934900.0,1790935023.0,2026-10-02,Down,2.548071478952477,0.35,1.0,0.75,0.013125000000000001,221.48,True,0.236875,filled,btc,36972067946
btc-updown-5m-1790934900,1790934900.0,1790935023.0,2026-10-02,Down,2.548071478952477,0.4,1.0,0.73,0.013797000000000002,40.0,True,0.256203,filled,btc,36972067946
btc-updown-5m-1790934900,1790934900.0,1790935023.0,2026-10-02,Down,2.548071478952477,0.5,1.0,0.73,0.013797000000000002,22.26,True,0.256203,filled,btc,36972067946
btc-updown-5m-1790935200,1790935200.0,1790935260.0,2026-10-02,Up,5.279224248637549,0.3,1.0,0.78,0.012012,157.42,True,0.20798799999999998,filled,btc,36972067946
btc-updown-5m-1790935200,1790935200.0,1790935260.0,2026-10-02,Up,5.279224248637549,0.35,1.0,0.78,0.012012,107.42,True,0.20798799999999998,filled,btc,36972067946
btc-updown-5m-1790935200,1790935200.0,1790935260.0,2026-10-02,Up,5.279224248637549,0.4,1.0,0.78,0.012012,72.42,True,0.20798799999999998,filled,btc,36972067946
btc-updown-5m-1790935200,1790935200.0,1790935260.0,2026-10-02,Up,5.279224248637549,0.5,1.0,0.78,0.012012,157.42,True,0.20798799999999998,filled,btc,36972067946
btc-updown-5m-1790935500,1790935500.0,1790935634.0,2026-10-02,Up,3.2604671321950445,0.3,1.0,0.51,0.017493,70.0,True,0.472507,filled,btc,36972067946
btc-updown-5m-1790935500,1790935500.0,1790935634.0,2026-10-02,Up,3.2604671321950445,0.35,1.0,0.51,0.017493,137.5,True,0.472507,filled,btc,36972067946
btc-updown-5m-1790935500,1790935500.0,1790935634.0,2026-10-02,Up,3.2604671321950445,0.4,1.0,0.51,0.017493,177.5,True,0.472507,filled,btc,36972067946
btc-updown-5m-1790935500,1790935500.0,1790935634.0,2026-10-02,Up,3.2604671321950445,0.5,1.0,0.51,0.017493,115.0,True,0.472507,filled,btc,36972067946
btc-updown-5m-1790935800,1790935800.0,1790936021.0,2026-10-02,Down,3.0851274590433664,0.3,1.0,,,,False,,book_unavailable,btc,36972067946
btc-updown-5m-1790935800,1790935800.0,1790936021.0,2026-10-02,Down,3.0851274590433664,0.35,1.0,,,,False,,book_unavailable,btc,36972067946
btc-updown-5m-1790935800,1790935800.0,1790936021.0,2026-10-02,Down,3.0851274590433664,0.4,1.0,,,,False,,book_unavailable,btc,36972067946
btc-updown-5m-1790935800,1790935800.0,1790936021.0,2026-10-02,Down,3.0851274590433664,0.5,1.0,,,,False,,book_unavailable,btc,36972067946
btc-updown-5m-1790936100,1790936100.0,1790936161.0,2026-10-02,Up,2.770859214691291,0.3,1.0,0.76,0.012768,104.0,True,0.227232,filled,btc,36972067946
btc-updown-5m-1790936100,1790936100.0,1790936161.0,2026-10-02,Up,2.770859214691291,0.35,1.0,0.76,0.012768,104.0,True,0.227232,filled,btc,36972067946
btc-updown-5m-1790936100,1790936100.0,1790936161.0,2026-10-02,Up,2.770859214691291,0.4,1.0,0.76,0.012768,104.0,True,0.227232,filled,btc,36972067946
btc-updown-5m-1790936100,1790936100.0,1790936161.0,2026-10-02,Up,2.770859214691291,0.5,1.0,0.76,0.012768,104.0,True,0.227232,filled,btc,36972067946
btc-updown-5m-1790936400,1790936400.0,1790936484.0,2026-10-02,Down,5.660034769456156,0.3,1.0,0.74,0.013468000000000003,90.0,True,0.246532,filled,btc,36972067946
btc-updown-5m-1790936400,1790936400.0,1790936484.0,2026-10-02,Down,5.660034769456156,0.35,1.0,0.74,0.013468000000000003,178.0,True,0.246532,filled,btc,36972067946
btc-updown-5m-1790936400,1790936400.0,1790936484.0,2026-10-02,Down,5.660034769456156,0.4,1.0,0.74,0.013468000000000003,1686.26,True,0.246532,filled,btc,36972067946
btc-updown-5m-1790936400,1790936400.0,1790936484.0,2026-10-02,Down,5.660034769456156,0.5,1.0,0.73,0.013797000000000002,110.0,True,0.256203,filled,btc,36972067946
btc-updown-5m-1790937300,1790937300.0,1790937360.0,2026-10-02,Up,2.6112316676957823,0.3,0.0,0.84,0.009408000000000003,608.1,True,-0.8494079999999999,filled,btc,36972067946
btc-updown-5m-1790937300,1790937300.0,1790937360.0,2026-10-02,Up,2.6112316676957823,0.35,0.0,0.84,0.009408000000000003,608.1,True,-0.8494079999999999,filled,btc,36972067946
btc-updown-5m-1790937300,1790937300.0,1790937360.0,2026-10-02,Up,2.6112316676957823,0.4,0.0,0.84,0.009408000000000003,608.1,True,-0.8494079999999999,filled,btc,36972067946
btc-updown-5m-1790937300,1790937300.0,1790937360.0,2026-10-02,Up,2.6112316676957823,0.5,0.0,0.84,0.009408000000000003,713.1,True,-0.8494079999999999,filled,btc,36972067946
btc-updown-5m-1790941800,1790941800.0,1790941936.0,2026-10-02,Up,4.028495920980695,0.3,1.0,0.97,0.002037000000000002,342.17,True,0.027963000000000026,filled,btc,37002779006
btc-updown-5m-1790941800,1790941800.0,1790941936.0,2026-10-02,Up,4.028495920980695,0.35,1.0,0.97,0.002037000000000002,352.17,True,0.027963000000000026,filled,btc,37002779006
btc-updown-5m-1790941800,1790941800.0,1790941936.0,2026-10-02,Up,4.028495920980695,0.4,1.0,0.97,0.002037000000000002,357.17,True,0.027963000000000026,filled,btc,37002779006
btc-updown-5m-1790941800,1790941800.0,1790941936.0,2026-10-02,Up,4.028495920980695,0.5,1.0,0.97,0.002037000000000002,357.17,True,0.027963000000000026,filled,btc,37002779006
btc-updown-5m-1790942100,1790942100.0,1790942160.0,2026-10-02,Down,14.251750513374581,0.3,1.0,0.9,0.0063,200.59,True,0.09369999999999998,filled,btc,37002779006
btc-updown-5m-1790942100,1790942100.0,1790942160.0,2026-10-02,Down,14.251750513374581,0.35,1.0,0.9,0.0063,343.81,True,0.09369999999999998,filled,btc,37002779006
btc-updown-5m-1790942100,1790942100.0,1790942160.0,2026-10-02,Down,14.251750513374581,0.4,1.0,0.9,0.0063,1046.89,True,0.09369999999999998,filled,btc,37002779006
btc-updown-5m-1790942100,1790942100.0,1790942160.0,2026-10-02,Down,14.251750513374581,0.5,1.0,0.9,0.0063,1086.64,True,0.09369999999999998,filled,btc,37002779006
btc-updown-5m-1790942400,1790942400.0,1790942464.0,2026-10-02,Down,3.2872863962538603,0.3,1.0,0.8200000000000001,0.010331999999999997,56.11,True,0.16966799999999993,filled,btc,37002779006
btc-updown-5m-1790942400,1790942400.0,1790942464.0,2026-10-02,Down,3.2872863962538603,0.35,1.0,0.8200000000000001,0.010331999999999997,46.11,True,0.16966799999999993,filled,btc,37002779006
btc-updown-5m-1790942400,1790942400.0,1790942464.0,2026-10-02,Down,3.2872863962538603,0.4,1.0,0.8200000000000001,0.010331999999999997,46.11,True,0.16966799999999993,filled,btc,37002779006
btc-updown-5m-1790942400,1790942400.0,1790942464.0,2026-10-02,Down,3.2872863962538603,0.5,1.0,0.8200000000000001,0.010331999999999997,56.11,True,0.16966799999999993,filled,btc,37002779006
btc-updown-5m-1790943000,1790943000.0,1790943134.0,2026-10-02,Down,2.8001337433619042,0.3,1.0,0.65,0.015925,39.69,True,0.33407499999999996,filled,btc,37002779006
btc-updown-5m-1790943000,1790943000.0,1790943134.0,2026-10-02,Down,2.8001337433619042,0.35,1.0,0.65,0.015925,24.69,True,0.33407499999999996,filled,btc,37002779006
btc-updown-5m-1790943000,1790943000.0,1790943134.0,2026-10-02,Down,2.8001337433619042,0.4,1.0,0.65,0.015925,34.69,True,0.33407499999999996,filled,btc,37002779006
btc-updown-5m-1790943000,1790943000.0,1790943134.0,2026-10-02,Down,2.8001337433619042,0.5,1.0,0.6599999999999999,0.015708000000000003,69.85,True,0.3242920000000001,filled,btc,37002779006
btc-updown-5m-1790943300,1790943300.0,1790943420.0,2026-10-02,Down,3.440182767674045,0.3,0.0,0.06999999999999995,0.004556999999999998,348.77,True,-0.07455699999999994,filled,btc,37002779006
btc-updown-5m-1790943300,1790943300.0,1790943420.0,2026-10-02,Down,3.440182767674045,0.35,0.0,0.06999999999999995,0.004556999999999998,348.77,True,-0.07455699999999994,filled,btc,37002779006
btc-updown-5m-1790943300,1790943300.0,1790943420.0,2026-10-02,Down,3.440182767674045,0.4,0.0,0.06999999999999995,0.004556999999999998,337.66,True,-0.07455699999999994,filled,btc,37002779006
btc-updown-5m-1790943300,1790943300.0,1790943420.0,2026-10-02,Down,3.440182767674045,0.5,0.0,0.06999999999999995,0.004556999999999998,405.74,True,-0.07455699999999994,filled,btc,37002779006
btc-updown-5m-1790943600,1790943600.0,1790943754.0,2026-10-02,Up,3.769848779660037,0.3,1.0,0.96,0.002688000000000003,174.84,True,0.03731200000000003,filled,btc,37002779006
btc-updown-5m-1790943600,1790943600.0,1790943754.0,2026-10-02,Up,3.769848779660037,0.35,1.0,0.96,0.002688000000000003,119.68,True,0.03731200000000003,filled,btc,37002779006
btc-updown-5m-1790943600,1790943600.0,1790943754.0,2026-10-02,Up,3.769848779660037,0.4,1.0,0.96,0.002688000000000003,183.31,True,0.03731200000000003,filled,btc,37002779006
btc-updown-5m-1790943600,1790943600.0,1790943754.0,2026-10-02,Up,3.769848779660037,0.5,1.0,0.96,0.002688000000000003,189.38,True,0.03731200000000003,filled,btc,37002779006
btc-updown-5m-1790943900,1790943900.0,1790943984.0,2026-10-02,Down,2.8078284853562057,0.3,0.0,0.27,0.013797000000000002,40.0,True,-0.283797,filled,btc,37002779006
btc-updown-5m-1790943900,1790943900.0,1790943984.0,2026-10-02,Down,2.8078284853562057,0.35,0.0,0.27,0.013797000000000002,20.0,True,-0.283797,filled,btc,37002779006
btc-updown-5m-1790943900,1790943900.0,1790943984.0,2026-10-02,Down,2.8078284853562057,0.4,0.0,0.28,0.014112000000000001,129.81,True,-0.29411200000000004,filled,btc,37002779006
btc-updown-5m-1790943900,1790943900.0,1790943984.0,2026-10-02,Down,2.8078284853562057,0.5,0.0,0.28,0.014112000000000001,199.45,True,-0.29411200000000004,filled,btc,37002779006
btc-updown-5m-1790944200,1790944200.0,1790944263.0,2026-10-02,Up,3.3461323403651373,0.3,1.0,0.94,0.003948000000000004,295.12,True,0.056052000000000046,filled,btc,37002779006
btc-updown-5m-1790944200,1790944200.0,1790944263.0,2026-10-02,Up,3.3461323403651373,0.35,1.0,0.94,0.003948000000000004,405.12,True,0.056052000000000046,filled,btc,37002779006
btc-updown-5m-1790944200,1790944200.0,1790944263.0,2026-10-02,Up,3.3461323403651373,0.4,1.0,0.94,0.003948000000000004,335.12,True,0.056052000000000046,filled,btc,37002779006
btc-updown-5m-1790944200,1790944200.0,1790944263.0,2026-10-02,Up,3.3461323403651373,0.5,1.0,0.94,0.003948000000000004,526.12,True,0.056052000000000046,filled,btc,37002779006
btc-updown-5m-1790944800,1790944800.0,1790944882.0,2026-10-02,Up,2.656187394131841,0.3,0.0,0.36,0.016128,132.0,True,-0.37612799999999996,filled,btc,37002779006
btc-updown-5m-1790944800,1790944800.0,1790944882.0,2026-10-02,Up,2.656187394131841,0.35,0.0,0.36,0.016128,137.0,True,-0.37612799999999996,filled,btc,37002779006
btc-updown-5m-1790944800,1790944800.0,1790944882.0,2026-10-02,Up,2.656187394131841,0.4,0.0,0.36,0.016128,159.77,True,-0.37612799999999996,filled,btc,37002779006
btc-updown-5m-1790944800,1790944800.0,1790944882.0,2026-10-02,Up,2.656187394131841,0.5,0.0,0.36,0.016128,142.0,True,-0.37612799999999996,filled,btc,37002779006
btc-updown-5m-1790945100,1790945100.0,1790945225.0,2026-10-02,Down,2.5347346186065307,0.3,0.0,0.10999999999999999,0.006853,951.58,True,-0.11685299999999998,filled,btc,37002779006
btc-updown-5m-1790945100,1790945100.0,1790945225.0,2026-10-02,Down,2.5347346186065307,0.35,0.0,0.10999999999999999,0.006853,1074.58,True,-0.11685299999999998,filled,btc,37002779006
btc-updown-5m-1790945100,1790945100.0,1790945225.0,2026-10-02,Down,2.5347346186065307,0.4,0.0,0.10999999999999999,0.006853,1069.58,True,-0.11685299999999998,filled,btc,37002779006
btc-updown-5m-1790945100,1790945100.0,1790945225.0,2026-10-02,Down,2.5347346186065307,0.5,0.0,0.09999999999999998,0.006299999999999999,5.0,True,-0.10629999999999998,filled,btc,37002779006
btc-updown-5m-1790945400,1790945400.0,1790945555.0,2026-10-02,Up,2.6231001415998123,0.3,1.0,,,,False,,book_unavailable,btc,37002779006
btc-updown-5m-1790945400,1790945400.0,1790945555.0,2026-10-02,Up,2.6231001415998123,0.35,1.0,,,,False,,book_unavailable,btc,37002779006
btc-updown-5m-1790945400,1790945400.0,1790945555.0,2026-10-02,Up,2.6231001415998123,0.4,1.0,,,,False,,book_unavailable,btc,37002779006
btc-updown-5m-1790945400,1790945400.0,1790945555.0,2026-10-02,Up,2.6231001415998123,0.5,1.0,,,,False,,book_unavailable,btc,37002779006
btc-updown-5m-1790945700,1790945700.0,1790945834.0,2026-10-02,Down,2.704183882688771,0.3,0.0,0.18000000000000005,0.010332000000000004,95.0,True,-0.19033200000000006,filled,btc,37002779006
btc-updown-5m-1790945700,1790945700.0,1790945834.0,2026-10-02,Down,2.704183882688771,0.35,0.0,0.18000000000000005,0.010332000000000004,5.0,True,-0.19033200000000006,filled,btc,37002779006
btc-updown-5m-1790945700,1790945700.0,1790945834.0,2026-10-02,Down,2.704183882688771,0.4,0.0,0.18000000000000005,0.010332000000000004,10.0,True,-0.19033200000000006,filled,btc,37002779006
btc-updown-5m-1790945700,1790945700.0,1790945834.0,2026-10-02,Down,2.704183882688771,0.5,0.0,0.18000000000000005,0.010332000000000004,90.0,True,-0.19033200000000006,filled,btc,37002779006
btc-updown-5m-1790946000,1790946000.0,1790946074.0,2026-10-02,Up,3.2260191942959517,0.3,1.0,0.58,0.017052000000000005,119.81,True,0.40294800000000003,filled,btc,37002779006
btc-updown-5m-1790946000,1790946000.0,1790946074.0,2026-10-02,Up,3.2260191942959517,0.35,1.0,0.58,0.017052000000000005,204.81,True,0.40294800000000003,filled,btc,37002779006
btc-updown-5m-1790946000,1790946000.0,1790946074.0,2026-10-02,Up,3.2260191942959517,0.4,1.0,0.58,0.017052000000000005,159.81,True,0.40294800000000003,filled,btc,37002779006
btc-updown-5m-1790946000,1790946000.0,1790946074.0,2026-10-02,Up,3.2260191942959517,0.5,1.0,0.58,0.017052000000000005,198.08,True,0.40294800000000003,filled,btc,37002779006
btc-updown-5m-1790946300,1790946300.0,1790946369.0,2026-10-02,Down,2.644583071610597,0.3,1.0,0.88,0.007392000000000001,330.83,True,0.112608,filled,btc,37002779006
btc-updown-5m-1790946300,1790946300.0,1790946369.0,2026-10-02,Down,2.644583071610597,0.35,1.0,0.88,0.007392000000000001,330.83,True,0.112608,filled,btc,37002779006
btc-updown-5m-1790946300,1790946300.0,1790946369.0,2026-10-02,Down,2.644583071610597,0.4,1.0,0.88,0.007392000000000001,350.83,True,0.112608,filled,btc,37002779006
btc-updown-5m-1790946300,1790946300.0,1790946369.0,2026-10-02,Down,2.644583071610597,0.5,1.0,0.88,0.007392000000000001,355.83,True,0.112608,filled,btc,37002779006
btc-updown-5m-1790946600,1790946600.0,1790946674.0,2026-10-02,Down,3.9838094490086724,0.3,1.0,,,,False,,book_unavailable,btc,37002779006
btc-updown-5m-1790946600,1790946600.0,1790946674.0,2026-10-02,Down,3.9838094490086724,0.35,1.0,,,,False,,book_unavailable,btc,37002779006
btc-updown-5m-1790946600,1790946600.0,1790946674.0,2026-10-02,Down,3.9838094490086724,0.4,1.0,,,,False,,book_unavailable,btc,37002779006
btc-updown-5m-1790946600,1790946600.0,1790946674.0,2026-10-02,Down,3.9838094490086724,0.5,1.0,,,,False,,book_unavailable,btc,37002779006
btc-updown-5m-1790946900,1790946900.0,1790946962.0,2026-10-02,Up,3.3254363078799645,0.3,0.0,,,,False,,book_unavailable,btc,37002779006
btc-updown-5m-1790946900,1790946900.0,1790946962.0,2026-10-02,Up,3.3254363078799645,0.35,0.0,,,,False,,book_unavailable,btc,37002779006
btc-updown-5m-1790946900,1790946900.0,1790946962.0,2026-10-02,Up,3.3254363078799645,0.4,0.0,,,,False,,book_unavailable,btc,37002779006
btc-updown-5m-1790946900,1790946900.0,1790946962.0,2026-10-02,Up,3.3254363078799645,0.5,0.0,,,,False,,book_unavailable,btc,37002779006
btc-updown-5m-1790947200,1790947200.0,1790947279.0,2026-10-02,Down,2.7560313655203874,0.3,1.0,0.37,0.016317,154.29,True,0.613683,filled,btc,37002779006
btc-updown-5m-1790947200,1790947200.0,1790947279.0,2026-10-02,Down,2.7560313655203874,0.35,1.0,0.37,0.016317,154.29,True,0.613683,filled,btc,37002779006
btc-updown-5m-1790947200,1790947200.0,1790947279.0,2026-10-02,Down,2.7560313655203874,0.4,1.0,0.37,0.016317,159.29,True,0.613683,filled,btc,37002779006
btc-updown-5m-1790947200,1790947200.0,1790947279.0,2026-10-02,Down,2.7560313655203874,0.5,1.0,0.37,0.016317,149.29,True,0.613683,filled,btc,37002779006
btc-updown-5m-1790947500,1790947500.0,1790947560.0,2026-10-02,Down,2.6065564192221,0.3,1.0,0.54,0.017388,1380.29,True,0.44261199999999995,filled,btc,37002779006
btc-updown-5m-1790947500,1790947500.0,1790947560.0,2026-10-02,Down,2.6065564192221,0.35,1.0,0.54,0.017388,1410.29,True,0.44261199999999995,filled,btc,37002779006
btc-updown-5m-1790947500,1790947500.0,1790947560.0,2026-10-02,Down,2.6065564192221,0.4,1.0,0.54,0.017388,1410.29,True,0.44261199999999995,filled,btc,37002779006
btc-updown-5m-1790947500,1790947500.0,1790947560.0,2026-10-02,Down,2.6065564192221,0.5,1.0,0.54,0.017388,1460.29,True,0.44261199999999995,filled,btc,37002779006
btc-updown-5m-1790947800,1790947800.0,1790947860.0,2026-10-02,Up,4.911951860788065,0.3,1.0,,,,False,,book_unavailable,btc,37002779006
btc-updown-5m-1790947800,1790947800.0,1790947860.0,2026-10-02,Up,4.911951860788065,0.35,1.0,,,,False,,book_unavailable,btc,37002779006
btc-updown-5m-1790947800,1790947800.0,1790947860.0,2026-10-02,Up,4.911951860788065,0.4,1.0,,,,False,,book_unavailable,btc,37002779006
btc-updown-5m-1790947800,1790947800.0,1790947860.0,2026-10-02,Up,4.911951860788065,0.5,1.0,,,,False,,book_unavailable,btc,37002779006
btc-updown-5m-1790948100,1790948100.0,1790948168.0,2026-10-02,Up,2.6382060335129625,0.3,1.0,,,,False,,book_unavailable,btc,37002779006
btc-updown-5m-1790948100,1790948100.0,1790948168.0,2026-10-02,Up,2.6382060335129625,0.35,1.0,,,,False,,book_unavailable,btc,37002779006
btc-updown-5m-1790948100,1790948100.0,1790948168.0,2026-10-02,Up,2.6382060335129625,0.4,1.0,,,,False,,book_unavailable,btc,37002779006
btc-updown-5m-1790948100,1790948100.0,1790948168.0,2026-10-02,Up,2.6382060335129625,0.5,1.0,,,,False,,book_unavailable,btc,37002779006
btc-updown-5m-1790948400,1790948400.0,1790948522.0,2026-10-02,Down,3.3549110568993745,0.3,1.0,,,,False,,book_unavailable,btc,37002779006
btc-updown-5m-1790948400,1790948400.0,1790948522.0,2026-10-02,Down,3.3549110568993745,0.35,1.0,,,,False,,book_unavailable,btc,37002779006
btc-updown-5m-1790948400,1790948400.0,1790948522.0,2026-10-02,Down,3.3549110568993745,0.4,1.0,,,,False,,book_unavailable,btc,37002779006
btc-updown-5m-1790948400,1790948400.0,1790948522.0,2026-10-02,Down,3.3549110568993745,0.5,1.0,,,,False,,book_unavailable,btc,37002779006
btc-updown-5m-1790948700,1790948700.0,1790948776.0,2026-10-02,Down,2.7499790887822586,0.3,1.0,0.39,0.016653,427.0,True,0.593347,filled,btc,37002779006
btc-updown-5m-1790948700,1790948700.0,1790948776.0,2026-10-02,Down,2.7499790887822586,0.35,1.0,0.39,0.016653,529.0,True,0.593347,filled,btc,37002779006
btc-updown-5m-1790948700,1790948700.0,1790948776.0,2026-10-02,Down,2.7499790887822586,0.4,1.0,0.39,0.016653,523.0,True,0.593347,filled,btc,37002779006
btc-updown-5m-1790948700,1790948700.0,1790948776.0,2026-10-02,Down,2.7499790887822586,0.5,1.0,0.39,0.016653,1438.0,True,0.593347,filled,btc,37002779006
btc-updown-5m-1790949000,1790949000.0,1790949161.0,2026-10-02,Down,2.5516878335421604,0.3,1.0,0.98,0.0013720000000000015,1533.28,True,0.018628000000000016,filled,btc,37002779006
btc-updown-5m-1790949000,1790949000.0,1790949161.0,2026-10-02,Down,2.5516878335421604,0.35,1.0,0.98,0.0013720000000000015,1533.28,True,0.018628000000000016,filled,btc,37002779006
btc-updown-5m-1790949000,1790949000.0,1790949161.0,2026-10-02,Down,2.5516878335421604,0.4,1.0,0.98,0.0013720000000000015,1586.05,True,0.018628000000000016,filled,btc,37002779006
btc-updown-5m-1790949000,1790949000.0,1790949161.0,2026-10-02,Down,2.5516878335421604,0.5,1.0,0.98,0.0013720000000000015,1533.28,True,0.018628000000000016,filled,btc,37002779006
btc-updown-5m-1790949300,1790949300.0,1790949446.0,2026-10-02,Down,4.478527348337586,0.3,1.0,0.98,0.0013720000000000015,984.53,True,0.018628000000000016,filled,btc,37002779006
btc-updown-5m-1790949300,1790949300.0,1790949446.0,2026-10-02,Down,4.478527348337586,0.35,1.0,0.98,0.0013720000000000015,1031.12,True,0.018628000000000016,filled,btc,37002779006
btc-updown-5m-1790949300,1790949300.0,1790949446.0,2026-10-02,Down,4.478527348337586,0.4,1.0,0.98,0.0013720000000000015,1111.12,True,0.018628000000000016,filled,btc,37002779006
btc-updown-5m-1790949300,1790949300.0,1790949446.0,2026-10-02,Down,4.478527348337586,0.5,1.0,0.98,0.0013720000000000015,1184.81,True,0.018628000000000016,filled,btc,37002779006
btc-updown-5m-1790949900,1790949900.0,1790949989.0,2026-10-02,Down,2.8093314025014546,0.3,1.0,0.75,0.013125000000000001,25.0,True,0.236875,filled,btc,37002779006
btc-updown-5m-1790949900,1790949900.0,1790949989.0,2026-10-02,Down,2.8093314025014546,0.35,1.0,0.75,0.013125000000000001,25.0,True,0.236875,filled,btc,37002779006
btc-updown-5m-1790949900,1790949900.0,1790949989.0,2026-10-02,Down,2.8093314025014546,0.4,1.0,0.75,0.013125000000000001,25.0,True,0.236875,filled,btc,37002779006
btc-updown-5m-1790949900,1790949900.0,1790949989.0,2026-10-02,Down,2.8093314025014546,0.5,1.0,0.76,0.012768,136.0,True,0.227232,filled,btc,37002779006
btc-updown-5m-1790950200,1790950200.0,1790950260.0,2026-10-02,Down,2.8164510338278834,0.3,1.0,0.8200000000000001,0.010331999999999997,1763.62,True,0.16966799999999993,filled,btc,37002779006
btc-updown-5m-1790950200,1790950200.0,1790950260.0,2026-10-02,Down,2.8164510338278834,0.35,1.0,0.81,0.010772999999999998,35.0,True,0.17922699999999994,filled,btc,37002779006
btc-updown-5m-1790950200,1790950200.0,1790950260.0,2026-10-02,Down,2.8164510338278834,0.4,1.0,0.81,0.010772999999999998,1296.0,True,0.17922699999999994,filled,btc,37002779006
btc-updown-5m-1790950200,1790950200.0,1790950260.0,2026-10-02,Down,2.8164510338278834,0.5,1.0,0.81,0.010772999999999998,975.76,True,0.17922699999999994,filled,btc,37002779006
btc-updown-5m-1790950500,1790950500.0,1790950724.0,2026-10-02,Down,2.739972811763049,0.3,0.0,0.010000000000000009,,83.73,False,,outside_frozen_price_band,btc,37002779006
btc-updown-5m-1790950500,1790950500.0,1790950724.0,2026-10-02,Down,2.739972811763049,0.35,0.0,0.010000000000000009,,78.63,False,,outside_frozen_price_band,btc,37002779006
btc-updown-5m-1790950500,1790950500.0,1790950724.0,2026-10-02,Down,2.739972811763049,0.4,0.0,0.010000000000000009,,78.63,False,,outside_frozen_price_band,btc,37002779006
btc-updown-5m-1790950500,1790950500.0,1790950724.0,2026-10-02,Down,2.739972811763049,0.5,0.0,0.010000000000000009,,78.63,False,,outside_frozen_price_band,btc,37002779006
btc-updown-5m-1790950800,1790950800.0,1790950964.0,2026-10-02,Down,2.879022523813403,0.3,0.0,0.28,0.014112000000000001,809.93,True,-0.29411200000000004,filled,btc,37002779006
btc-updown-5m-1790950800,1790950800.0,1790950964.0,2026-10-02,Down,2.879022523813403,0.35,0.0,0.28,0.014112000000000001,899.93,True,-0.29411200000000004,filled,btc,37002779006
btc-updown-5m-1790950800,1790950800.0,1790950964.0,2026-10-02,Down,2.879022523813403,0.4,0.0,0.28,0.014112000000000001,929.48,True,-0.29411200000000004,filled,btc,37002779006
btc-updown-5m-1790950800,1790950800.0,1790950964.0,2026-10-02,Down,2.879022523813403,0.5,0.0,0.27,0.013797000000000002,402.94,True,-0.283797,filled,btc,37002779006
btc-updown-5m-1790951100,1790951100.0,1790951162.0,2026-10-02,Down,3.5656681052496433,0.3,1.0,0.95,0.0033250000000000033,140.77,True,0.04667500000000004,filled,btc,37002779006
btc-updown-5m-1790951100,1790951100.0,1790951162.0,2026-10-02,Down,3.5656681052496433,0.35,1.0,0.95,0.0033250000000000033,120.39,True,0.04667500000000004,filled,btc,37002779006
btc-updown-5m-1790951100,1790951100.0,1790951162.0,2026-10-02,Down,3.5656681052496433,0.4,1.0,0.95,0.0033250000000000033,110.17,True,0.04667500000000004,filled,btc,37002779006
btc-updown-5m-1790951100,1790951100.0,1790951162.0,2026-10-02,Down,3.5656681052496433,0.5,1.0,0.95,0.0033250000000000033,34.03,True,0.04667500000000004,filled,btc,37002779006
btc-updown-5m-1790951400,1790951400.0,1790951471.0,2026-10-02,Up,2.7526615039945326,0.3,0.0,0.4,0.016800000000000002,49.0,True,-0.4168,filled,btc,37002779006
btc-updown-5m-1790951400,1790951400.0,1790951471.0,2026-10-02,Up,2.7526615039945326,0.35,0.0,0.4,0.016800000000000002,34.0,True,-0.4168,filled,btc,37002779006
btc-updown-5m-1790951400,1790951400.0,1790951471.0,2026-10-02,Up,2.7526615039945326,0.4,0.0,0.4,0.016800000000000002,5.0,True,-0.4168,filled,btc,37002779006
btc-updown-5m-1790951400,1790951400.0,1790951471.0,2026-10-02,Up,2.7526615039945326,0.5,0.0,0.41,0.016933000000000004,2.8,False,,depth,btc,37002779006
btc-updown-5m-1790951700,1790951700.0,1790951809.0,2026-10-02,Up,2.5422659277062585,0.3,1.0,0.83,0.009877000000000004,28.84,True,0.16012300000000004,filled,btc,37002779006
btc-updown-5m-1790951700,1790951700.0,1790951809.0,2026-10-02,Up,2.5422659277062585,0.35,1.0,0.83,0.009877000000000004,174.84,True,0.16012300000000004,filled,btc,37002779006
btc-updown-5m-1790951700,1790951700.0,1790951809.0,2026-10-02,Up,2.5422659277062585,0.4,1.0,0.83,0.009877000000000004,371.0,True,0.16012300000000004,filled,btc,37002779006
btc-updown-5m-1790951700,1790951700.0,1790951809.0,2026-10-02,Up,2.5422659277062585,0.5,1.0,0.83,0.009877000000000004,80.0,True,0.16012300000000004,filled,btc,37002779006
btc-updown-5m-1790952000,1790952000.0,1790952259.0,2026-10-02,Down,2.7131634883476625,0.3,1.0,0.9,0.0063,83.08,True,0.09369999999999998,filled,btc,37002779006
btc-updown-5m-1790952000,1790952000.0,1790952259.0,2026-10-02,Down,2.7131634883476625,0.35,1.0,0.9,0.0063,98.08,True,0.09369999999999998,filled,btc,37002779006
btc-updown-5m-1790952000,1790952000.0,1790952259.0,2026-10-02,Down,2.7131634883476625,0.4,1.0,0.9,0.0063,135.34,True,0.09369999999999998,filled,btc,37002779006
btc-updown-5m-1790952000,1790952000.0,1790952259.0,2026-10-02,Down,2.7131634883476625,0.5,1.0,0.91,0.0057329999999999985,33.0,True,0.08426699999999997,filled,btc,37002779006
btc-updown-5m-1790952600,1790952600.0,1790952709.0,2026-10-02,Down,2.670299221908919,0.3,1.0,0.96,0.002688000000000003,1905.85,True,0.03731200000000003,filled,btc,37002779006
btc-updown-5m-1790952600,1790952600.0,1790952709.0,2026-10-02,Down,2.670299221908919,0.35,1.0,0.96,0.002688000000000003,2045.18,True,0.03731200000000003,filled,btc,37002779006
btc-updown-5m-1790952600,1790952600.0,1790952709.0,2026-10-02,Down,2.670299221908919,0.4,1.0,0.96,0.002688000000000003,1625.18,True,0.03731200000000003,filled,btc,37002779006
btc-updown-5m-1790952600,1790952600.0,1790952709.0,2026-10-02,Down,2.670299221908919,0.5,1.0,0.96,0.002688000000000003,1545.18,True,0.03731200000000003,filled,btc,37002779006
btc-updown-5m-1790952900,1790952900.0,1790952968.0,2026-10-02,Down,2.8005745730512905,0.3,0.0,0.6799999999999999,0.015232000000000004,254.74,True,-0.695232,filled,btc,37002779006
btc-updown-5m-1790952900,1790952900.0,1790952968.0,2026-10-02,Down,2.8005745730512905,0.35,0.0,0.6799999999999999,0.015232000000000004,254.74,True,-0.695232,filled,btc,37002779006
btc-updown-5m-1790952900,1790952900.0,1790952968.0,2026-10-02,Down,2.8005745730512905,0.4,0.0,0.6799999999999999,0.015232000000000004,284.74,True,-0.695232,filled,btc,37002779006
btc-updown-5m-1790952900,1790952900.0,1790952968.0,2026-10-02,Down,2.8005745730512905,0.5,0.0,0.6799999999999999,0.015232000000000004,294.74,True,-0.695232,filled,btc,37002779006
btc-updown-5m-1790953200,1790953200.0,1790953349.0,2026-10-02,Down,2.620842500687947,0.3,1.0,0.77,0.012397,140.19,True,0.217603,filled,btc,37002779006
btc-updown-5m-1790953200,1790953200.0,1790953349.0,2026-10-02,Down,2.620842500687947,0.35,1.0,0.77,0.012397,140.19,True,0.217603,filled,btc,37002779006
btc-updown-5m-1790953200,1790953200.0,1790953349.0,2026-10-02,Down,2.620842500687947,0.4,1.0,0.77,0.012397,140.19,True,0.217603,filled,btc,37002779006
btc-updown-5m-1790953200,1790953200.0,1790953349.0,2026-10-02,Down,2.620842500687947,0.5,1.0,0.77,0.012397,125.19,True,0.217603,filled,btc,37002779006
btc-updown-5m-1790953500,1790953500.0,1790953608.0,2026-10-02,Down,2.5142016305954775,0.3,1.0,0.9,0.0063,427.9,True,0.09369999999999998,filled,btc,37002779006
btc-updown-5m-1790953500,1790953500.0,1790953608.0,2026-10-02,Down,2.5142016305954775,0.35,1.0,0.9,0.0063,387.9,True,0.09369999999999998,filled,btc,37002779006
btc-updown-5m-1790953500,1790953500.0,1790953608.0,2026-10-02,Down,2.5142016305954775,0.4,1.0,0.9,0.0063,407.9,True,0.09369999999999998,filled,btc,37002779006
btc-updown-5m-1790953500,1790953500.0,1790953608.0,2026-10-02,Down,2.5142016305954775,0.5,1.0,0.9,0.0063,376.78,True,0.09369999999999998,filled,btc,37002779006
btc-updown-5m-1790954100,1790954100.0,1790954256.0,2026-10-02,Up,2.9391527902210273,0.3,0.0,0.14,0.008428000000000001,987.94,True,-0.148428,filled,btc,37002779006
btc-updown-5m-1790954100,1790954100.0,1790954256.0,2026-10-02,Up,2.9391527902210273,0.35,0.0,0.14,0.008428000000000001,1387.94,True,-0.148428,filled,btc,37002779006
btc-updown-5m-1790954100,1790954100.0,1790954256.0,2026-10-02,Up,2.9391527902210273,0.4,0.0,0.13,0.007917,383.0,True,-0.137917,filled,btc,37002779006
btc-updown-5m-1790954100,1790954100.0,1790954256.0,2026-10-02,Up,2.9391527902210273,0.5,0.0,0.13,0.007917,744.74,True,-0.137917,filled,btc,37002779006
btc-updown-5m-1790954400,1790954400.0,1790954469.0,2026-10-02,Up,3.173297919835527,0.3,0.0,0.4,0.016800000000000002,81.0,True,-0.4168,filled,btc,37002779006
btc-updown-5m-1790954400,1790954400.0,1790954469.0,2026-10-02,Up,3.173297919835527,0.35,0.0,0.4,0.016800000000000002,111.0,True,-0.4168,filled,btc,37002779006
btc-updown-5m-1790954400,1790954400.0,1790954469.0,2026-10-02,Up,3.173297919835527,0.4,0.0,0.4,0.016800000000000002,131.0,True,-0.4168,filled,btc,37002779006
btc-updown-5m-1790954400,1790954400.0,1790954469.0,2026-10-02,Up,3.173297919835527,0.5,0.0,0.4,0.016800000000000002,192.0,True,-0.4168,filled,btc,37002779006
btc-updown-5m-1790954700,1790954700.0,1790954777.0,2026-10-02,Up,2.83806648134722,0.3,1.0,0.39,0.016653,662.66,True,0.593347,filled,btc,37002779006
btc-updown-5m-1790954700,1790954700.0,1790954777.0,2026-10-02,Up,2.83806648134722,0.35,1.0,0.39,0.016653,745.54,True,0.593347,filled,btc,37002779006
btc-updown-5m-1790954700,1790954700.0,1790954777.0,2026-10-02,Up,2.83806648134722,0.4,1.0,0.39,0.016653,675.54,True,0.593347,filled,btc,37002779006
btc-updown-5m-1790954700,1790954700.0,1790954777.0,2026-10-02,Up,2.83806648134722,0.5,1.0,0.39,0.016653,709.95,True,0.593347,filled,btc,37002779006
btc-updown-5m-1790955000,1790955000.0,1790955064.0,2026-10-02,Up,3.511216497014645,0.3,0.0,0.65,0.015925,697.24,True,-0.665925,filled,btc,37002779006
btc-updown-5m-1790955000,1790955000.0,1790955064.0,2026-10-02,Up,3.511216497014645,0.35,0.0,0.64,0.016128000000000003,168.0,True,-0.656128,filled,btc,37002779006
btc-updown-5m-1790955000,1790955000.0,1790955064.0,2026-10-02,Up,3.511216497014645,0.4,0.0,0.64,0.016128000000000003,483.0,True,-0.656128,filled,btc,37002779006
btc-updown-5m-1790955000,1790955000.0,1790955064.0,2026-10-02,Up,3.511216497014645,0.5,0.0,0.64,0.016128000000000003,543.0,True,-0.656128,filled,btc,37002779006
btc-updown-5m-1790955300,1790955300.0,1790955427.0,2026-10-02,Up,2.711573335821608,0.3,0.0,0.68,0.015232,49.07,True,-0.6952320000000001,filled,btc,37002779006
btc-updown-5m-1790955300,1790955300.0,1790955427.0,2026-10-02,Up,2.711573335821608,0.35,0.0,0.68,0.015232,49.07,True,-0.6952320000000001,filled,btc,37002779006
btc-updown-5m-1790955300,1790955300.0,1790955427.0,2026-10-02,Up,2.711573335821608,0.4,0.0,0.68,0.015232,49.07,True,-0.6952320000000001,filled,btc,37002779006
btc-updown-5m-1790955300,1790955300.0,1790955427.0,2026-10-02,Up,2.711573335821608,0.5,0.0,0.63,0.016317,14.07,True,-0.646317,filled,btc,37002779006
btc-updown-5m-1790955600,1790955600.0,1790955717.0,2026-10-02,Up,2.865119992165986,0.3,0.0,0.26,0.013468,133.0,True,-0.273468,filled,btc,37002779006
btc-updown-5m-1790955600,1790955600.0,1790955717.0,2026-10-02,Up,2.865119992165986,0.35,0.0,0.26,0.013468,168.0,True,-0.273468,filled,btc,37002779006
btc-updown-5m-1790955600,1790955600.0,1790955717.0,2026-10-02,Up,2.865119992165986,0.4,0.0,0.26,0.013468,192.0,True,-0.273468,filled,btc,37002779006
btc-updown-5m-1790955600,1790955600.0,1790955717.0,2026-10-02,Up,2.865119992165986,0.5,0.0,0.26,0.013468,130.0,True,-0.273468,filled,btc,37002779006
btc-updown-5m-1790955900,1790955900.0,1790955988.0,2026-10-02,Up,2.777250274783862,0.3,1.0,0.53,0.017437,20.0,True,0.452563,filled,btc,37002779006
btc-updown-5m-1790955900,1790955900.0,1790955988.0,2026-10-02,Up,2.777250274783862,0.35,1.0,0.53,0.017437,10.0,True,0.452563,filled,btc,37002779006
btc-updown-5m-1790955900,1790955900.0,1790955988.0,2026-10-02,Up,2.777250274783862,0.4,1.0,0.53,0.017437,10.0,True,0.452563,filled,btc,37002779006
btc-updown-5m-1790955900,1790955900.0,1790955988.0,2026-10-02,Up,2.777250274783862,0.5,1.0,0.53,0.017437,10.0,True,0.452563,filled,btc,37002779006
btc-updown-5m-1790956200,1790956200.0,1790956265.0,2026-10-02,Up,4.765952645026885,0.3,0.0,0.7,0.014700000000000003,198.0,True,-0.7147,filled,btc,37002779006
btc-updown-5m-1790956200,1790956200.0,1790956265.0,2026-10-02,Up,4.765952645026885,0.35,0.0,0.67,0.015477,10.0,True,-0.685477,filled,btc,37002779006
btc-updown-5m-1790956200,1790956200.0,1790956265.0,2026-10-02,Up,4.765952645026885,0.4,0.0,0.68,0.015232,638.0,True,-0.6952320000000001,filled,btc,37002779006
btc-updown-5m-1790956200,1790956200.0,1790956265.0,2026-10-02,Up,4.765952645026885,0.5,0.0,0.68,0.015232,369.0,True,-0.6952320000000001,filled,btc,37002779006
btc-updown-5m-1790956500,1790956500.0,1790956566.0,2026-10-02,Up,3.5555121055194387,0.3,0.0,0.41,0.016933000000000004,14.0,True,-0.426933,filled,btc,37002779006
btc-updown-5m-1790956500,1790956500.0,1790956566.0,2026-10-02,Up,3.5555121055194387,0.35,0.0,0.41,0.016933000000000004,14.0,True,-0.426933,filled,btc,37002779006
btc-updown-5m-1790956500,1790956500.0,1790956566.0,2026-10-02,Up,3.5555121055194387,0.4,0.0,0.41,0.016933000000000004,4.0,False,,depth,btc,37002779006
btc-updown-5m-1790956500,1790956500.0,1790956566.0,2026-10-02,Up,3.5555121055194387,0.5,0.0,0.41,0.016933000000000004,5.0,True,-0.426933,filled,btc,37002779006
btc-updown-5m-1790956800,1790956800.0,1790956862.0,2026-10-02,Up,3.1842124578070377,0.3,1.0,0.79,0.011613,967.94,True,0.19838699999999995,filled,btc,37002779006
btc-updown-5m-1790956800,1790956800.0,1790956862.0,2026-10-02,Up,3.1842124578070377,0.35,1.0,0.79,0.011613,1045.94,True,0.19838699999999995,filled,btc,37002779006
btc-updown-5m-1790956800,1790956800.0,1790956862.0,2026-10-02,Up,3.1842124578070377,0.4,1.0,0.78,0.012012,54.0,True,0.20798799999999998,filled,btc,37002779006
btc-updown-5m-1790956800,1790956800.0,1790956862.0,2026-10-02,Up,3.1842124578070377,0.5,1.0,0.77,0.012397,217.0,True,0.217603,filled,btc,37002779006
btc-updown-5m-1790957100,1790957100.0,1790957204.0,2026-10-02,Down,4.896975604426927,0.3,1.0,0.85,0.008925000000000002,761.96,True,0.141075,filled,btc,37002779006
btc-updown-5m-1790957100,1790957100.0,1790957204.0,2026-10-02,Down,4.896975604426927,0.35,1.0,0.85,0.008925000000000002,826.17,True,0.141075,filled,btc,37002779006
btc-updown-5m-1790957100,1790957100.0,1790957204.0,2026-10-02,Down,4.896975604426927,0.4,1.0,0.83,0.009877000000000004,30.0,True,0.16012300000000004,filled,btc,37002779006
btc-updown-5m-1790957100,1790957100.0,1790957204.0,2026-10-02,Down,4.896975604426927,0.5,1.0,0.83,0.009877000000000004,383.99,True,0.16012300000000004,filled,btc,37002779006
btc-updown-5m-1790957400,1790957400.0,1790957496.0,2026-10-02,Up,2.5006832680004694,0.3,0.0,0.19,0.010773000000000001,70.0,True,-0.200773,filled,btc,37002779006
btc-updown-5m-1790957400,1790957400.0,1790957496.0,2026-10-02,Up,2.5006832680004694,0.35,0.0,0.19,0.010773000000000001,91.98,True,-0.200773,filled,btc,37002779006
btc-updown-5m-1790957400,1790957400.0,1790957496.0,2026-10-02,Up,2.5006832680004694,0.4,0.0,0.19,0.010773000000000001,90.13,True,-0.200773,filled,btc,37002779006
btc-updown-5m-1790957400,1790957400.0,1790957496.0,2026-10-02,Up,2.5006832680004694,0.5,0.0,0.19,0.010773000000000001,122.0,True,-0.200773,filled,btc,37002779006
btc-updown-5m-1790962800,1790962800.0,1790962963.0,2026-10-02,Up,2.563216673122899,0.3,0.0,0.39,0.016653,715.86,True,-0.40665300000000004,filled,btc,37041041140
btc-updown-5m-1790962800,1790962800.0,1790962963.0,2026-10-02,Up,2.563216673122899,0.35,0.0,0.39,0.016653,700.86,True,-0.40665300000000004,filled,btc,37041041140
btc-updown-5m-1790962800,1790962800.0,1790962963.0,2026-10-02,Up,2.563216673122899,0.4,0.0,0.39,0.016653,692.8,True,-0.40665300000000004,filled,btc,37041041140
btc-updown-5m-1790962800,1790962800.0,1790962963.0,2026-10-02,Up,2.563216673122899,0.5,0.0,0.39,0.016653,402.48,True,-0.40665300000000004,filled,btc,37041041140
btc-updown-5m-1790963100,1790963100.0,1790963220.0,2026-10-02,Up,2.5570030488587507,0.3,1.0,0.66,0.015708,28.0,True,0.32429199999999997,filled,btc,37041041140
btc-updown-5m-1790963100,1790963100.0,1790963220.0,2026-10-02,Up,2.5570030488587507,0.35,1.0,0.66,0.015708,10.0,True,0.32429199999999997,filled,btc,37041041140
btc-updown-5m-1790963100,1790963100.0,1790963220.0,2026-10-02,Up,2.5570030488587507,0.4,1.0,0.66,0.015708,10.0,True,0.32429199999999997,filled,btc,37041041140
btc-updown-5m-1790963100,1790963100.0,1790963220.0,2026-10-02,Up,2.5570030488587507,0.5,1.0,0.7,0.014700000000000003,81.0,True,0.28530000000000005,filled,btc,37041041140
btc-updown-5m-1790963400,1790963400.0,1790963509.0,2026-10-02,Up,2.643786774444458,0.3,1.0,0.73,0.013797000000000002,628.0,True,0.256203,filled,btc,37041041140
btc-updown-5m-1790963400,1790963400.0,1790963509.0,2026-10-02,Up,2.643786774444458,0.35,1.0,0.73,0.013797000000000002,774.84,True,0.256203,filled,btc,37041041140
btc-updown-5m-1790963400,1790963400.0,1790963509.0,2026-10-02,Up,2.643786774444458,0.4,1.0,0.73,0.013797000000000002,325.41,True,0.256203,filled,btc,37041041140
btc-updown-5m-1790963400,1790963400.0,1790963509.0,2026-10-02,Up,2.643786774444458,0.5,1.0,0.76,0.012768,3.68,False,,depth,btc,37041041140
btc-updown-5m-1790963700,1790963700.0,1790963952.0,2026-10-02,Up,2.8093269710720565,0.3,1.0,,,,False,,book_unavailable,btc,37041041140
btc-updown-5m-1790963700,1790963700.0,1790963952.0,2026-10-02,Up,2.8093269710720565,0.35,1.0,,,,False,,book_unavailable,btc,37041041140
btc-updown-5m-1790963700,1790963700.0,1790963952.0,2026-10-02,Up,2.8093269710720565,0.4,1.0,,,,False,,book_unavailable,btc,37041041140
btc-updown-5m-1790963700,1790963700.0,1790963952.0,2026-10-02,Up,2.8093269710720565,0.5,1.0,,,,False,,book_unavailable,btc,37041041140
btc-updown-5m-1790964000,1790964000.0,1790964078.0,2026-10-02,Down,2.7388300567355883,0.3,0.0,0.44999999999999996,0.017325,71.15,True,-0.46732499999999993,filled,btc,37041041140
btc-updown-5m-1790964000,1790964000.0,1790964078.0,2026-10-02,Down,2.7388300567355883,0.35,0.0,0.44999999999999996,0.017325,30.25,True,-0.46732499999999993,filled,btc,37041041140
btc-updown-5m-1790964000,1790964000.0,1790964078.0,2026-10-02,Down,2.7388300567355883,0.4,0.0,0.44999999999999996,0.017325,65.4,True,-0.46732499999999993,filled,btc,37041041140
btc-updown-5m-1790964000,1790964000.0,1790964078.0,2026-10-02,Down,2.7388300567355883,0.5,0.0,0.44999999999999996,0.017325,164.38,True,-0.46732499999999993,filled,btc,37041041140
btc-updown-5m-1790964300,1790964300.0,1790964415.0,2026-10-02,Up,3.647966487986443,0.3,0.0,0.48,0.017472,58.24,True,-0.49747199999999997,filled,btc,37041041140
btc-updown-5m-1790964300,1790964300.0,1790964415.0,2026-10-02,Up,3.647966487986443,0.35,0.0,0.55,0.017325,198.0,True,-0.5673250000000001,filled,btc,37041041140
btc-updown-5m-1790964300,1790964300.0,1790964415.0,2026-10-02,Up,3.647966487986443,0.4,0.0,0.59,0.016933000000000004,20.0,True,-0.606933,filled,btc,37041041140
btc-updown-5m-1790964300,1790964300.0,1790964415.0,2026-10-02,Up,3.647966487986443,0.5,0.0,0.54,0.017388,9.98,True,-0.557388,filled,btc,37041041140
btc-updown-5m-1790964600,1790964600.0,1790964819.0,2026-10-02,Up,3.4476030775466824,0.3,1.0,0.89,0.006853,76.43,True,0.10314699999999999,filled,btc,37041041140
btc-updown-5m-1790964600,1790964600.0,1790964819.0,2026-10-02,Up,3.4476030775466824,0.35,1.0,0.89,0.006853,150.43,True,0.10314699999999999,filled,btc,37041041140
btc-updown-5m-1790964600,1790964600.0,1790964819.0,2026-10-02,Up,3.4476030775466824,0.4,1.0,0.89,0.006853,155.43,True,0.10314699999999999,filled,btc,37041041140
btc-updown-5m-1790964600,1790964600.0,1790964819.0,2026-10-02,Up,3.4476030775466824,0.5,1.0,0.89,0.006853,169.3,True,0.10314699999999999,filled,btc,37041041140
btc-updown-5m-1790964900,1790964900.0,1790964963.0,2026-10-02,Down,2.871133249640588,0.3,1.0,0.8,0.0112,53.0,True,0.18879999999999997,filled,btc,37041041140
btc-updown-5m-1790964900,1790964900.0,1790964963.0,2026-10-02,Down,2.871133249640588,0.35,1.0,0.8,0.0112,53.0,True,0.18879999999999997,filled,btc,37041041140
btc-updown-5m-1790964900,1790964900.0,1790964963.0,2026-10-02,Down,2.871133249640588,0.4,1.0,0.8,0.0112,43.0,True,0.18879999999999997,filled,btc,37041041140
btc-updown-5m-1790964900,1790964900.0,1790964963.0,2026-10-02,Down,2.871133249640588,0.5,1.0,0.8,0.0112,598.27,True,0.18879999999999997,filled,btc,37041041140
btc-updown-5m-1790965200,1790965200.0,1790965348.0,2026-10-02,Down,2.614933191055164,0.3,1.0,0.86,0.008428000000000001,256.43,True,0.13157200000000002,filled,btc,37041041140
btc-updown-5m-1790965200,1790965200.0,1790965348.0,2026-10-02,Down,2.614933191055164,0.35,1.0,0.86,0.008428000000000001,844.45,True,0.13157200000000002,filled,btc,37041041140
btc-updown-5m-1790965200,1790965200.0,1790965348.0,2026-10-02,Down,2.614933191055164,0.4,1.0,0.86,0.008428000000000001,935.62,True,0.13157200000000002,filled,btc,37041041140
btc-updown-5m-1790965200,1790965200.0,1790965348.0,2026-10-02,Down,2.614933191055164,0.5,1.0,0.86,0.008428000000000001,960.79,True,0.13157200000000002,filled,btc,37041041140
btc-updown-5m-1790965800,1790965800.0,1790965932.0,2026-10-02,Down,2.5391300657913045,0.3,1.0,0.92,0.005151999999999999,93.96,True,0.07484799999999996,filled,btc,37041041140
btc-updown-5m-1790965800,1790965800.0,1790965932.0,2026-10-02,Down,2.5391300657913045,0.35,1.0,0.92,0.005151999999999999,93.96,True,0.07484799999999996,filled,btc,37041041140
btc-updown-5m-1790965800,1790965800.0,1790965932.0,2026-10-02,Down,2.5391300657913045,0.4,1.0,0.92,0.005151999999999999,88.52,True,0.07484799999999996,filled,btc,37041041140
btc-updown-5m-1790965800,1790965800.0,1790965932.0,2026-10-02,Down,2.5391300657913045,0.5,1.0,0.92,0.005151999999999999,88.52,True,0.07484799999999996,filled,btc,37041041140
btc-updown-5m-1790966100,1790966100.0,1790966163.0,2026-10-02,Down,2.5448534698898513,0.3,1.0,0.86,0.008428000000000001,1550.85,True,0.13157200000000002,filled,btc,37041041140
btc-updown-5m-1790966100,1790966100.0,1790966163.0,2026-10-02,Down,2.5448534698898513,0.35,1.0,0.86,0.008428000000000001,1540.85,True,0.13157200000000002,filled,btc,37041041140
btc-updown-5m-1790966100,1790966100.0,1790966163.0,2026-10-02,Down,2.5448534698898513,0.4,1.0,0.86,0.008428000000000001,1211.83,True,0.13157200000000002,filled,btc,37041041140
btc-updown-5m-1790966100,1790966100.0,1790966163.0,2026-10-02,Down,2.5448534698898513,0.5,1.0,0.86,0.008428000000000001,1223.02,True,0.13157200000000002,filled,btc,37041041140
btc-updown-5m-1790966400,1790966400.0,1790966525.0,2026-10-02,Down,3.1342278346569734,0.3,1.0,0.97,0.002037000000000002,2893.48,True,0.027963000000000026,filled,btc,37041041140
btc-updown-5m-1790966400,1790966400.0,1790966525.0,2026-10-02,Down,3.1342278346569734,0.35,1.0,0.97,0.002037000000000002,2918.47,True,0.027963000000000026,filled,btc,37041041140
btc-updown-5m-1790966400,1790966400.0,1790966525.0,2026-10-02,Down,3.1342278346569734,0.4,1.0,0.97,0.002037000000000002,2918.47,True,0.027963000000000026,filled,btc,37041041140
btc-updown-5m-1790966400,1790966400.0,1790966525.0,2026-10-02,Down,3.1342278346569734,0.5,1.0,0.97,0.002037000000000002,2924.02,True,0.027963000000000026,filled,btc,37041041140
btc-updown-5m-1790966700,1790966700.0,1790966842.0,2026-10-02,Down,2.87159222022069,0.3,0.0,0.51,0.017493,9.7,True,-0.527493,filled,btc,37041041140
btc-updown-5m-1790966700,1790966700.0,1790966842.0,2026-10-02,Down,2.87159222022069,0.35,0.0,0.55,0.017325,74.7,True,-0.5673250000000001,filled,btc,37041041140
btc-updown-5m-1790966700,1790966700.0,1790966842.0,2026-10-02,Down,2.87159222022069,0.4,0.0,0.55,0.017325,88.42,True,-0.5673250000000001,filled,btc,37041041140
btc-updown-5m-1790966700,1790966700.0,1790966842.0,2026-10-02,Down,2.87159222022069,0.5,0.0,0.54,0.017388,11.09,True,-0.557388,filled,btc,37041041140
btc-updown-5m-1790967000,1790967000.0,1790967069.0,2026-10-02,Up,2.8884827753150852,0.3,1.0,0.75,0.013125000000000001,350.33,True,0.236875,filled,btc,37041041140
btc-updown-5m-1790967000,1790967000.0,1790967069.0,2026-10-02,Up,2.8884827753150852,0.35,1.0,0.75,0.013125000000000001,384.33,True,0.236875,filled,btc,37041041140
btc-updown-5m-1790967000,1790967000.0,1790967069.0,2026-10-02,Up,2.8884827753150852,0.4,1.0,0.75,0.013125000000000001,347.93,True,0.236875,filled,btc,37041041140
btc-updown-5m-1790967000,1790967000.0,1790967069.0,2026-10-02,Up,2.8884827753150852,0.5,1.0,0.75,0.013125000000000001,527.52,True,0.236875,filled,btc,37041041140
btc-updown-5m-1790967300,1790967300.0,1790967431.0,2026-10-02,Up,3.114800662370762,0.3,1.0,0.67,0.015477,414.52,True,0.31452299999999994,filled,btc,37041041140
btc-updown-5m-1790967300,1790967300.0,1790967431.0,2026-10-02,Up,3.114800662370762,0.35,1.0,0.67,0.015477,547.13,True,0.31452299999999994,filled,btc,37041041140
btc-updown-5m-1790967300,1790967300.0,1790967431.0,2026-10-02,Up,3.114800662370762,0.4,1.0,0.67,0.015477,1411.61,True,0.31452299999999994,filled,btc,37041041140
btc-updown-5m-1790967300,1790967300.0,1790967431.0,2026-10-02,Up,3.114800662370762,0.5,1.0,0.67,0.015477,1562.61,True,0.31452299999999994,filled,btc,37041041140
btc-updown-5m-1790967600,1790967600.0,1790967724.0,2026-10-02,Down,2.6171179004059293,0.3,1.0,0.47,0.017437,265.15,True,0.512563,filled,btc,37041041140
btc-updown-5m-1790967600,1790967600.0,1790967724.0,2026-10-02,Down,2.6171179004059293,0.35,1.0,0.47,0.017437,69.89,True,0.512563,filled,btc,37041041140
btc-updown-5m-1790967600,1790967600.0,1790967724.0,2026-10-02,Down,2.6171179004059293,0.4,1.0,0.47,0.017437,94.89,True,0.512563,filled,btc,37041041140
btc-updown-5m-1790967600,1790967600.0,1790967724.0,2026-10-02,Down,2.6171179004059293,0.5,1.0,0.47,0.017437,319.71,True,0.512563,filled,btc,37041041140
btc-updown-5m-1790967900,1790967900.0,1790967995.0,2026-10-02,Down,2.9043037233866555,0.3,1.0,0.74,0.013468000000000003,28.64,True,0.246532,filled,btc,37041041140
btc-updown-5m-1790967900,1790967900.0,1790967995.0,2026-10-02,Down,2.9043037233866555,0.35,1.0,0.75,0.013125000000000001,79.44,True,0.236875,filled,btc,37041041140
btc-updown-5m-1790967900,1790967900.0,1790967995.0,2026-10-02,Down,2.9043037233866555,0.4,1.0,0.75,0.013125000000000001,107.21,True,0.236875,filled,btc,37041041140
btc-updown-5m-1790967900,1790967900.0,1790967995.0,2026-10-02,Down,2.9043037233866555,0.5,1.0,0.75,0.013125000000000001,402.21,True,0.236875,filled,btc,37041041140
btc-updown-5m-1790968200,1790968200.0,1790968279.0,2026-10-02,Up,3.0193270246045154,0.3,0.0,0.49,0.017493,27.94,True,-0.507493,filled,btc,37041041140
btc-updown-5m-1790968200,1790968200.0,1790968279.0,2026-10-02,Up,3.0193270246045154,0.35,0.0,0.49,0.017493,27.94,True,-0.507493,filled,btc,37041041140
btc-updown-5m-1790968200,1790968200.0,1790968279.0,2026-10-02,Up,3.0193270246045154,0.4,0.0,0.5,0.0175,69.38,True,-0.5175,filled,btc,37041041140
btc-updown-5m-1790968200,1790968200.0,1790968279.0,2026-10-02,Up,3.0193270246045154,0.5,0.0,0.5,0.0175,59.38,True,-0.5175,filled,btc,37041041140
btc-updown-5m-1790968500,1790968500.0,1790968580.0,2026-10-02,Down,3.7420993565439256,0.3,1.0,0.88,0.007392000000000001,65.0,True,0.112608,filled,btc,37041041140
btc-updown-5m-1790968500,1790968500.0,1790968580.0,2026-10-02,Down,3.7420993565439256,0.35,1.0,0.88,0.007392000000000001,147.0,True,0.112608,filled,btc,37041041140
btc-updown-5m-1790968500,1790968500.0,1790968580.0,2026-10-02,Down,3.7420993565439256,0.4,1.0,0.88,0.007392000000000001,147.0,True,0.112608,filled,btc,37041041140
btc-updown-5m-1790968500,1790968500.0,1790968580.0,2026-10-02,Down,3.7420993565439256,0.5,1.0,0.88,0.007392000000000001,264.6,True,0.112608,filled,btc,37041041140
btc-updown-5m-1790968800,1790968800.0,1790968882.0,2026-10-02,Up,2.5367728565071914,0.3,1.0,0.36,0.016128,420.21,True,0.623872,filled,btc,37041041140
btc-updown-5m-1790968800,1790968800.0,1790968882.0,2026-10-02,Up,2.5367728565071914,0.35,1.0,0.36,0.016128,370.21,True,0.623872,filled,btc,37041041140
btc-updown-5m-1790968800,1790968800.0,1790968882.0,2026-10-02,Up,2.5367728565071914,0.4,1.0,0.36,0.016128,420.11,True,0.623872,filled,btc,37041041140
btc-updown-5m-1790968800,1790968800.0,1790968882.0,2026-10-02,Up,2.5367728565071914,0.5,1.0,0.36,0.016128,355.15,True,0.623872,filled,btc,37041041140
btc-updown-5m-1790969100,1790969100.0,1790969216.0,2026-10-02,Down,3.072330891154939,0.3,0.0,0.45999999999999996,0.017388,1966.34,True,-0.477388,filled,btc,37041041140
btc-updown-5m-1790969100,1790969100.0,1790969216.0,2026-10-02,Down,3.072330891154939,0.35,0.0,0.45999999999999996,0.017388,1971.34,True,-0.477388,filled,btc,37041041140
btc-updown-5m-1790969100,1790969100.0,1790969216.0,2026-10-02,Down,3.072330891154939,0.4,0.0,0.45999999999999996,0.017388,2090.9,True,-0.477388,filled,btc,37041041140
btc-updown-5m-1790969100,1790969100.0,1790969216.0,2026-10-02,Down,3.072330891154939,0.5,0.0,0.45999999999999996,0.017388,2165.9,True,-0.477388,filled,btc,37041041140
btc-updown-5m-1790969400,1790969400.0,1790969535.0,2026-10-02,Down,5.477036680628685,0.3,1.0,0.71,0.014413000000000002,177.78,True,0.275587,filled,btc,37041041140
btc-updown-5m-1790969400,1790969400.0,1790969535.0,2026-10-02,Down,5.477036680628685,0.35,1.0,0.71,0.014413000000000002,212.78,True,0.275587,filled,btc,37041041140
btc-updown-5m-1790969400,1790969400.0,1790969535.0,2026-10-02,Down,5.477036680628685,0.4,1.0,0.71,0.014413000000000002,122.78,True,0.275587,filled,btc,37041041140
btc-updown-5m-1790969400,1790969400.0,1790969535.0,2026-10-02,Down,5.477036680628685,0.5,1.0,0.71,0.014413000000000002,69.78,True,0.275587,filled,btc,37041041140
btc-updown-5m-1790969700,1790969700.0,1790969797.0,2026-10-02,Up,3.079088883890658,0.3,1.0,0.94,0.003948000000000004,693.0,True,0.056052000000000046,filled,btc,37041041140
btc-updown-5m-1790969700,1790969700.0,1790969797.0,2026-10-02,Up,3.079088883890658,0.35,1.0,0.94,0.003948000000000004,773.0,True,0.056052000000000046,filled,btc,37041041140
btc-updown-5m-1790969700,1790969700.0,1790969797.0,2026-10-02,Up,3.079088883890658,0.4,1.0,0.94,0.003948000000000004,1046.65,True,0.056052000000000046,filled,btc,37041041140
btc-updown-5m-1790969700,1790969700.0,1790969797.0,2026-10-02,Up,3.079088883890658,0.5,1.0,0.94,0.003948000000000004,2081.21,True,0.056052000000000046,filled,btc,37041041140
btc-updown-5m-1790970000,1790970000.0,1790970163.0,2026-10-02,Down,3.56489628680164,0.3,1.0,0.5900000000000001,0.016933,1610.64,True,0.39306699999999994,filled,btc,37041041140
btc-updown-5m-1790970000,1790970000.0,1790970163.0,2026-10-02,Down,3.56489628680164,0.35,1.0,0.5900000000000001,0.016933,1615.64,True,0.39306699999999994,filled,btc,37041041140
btc-updown-5m-1790970000,1790970000.0,1790970163.0,2026-10-02,Down,3.56489628680164,0.4,1.0,0.5800000000000001,0.017052,468.55,True,0.4029479999999999,filled,btc,37041041140
btc-updown-5m-1790970000,1790970000.0,1790970163.0,2026-10-02,Down,3.56489628680164,0.5,1.0,0.5700000000000001,0.017157,326.0,True,0.41284299999999996,filled,btc,37041041140
btc-updown-5m-1790970300,1790970300.0,1790970453.0,2026-10-02,Down,2.724790674023119,0.3,0.0,0.18999999999999995,0.010773,604.42,True,-0.20077299999999995,filled,btc,37041041140
btc-updown-5m-1790970300,1790970300.0,1790970453.0,2026-10-02,Down,2.724790674023119,0.35,0.0,0.18999999999999995,0.010773,397.42,True,-0.20077299999999995,filled,btc,37041041140
btc-updown-5m-1790970300,1790970300.0,1790970453.0,2026-10-02,Down,2.724790674023119,0.4,0.0,0.18999999999999995,0.010773,259.58,True,-0.20077299999999995,filled,btc,37041041140
btc-updown-5m-1790970300,1790970300.0,1790970453.0,2026-10-02,Down,2.724790674023119,0.5,0.0,0.18999999999999995,0.010773,278.58,True,-0.20077299999999995,filled,btc,37041041140
btc-updown-5m-1790970600,1790970600.0,1790970670.0,2026-10-02,Up,2.650947423329628,0.3,0.0,0.76,0.012768,2.3,False,,depth,btc,37041041140
btc-updown-5m-1790970600,1790970600.0,1790970670.0,2026-10-02,Up,2.650947423329628,0.35,0.0,0.76,0.012768,2.3,False,,depth,btc,37041041140
btc-updown-5m-1790970600,1790970600.0,1790970670.0,2026-10-02,Up,2.650947423329628,0.4,0.0,0.76,0.012768,0.66,False,,depth,btc,37041041140
btc-updown-5m-1790970600,1790970600.0,1790970670.0,2026-10-02,Up,2.650947423329628,0.5,0.0,0.76,0.012768,15.66,True,-0.772768,filled,btc,37041041140
btc-updown-5m-1790970900,1790970900.0,1790971000.0,2026-10-02,Down,3.152841123083427,0.3,0.0,0.30000000000000004,0.014700000000000003,83.0,True,-0.31470000000000004,filled,btc,37041041140
btc-updown-5m-1790970900,1790970900.0,1790971000.0,2026-10-02,Down,3.152841123083427,0.35,0.0,0.30000000000000004,0.014700000000000003,78.0,True,-0.31470000000000004,filled,btc,37041041140
btc-updown-5m-1790970900,1790970900.0,1790971000.0,2026-10-02,Down,3.152841123083427,0.4,0.0,0.30000000000000004,0.014700000000000003,8.0,True,-0.31470000000000004,filled,btc,37041041140
btc-updown-5m-1790970900,1790970900.0,1790971000.0,2026-10-02,Down,3.152841123083427,0.5,0.0,0.30000000000000004,0.014700000000000003,137.0,True,-0.31470000000000004,filled,btc,37041041140
btc-updown-5m-1790971200,1790971200.0,1790971434.0,2026-10-02,Up,2.7331208632908957,0.3,1.0,,,,False,,book_unavailable,btc,37041041140
btc-updown-5m-1790971200,1790971200.0,1790971434.0,2026-10-02,Up,2.7331208632908957,0.35,1.0,,,,False,,book_unavailable,btc,37041041140
btc-updown-5m-1790971200,1790971200.0,1790971434.0,2026-10-02,Up,2.7331208632908957,0.4,1.0,,,,False,,book_unavailable,btc,37041041140
btc-updown-5m-1790971200,1790971200.0,1790971434.0,2026-10-02,Up,2.7331208632908957,0.5,1.0,,,,False,,book_unavailable,btc,37041041140
btc-updown-5m-1790971500,1790971500.0,1790971575.0,2026-10-02,Up,3.129916821138325,0.3,1.0,0.89,0.006853,414.82,True,0.10314699999999999,filled,btc,37041041140
btc-updown-5m-1790971500,1790971500.0,1790971575.0,2026-10-02,Up,3.129916821138325,0.35,1.0,0.89,0.006853,422.03,True,0.10314699999999999,filled,btc,37041041140
btc-updown-5m-1790971500,1790971500.0,1790971575.0,2026-10-02,Up,3.129916821138325,0.4,1.0,0.89,0.006853,631.59,True,0.10314699999999999,filled,btc,37041041140
btc-updown-5m-1790971500,1790971500.0,1790971575.0,2026-10-02,Up,3.129916821138325,0.5,1.0,0.88,0.007392000000000001,55.0,True,0.112608,filled,btc,37041041140
btc-updown-5m-1790971800,1790971800.0,1790971870.0,2026-10-02,Up,3.118432738725926,0.3,1.0,0.69,0.014973000000000004,248.0,True,0.29502700000000004,filled,btc,37041041140
btc-updown-5m-1790971800,1790971800.0,1790971870.0,2026-10-02,Up,3.118432738725926,0.35,1.0,0.69,0.014973000000000004,243.0,True,0.29502700000000004,filled,btc,37041041140
btc-updown-5m-1790971800,1790971800.0,1790971870.0,2026-10-02,Up,3.118432738725926,0.4,1.0,0.69,0.014973000000000004,528.0,True,0.29502700000000004,filled,btc,37041041140
btc-updown-5m-1790971800,1790971800.0,1790971870.0,2026-10-02,Up,3.118432738725926,0.5,1.0,0.69,0.014973000000000004,723.0,True,0.29502700000000004,filled,btc,37041041140
btc-updown-5m-1790972100,1790972100.0,1790972346.0,2026-10-02,Up,2.8897056208916143,0.3,1.0,0.85,0.008925000000000002,3.86,False,,depth,btc,37041041140
btc-updown-5m-1790972100,1790972100.0,1790972346.0,2026-10-02,Up,2.8897056208916143,0.35,1.0,0.86,0.008428000000000001,433.49,True,0.13157200000000002,filled,btc,37041041140
btc-updown-5m-1790972100,1790972100.0,1790972346.0,2026-10-02,Up,2.8897056208916143,0.4,1.0,0.86,0.008428000000000001,36.0,True,0.13157200000000002,filled,btc,37041041140
btc-updown-5m-1790972100,1790972100.0,1790972346.0,2026-10-02,Up,2.8897056208916143,0.5,1.0,0.89,0.006853,17.57,True,0.10314699999999999,filled,btc,37041041140
btc-updown-5m-1790972400,1790972400.0,1790972576.0,2026-10-02,Up,4.268173715551793,0.3,1.0,0.45,0.017325000000000007,9.27,True,0.532675,filled,btc,37041041140
btc-updown-5m-1790972400,1790972400.0,1790972576.0,2026-10-02,Up,4.268173715551793,0.35,1.0,0.45,0.017325000000000007,43.0,True,0.532675,filled,btc,37041041140
btc-updown-5m-1790972400,1790972400.0,1790972576.0,2026-10-02,Up,4.268173715551793,0.4,1.0,0.44,0.017248000000000003,117.01,True,0.542752,filled,btc,37041041140
btc-updown-5m-1790972400,1790972400.0,1790972576.0,2026-10-02,Up,4.268173715551793,0.5,1.0,0.42,0.017052000000000005,15.0,True,0.5629480000000001,filled,btc,37041041140
btc-updown-5m-1790972700,1790972700.0,1790972824.0,2026-10-02,Down,3.4550214790210543,0.3,1.0,,,,False,,book_unavailable,btc,37041041140
btc-updown-5m-1790972700,1790972700.0,1790972824.0,2026-10-02,Down,3.4550214790210543,0.35,1.0,,,,False,,book_unavailable,btc,37041041140
btc-updown-5m-1790972700,1790972700.0,1790972824.0,2026-10-02,Down,3.4550214790210543,0.4,1.0,,,,False,,book_unavailable,btc,37041041140
btc-updown-5m-1790972700,1790972700.0,1790972824.0,2026-10-02,Down,3.4550214790210543,0.5,1.0,,,,False,,book_unavailable,btc,37041041140
btc-updown-5m-1790973000,1790973000.0,1790973086.0,2026-10-02,Up,2.7373696172029978,0.3,1.0,0.75,0.013125000000000001,65.0,True,0.236875,filled,btc,37041041140
btc-updown-5m-1790973000,1790973000.0,1790973086.0,2026-10-02,Up,2.7373696172029978,0.35,1.0,0.75,0.013125000000000001,63.66,True,0.236875,filled,btc,37041041140
btc-updown-5m-1790973000,1790973000.0,1790973086.0,2026-10-02,Up,2.7373696172029978,0.4,1.0,0.75,0.013125000000000001,62.32,True,0.236875,filled,btc,37041041140
btc-updown-5m-1790973000,1790973000.0,1790973086.0,2026-10-02,Up,2.7373696172029978,0.5,1.0,0.76,0.012768,96.0,True,0.227232,filled,btc,37041041140
btc-updown-5m-1790973600,1790973600.0,1790973680.0,2026-10-02,Down,10.087790023203357,0.3,1.0,0.87,0.007917,2.81,False,,depth,btc,37041041140
btc-updown-5m-1790973600,1790973600.0,1790973680.0,2026-10-02,Down,10.087790023203357,0.35,1.0,0.88,0.007392000000000001,37.32,True,0.112608,filled,btc,37041041140
btc-updown-5m-1790973600,1790973600.0,1790973680.0,2026-10-02,Down,10.087790023203357,0.4,1.0,0.9,0.0063,126.49,True,0.09369999999999998,filled,btc,37041041140
btc-updown-5m-1790973600,1790973600.0,1790973680.0,2026-10-02,Down,10.087790023203357,0.5,1.0,0.9,0.0063,39.31,True,0.09369999999999998,filled,btc,37041041140
btc-updown-5m-1790973900,1790973900.0,1790973986.0,2026-10-02,Up,2.807135669890011,0.3,1.0,0.79,0.011613,471.04,True,0.19838699999999995,filled,btc,37041041140
btc-updown-5m-1790973900,1790973900.0,1790973986.0,2026-10-02,Up,2.807135669890011,0.35,1.0,0.79,0.011613,589.44,True,0.19838699999999995,filled,btc,37041041140
btc-updown-5m-1790973900,1790973900.0,1790973986.0,2026-10-02,Up,2.807135669890011,0.4,1.0,0.79,0.011613,712.15,True,0.19838699999999995,filled,btc,37041041140
btc-updown-5m-1790973900,1790973900.0,1790973986.0,2026-10-02,Up,2.807135669890011,0.5,1.0,0.79,0.011613,825.11,True,0.19838699999999995,filled,btc,37041041140
btc-updown-5m-1790974200,1790974200.0,1790974279.0,2026-10-02,Up,2.6209802906011355,0.3,1.0,0.86,0.008428000000000001,134.9,True,0.13157200000000002,filled,btc,37041041140
btc-updown-5m-1790974200,1790974200.0,1790974279.0,2026-10-02,Up,2.6209802906011355,0.35,1.0,0.86,0.008428000000000001,239.9,True,0.13157200000000002,filled,btc,37041041140
btc-updown-5m-1790974200,1790974200.0,1790974279.0,2026-10-02,Up,2.6209802906011355,0.4,1.0,0.86,0.008428000000000001,134.9,True,0.13157200000000002,filled,btc,37041041140
btc-updown-5m-1790974200,1790974200.0,1790974279.0,2026-10-02,Up,2.6209802906011355,0.5,1.0,0.86,0.008428000000000001,134.9,True,0.13157200000000002,filled,btc,37041041140
btc-updown-5m-1790974500,1790974500.0,1790974682.0,2026-10-02,Up,4.314609120099821,0.3,1.0,,,,False,,book_unavailable,btc,37041041140
btc-updown-5m-1790974500,1790974500.0,1790974682.0,2026-10-02,Up,4.314609120099821,0.35,1.0,,,,False,,book_unavailable,btc,37041041140
btc-updown-5m-1790974500,1790974500.0,1790974682.0,2026-10-02,Up,4.314609120099821,0.4,1.0,,,,False,,book_unavailable,btc,37041041140
btc-updown-5m-1790974500,1790974500.0,1790974682.0,2026-10-02,Up,4.314609120099821,0.5,1.0,,,,False,,book_unavailable,btc,37041041140
btc-updown-5m-1790974800,1790974800.0,1790974925.0,2026-10-02,Up,3.9019210336794745,0.3,1.0,0.94,0.003948000000000004,328.5,True,0.056052000000000046,filled,btc,37041041140
btc-updown-5m-1790974800,1790974800.0,1790974925.0,2026-10-02,Up,3.9019210336794745,0.35,1.0,0.94,0.003948000000000004,760.0,True,0.056052000000000046,filled,btc,37041041140
btc-updown-5m-1790974800,1790974800.0,1790974925.0,2026-10-02,Up,3.9019210336794745,0.4,1.0,0.94,0.003948000000000004,475.88,True,0.056052000000000046,filled,btc,37041041140
btc-updown-5m-1790974800,1790974800.0,1790974925.0,2026-10-02,Up,3.9019210336794745,0.5,1.0,0.94,0.003948000000000004,503.71,True,0.056052000000000046,filled,btc,37041041140
btc-updown-5m-1790975400,1790975400.0,1790975609.0,2026-10-02,Down,3.453639038725318,0.3,1.0,0.33999999999999997,0.015708000000000003,107.5,True,0.644292,filled,btc,37041041140
btc-updown-5m-1790975400,1790975400.0,1790975609.0,2026-10-02,Down,3.453639038725318,0.35,1.0,0.33999999999999997,0.015708000000000003,107.5,True,0.644292,filled,btc,37041041140
btc-updown-5m-1790975400,1790975400.0,1790975609.0,2026-10-02,Down,3.453639038725318,0.4,1.0,0.33999999999999997,0.015708000000000003,113.5,True,0.644292,filled,btc,37041041140
btc-updown-5m-1790975400,1790975400.0,1790975609.0,2026-10-02,Down,3.453639038725318,0.5,1.0,0.33999999999999997,0.015708000000000003,113.5,True,0.644292,filled,btc,37041041140
btc-updown-5m-1790975700,1790975700.0,1790975893.0,2026-10-02,Up,4.6616661198035265,0.3,1.0,0.85,0.008925000000000002,51.33,True,0.141075,filled,btc,37041041140
btc-updown-5m-1790975700,1790975700.0,1790975893.0,2026-10-02,Up,4.6616661198035265,0.35,1.0,0.85,0.008925000000000002,36.16,True,0.141075,filled,btc,37041041140
btc-updown-5m-1790975700,1790975700.0,1790975893.0,2026-10-02,Up,4.6616661198035265,0.4,1.0,0.85,0.008925000000000002,36.16,True,0.141075,filled,btc,37041041140
btc-updown-5m-1790975700,1790975700.0,1790975893.0,2026-10-02,Up,4.6616661198035265,0.5,1.0,0.85,0.008925000000000002,20.16,True,0.141075,filled,btc,37041041140
btc-updown-5m-1790976000,1790976000.0,1790976179.0,2026-10-02,Down,6.619290995095528,0.3,1.0,0.89,0.006853,33.87,True,0.10314699999999999,filled,btc,37041041140
btc-updown-5m-1790976000,1790976000.0,1790976179.0,2026-10-02,Down,6.619290995095528,0.35,1.0,0.89,0.006853,33.87,True,0.10314699999999999,filled,btc,37041041140
btc-updown-5m-1790976000,1790976000.0,1790976179.0,2026-10-02,Down,6.619290995095528,0.4,1.0,0.89,0.006853,28.87,True,0.10314699999999999,filled,btc,37041041140
btc-updown-5m-1790976000,1790976000.0,1790976179.0,2026-10-02,Down,6.619290995095528,0.5,1.0,0.89,0.006853,45.87,True,0.10314699999999999,filled,btc,37041041140
btc-updown-5m-1790976300,1790976300.0,1790976380.0,2026-10-02,Down,19.706185142418104,0.3,1.0,0.9,0.0063,1038.23,True,0.09369999999999998,filled,btc,37041041140
btc-updown-5m-1790976300,1790976300.0,1790976380.0,2026-10-02,Down,19.706185142418104,0.35,1.0,0.9,0.0063,830.59,True,0.09369999999999998,filled,btc,37041041140
btc-updown-5m-1790976300,1790976300.0,1790976380.0,2026-10-02,Down,19.706185142418104,0.4,1.0,0.9,0.0063,915.25,True,0.09369999999999998,filled,btc,37041041140
btc-updown-5m-1790976300,1790976300.0,1790976380.0,2026-10-02,Down,19.706185142418104,0.5,1.0,0.9,0.0063,726.02,True,0.09369999999999998,filled,btc,37041041140
btc-updown-5m-1790976600,1790976600.0,1790976727.0,2026-10-02,Up,2.901042550582142,0.3,1.0,,,,False,,book_unavailable,btc,37041041140
btc-updown-5m-1790976600,1790976600.0,1790976727.0,2026-10-02,Up,2.901042550582142,0.35,1.0,,,,False,,book_unavailable,btc,37041041140
btc-updown-5m-1790976600,1790976600.0,1790976727.0,2026-10-02,Up,2.901042550582142,0.4,1.0,,,,False,,book_unavailable,btc,37041041140
btc-updown-5m-1790976600,1790976600.0,1790976727.0,2026-10-02,Up,2.901042550582142,0.5,1.0,,,,False,,book_unavailable,btc,37041041140
btc-updown-5m-1790976900,1790976900.0,1790976981.0,2026-10-02,Up,2.528540274394947,0.3,1.0,0.81,0.010772999999999998,280.83,True,0.17922699999999994,filled,btc,37041041140
btc-updown-5m-1790976900,1790976900.0,1790976981.0,2026-10-02,Up,2.528540274394947,0.35,1.0,0.81,0.010772999999999998,334.59,True,0.17922699999999994,filled,btc,37041041140
btc-updown-5m-1790976900,1790976900.0,1790976981.0,2026-10-02,Up,2.528540274394947,0.4,1.0,0.81,0.010772999999999998,297.55,True,0.17922699999999994,filled,btc,37041041140
btc-updown-5m-1790976900,1790976900.0,1790976981.0,2026-10-02,Up,2.528540274394947,0.5,1.0,0.81,0.010772999999999998,312.06,True,0.17922699999999994,filled,btc,37041041140
btc-updown-5m-1790977200,1790977200.0,1790977284.0,2026-10-02,Down,3.0457591223012046,0.3,1.0,0.56,0.017248,30.0,True,0.42275199999999996,filled,btc,37041041140
btc-updown-5m-1790977200,1790977200.0,1790977284.0,2026-10-02,Down,3.0457591223012046,0.35,1.0,0.56,0.017248,25.0,True,0.42275199999999996,filled,btc,37041041140
btc-updown-5m-1790977200,1790977200.0,1790977284.0,2026-10-02,Down,3.0457591223012046,0.4,1.0,0.56,0.017248,15.0,True,0.42275199999999996,filled,btc,37041041140
btc-updown-5m-1790977200,1790977200.0,1790977284.0,2026-10-02,Down,3.0457591223012046,0.5,1.0,0.5700000000000001,0.017157,140.0,True,0.41284299999999996,filled,btc,37041041140
btc-updown-5m-1790977500,1790977500.0,1790977713.0,2026-10-02,Down,2.9080130638999933,0.3,1.0,,,,False,,book_unavailable,btc,37041041140
btc-updown-5m-1790977500,1790977500.0,1790977713.0,2026-10-02,Down,2.9080130638999933,0.35,1.0,,,,False,,book_unavailable,btc,37041041140
btc-updown-5m-1790977500,1790977500.0,1790977713.0,2026-10-02,Down,2.9080130638999933,0.4,1.0,,,,False,,book_unavailable,btc,37041041140
btc-updown-5m-1790977500,1790977500.0,1790977713.0,2026-10-02,Down,2.9080130638999933,0.5,1.0,,,,False,,book_unavailable,btc,37041041140
btc-updown-5m-1790977800,1790977800.0,1790977913.0,2026-10-02,Up,3.253200649524367,0.3,1.0,0.62,0.016492,180.0,True,0.363508,filled,btc,37041041140
btc-updown-5m-1790977800,1790977800.0,1790977913.0,2026-10-02,Up,3.253200649524367,0.35,1.0,0.62,0.016492,165.0,True,0.363508,filled,btc,37041041140
btc-updown-5m-1790977800,1790977800.0,1790977913.0,2026-10-02,Up,3.253200649524367,0.4,1.0,0.62,0.016492,73.32,True,0.363508,filled,btc,37041041140
btc-updown-5m-1790977800,1790977800.0,1790977913.0,2026-10-02,Up,3.253200649524367,0.5,1.0,0.62,0.016492,73.32,True,0.363508,filled,btc,37041041140
btc-updown-5m-1790982300,1790982300.0,1790982511.0,2026-10-02,Down,4.839773163701115,0.3,1.0,,,,False,,book_unavailable,btc,37075141917
btc-updown-5m-1790982300,1790982300.0,1790982511.0,2026-10-02,Down,4.839773163701115,0.35,1.0,,,,False,,book_unavailable,btc,37075141917
btc-updown-5m-1790982300,1790982300.0,1790982511.0,2026-10-02,Down,4.839773163701115,0.4,1.0,,,,False,,book_unavailable,btc,37075141917
btc-updown-5m-1790982300,1790982300.0,1790982511.0,2026-10-02,Down,4.839773163701115,0.5,1.0,,,,False,,book_unavailable,btc,37075141917
btc-updown-5m-1790982600,1790982600.0,1790982705.0,2026-10-02,Down,3.75542135947707,0.3,1.0,0.73,0.013797000000000002,5.0,True,0.256203,filled,btc,37075141917
btc-updown-5m-1790982600,1790982600.0,1790982705.0,2026-10-02,Down,3.75542135947707,0.35,1.0,0.73,0.013797000000000002,5.0,True,0.256203,filled,btc,37075141917
btc-updown-5m-1790982600,1790982600.0,1790982705.0,2026-10-02,Down,3.75542135947707,0.4,1.0,0.73,0.013797000000000002,35.0,True,0.256203,filled,btc,37075141917
btc-updown-5m-1790982600,1790982600.0,1790982705.0,2026-10-02,Down,3.75542135947707,0.5,1.0,0.74,0.013468000000000003,20.0,True,0.246532,filled,btc,37075141917
btc-updown-5m-1790982900,1790982900.0,1790983071.0,2026-10-02,Up,3.630792573089803,0.3,1.0,0.93,0.004556999999999997,783.75,True,0.06544299999999996,filled,btc,37075141917
btc-updown-5m-1790982900,1790982900.0,1790983071.0,2026-10-02,Up,3.630792573089803,0.35,1.0,0.93,0.004556999999999997,823.75,True,0.06544299999999996,filled,btc,37075141917
btc-updown-5m-1790982900,1790982900.0,1790983071.0,2026-10-02,Up,3.630792573089803,0.4,1.0,0.93,0.004556999999999997,813.75,True,0.06544299999999996,filled,btc,37075141917
btc-updown-5m-1790982900,1790982900.0,1790983071.0,2026-10-02,Up,3.630792573089803,0.5,1.0,0.93,0.004556999999999997,818.2,True,0.06544299999999996,filled,btc,37075141917
btc-updown-5m-1790983500,1790983500.0,1790983576.0,2026-10-02,Up,7.335296361962328,0.3,1.0,0.89,0.006853,350.26,True,0.10314699999999999,filled,btc,37075141917
btc-updown-5m-1790983500,1790983500.0,1790983576.0,2026-10-02,Up,7.335296361962328,0.35,1.0,0.89,0.006853,390.26,True,0.10314699999999999,filled,btc,37075141917
btc-updown-5m-1790983500,1790983500.0,1790983576.0,2026-10-02,Up,7.335296361962328,0.4,1.0,0.89,0.006853,487.16,True,0.10314699999999999,filled,btc,37075141917
btc-updown-5m-1790983500,1790983500.0,1790983576.0,2026-10-02,Up,7.335296361962328,0.5,1.0,0.89,0.006853,548.62,True,0.10314699999999999,filled,btc,37075141917
btc-updown-5m-1790983800,1790983800.0,1790983949.0,2026-10-02,Down,7.111934735982898,0.3,1.0,,,,False,,book_unavailable,btc,37075141917
btc-updown-5m-1790983800,1790983800.0,1790983949.0,2026-10-02,Down,7.111934735982898,0.35,1.0,,,,False,,book_unavailable,btc,37075141917
btc-updown-5m-1790983800,1790983800.0,1790983949.0,2026-10-02,Down,7.111934735982898,0.4,1.0,,,,False,,book_unavailable,btc,37075141917
btc-updown-5m-1790983800,1790983800.0,1790983949.0,2026-10-02,Down,7.111934735982898,0.5,1.0,,,,False,,book_unavailable,btc,37075141917
btc-updown-5m-1790984100,1790984100.0,1790984170.0,2026-10-02,Down,3.676600091559892,0.3,0.0,0.47,0.017437,15.52,True,-0.48743699999999995,filled,btc,37075141917
btc-updown-5m-1790984100,1790984100.0,1790984170.0,2026-10-02,Down,3.676600091559892,0.35,0.0,0.47,0.017437,15.52,True,-0.48743699999999995,filled,btc,37075141917
btc-updown-5m-1790984100,1790984100.0,1790984170.0,2026-10-02,Down,3.676600091559892,0.4,0.0,0.47,0.017437,0.52,False,,depth,btc,37075141917
btc-updown-5m-1790984100,1790984100.0,1790984170.0,2026-10-02,Down,3.676600091559892,0.5,0.0,0.47,0.017437,90.5,True,-0.48743699999999995,filled,btc,37075141917
btc-updown-5m-1790984400,1790984400.0,1790984626.0,2026-10-02,Up,3.619896482836513,0.3,1.0,,,,False,,book_unavailable,btc,37075141917
btc-updown-5m-1790984400,1790984400.0,1790984626.0,2026-10-02,Up,3.619896482836513,0.35,1.0,,,,False,,book_unavailable,btc,37075141917
btc-updown-5m-1790984400,1790984400.0,1790984626.0,2026-10-02,Up,3.619896482836513,0.4,1.0,,,,False,,book_unavailable,btc,37075141917
btc-updown-5m-1790984400,1790984400.0,1790984626.0,2026-10-02,Up,3.619896482836513,0.5,1.0,,,,False,,book_unavailable,btc,37075141917
btc-updown-5m-1790984700,1790984700.0,1790984936.0,2026-10-02,Up,3.0562599410084683,0.3,1.0,0.79,0.011613,85.18,True,0.19838699999999995,filled,btc,37075141917
btc-updown-5m-1790984700,1790984700.0,1790984936.0,2026-10-02,Up,3.0562599410084683,0.35,1.0,0.78,0.012012,74.06,True,0.20798799999999998,filled,btc,37075141917
btc-updown-5m-1790984700,1790984700.0,1790984936.0,2026-10-02,Up,3.0562599410084683,0.4,1.0,0.78,0.012012,69.08,True,0.20798799999999998,filled,btc,37075141917
btc-updown-5m-1790984700,1790984700.0,1790984936.0,2026-10-02,Up,3.0562599410084683,0.5,1.0,0.68,0.015232,100.0,True,0.30476799999999993,filled,btc,37075141917
btc-updown-5m-1790985000,1790985000.0,1790985061.0,2026-10-02,Down,4.898987447863962,0.3,1.0,0.6799999999999999,0.015232000000000004,376.47,True,0.30476800000000004,filled,btc,37075141917
btc-updown-5m-1790985000,1790985000.0,1790985061.0,2026-10-02,Down,4.898987447863962,0.35,1.0,0.6799999999999999,0.015232000000000004,263.32,True,0.30476800000000004,filled,btc,37075141917
btc-updown-5m-1790985000,1790985000.0,1790985061.0,2026-10-02,Down,4.898987447863962,0.4,1.0,0.6599999999999999,0.015708000000000003,33.33,True,0.3242920000000001,filled,btc,37075141917
btc-updown-5m-1790985000,1790985000.0,1790985061.0,2026-10-02,Down,4.898987447863962,0.5,1.0,0.64,0.016128000000000003,33.33,True,0.34387199999999996,filled,btc,37075141917
btc-updown-5m-1790985300,1790985300.0,1790985466.0,2026-10-02,Down,3.1811370789399196,0.3,1.0,0.94,0.003948000000000004,337.31,True,0.056052000000000046,filled,btc,37075141917
btc-updown-5m-1790985300,1790985300.0,1790985466.0,2026-10-02,Down,3.1811370789399196,0.35,1.0,0.94,0.003948000000000004,337.31,True,0.056052000000000046,filled,btc,37075141917
btc-updown-5m-1790985300,1790985300.0,1790985466.0,2026-10-02,Down,3.1811370789399196,0.4,1.0,0.94,0.003948000000000004,296.03,True,0.056052000000000046,filled,btc,37075141917
btc-updown-5m-1790985300,1790985300.0,1790985466.0,2026-10-02,Down,3.1811370789399196,0.5,1.0,0.94,0.003948000000000004,316.03,True,0.056052000000000046,filled,btc,37075141917
btc-updown-5m-1790985600,1790985600.0,1790985690.0,2026-10-03,Down,4.296223061870652,0.3,1.0,0.81,0.010772999999999998,856.46,True,0.17922699999999994,filled,btc,37075141917
btc-updown-5m-1790985600,1790985600.0,1790985690.0,2026-10-03,Down,4.296223061870652,0.35,1.0,0.81,0.010772999999999998,873.46,True,0.17922699999999994,filled,btc,37075141917
btc-updown-5m-1790985600,1790985600.0,1790985690.0,2026-10-03,Down,4.296223061870652,0.4,1.0,0.81,0.010772999999999998,1087.75,True,0.17922699999999994,filled,btc,37075141917
btc-updown-5m-1790985600,1790985600.0,1790985690.0,2026-10-03,Down,4.296223061870652,0.5,1.0,0.81,0.010772999999999998,732.96,True,0.17922699999999994,filled,btc,37075141917
btc-updown-5m-1790985900,1790985900.0,1790985960.0,2026-10-03,Down,4.572888283144091,0.3,1.0,0.87,0.007917,112.76,True,0.122083,filled,btc,37075141917
btc-updown-5m-1790985900,1790985900.0,1790985960.0,2026-10-03,Down,4.572888283144091,0.35,1.0,0.87,0.007917,53.0,True,0.122083,filled,btc,37075141917
btc-updown-5m-1790985900,1790985900.0,1790985960.0,2026-10-03,Down,4.572888283144091,0.4,1.0,0.87,0.007917,53.0,True,0.122083,filled,btc,37075141917
btc-updown-5m-1790985900,1790985900.0,1790985960.0,2026-10-03,Down,4.572888283144091,0.5,1.0,0.87,0.007917,53.0,True,0.122083,filled,btc,37075141917
btc-updown-5m-1790986200,1790986200.0,1790986260.0,2026-10-03,Up,8.723314060057355,0.3,1.0,0.96,0.002688000000000003,805.8,True,0.03731200000000003,filled,btc,37075141917
btc-updown-5m-1790986200,1790986200.0,1790986260.0,2026-10-03,Up,8.723314060057355,0.35,1.0,0.96,0.002688000000000003,805.8,True,0.03731200000000003,filled,btc,37075141917
btc-updown-5m-1790986200,1790986200.0,1790986260.0,2026-10-03,Up,8.723314060057355,0.4,1.0,0.96,0.002688000000000003,805.8,True,0.03731200000000003,filled,btc,37075141917
btc-updown-5m-1790986200,1790986200.0,1790986260.0,2026-10-03,Up,8.723314060057355,0.5,1.0,0.96,0.002688000000000003,805.8,True,0.03731200000000003,filled,btc,37075141917
btc-updown-5m-1790986500,1790986500.0,1790986635.0,2026-10-03,Down,2.563578821681575,0.3,0.0,0.19999999999999996,0.0112,582.89,True,-0.21119999999999994,filled,btc,37075141917
btc-updown-5m-1790986500,1790986500.0,1790986635.0,2026-10-03,Down,2.563578821681575,0.35,0.0,0.19999999999999996,0.0112,582.89,True,-0.21119999999999994,filled,btc,37075141917
btc-updown-5m-1790986500,1790986500.0,1790986635.0,2026-10-03,Down,2.563578821681575,0.4,0.0,0.19999999999999996,0.0112,582.89,True,-0.21119999999999994,filled,btc,37075141917
btc-updown-5m-1790986500,1790986500.0,1790986635.0,2026-10-03,Down,2.563578821681575,0.5,0.0,0.18999999999999995,0.010773,369.33,True,-0.20077299999999995,filled,btc,37075141917
btc-updown-5m-1790987100,1790987100.0,1790987269.0,2026-10-03,Down,4.543256052930007,0.3,0.0,0.63,0.016317,692.49,True,-0.646317,filled,btc,37075141917
btc-updown-5m-1790987100,1790987100.0,1790987269.0,2026-10-03,Down,4.543256052930007,0.35,0.0,0.63,0.016317,694.49,True,-0.646317,filled,btc,37075141917
btc-updown-5m-1790987100,1790987100.0,1790987269.0,2026-10-03,Down,4.543256052930007,0.4,0.0,0.63,0.016317,675.17,True,-0.646317,filled,btc,37075141917
btc-updown-5m-1790987100,1790987100.0,1790987269.0,2026-10-03,Down,4.543256052930007,0.5,0.0,0.63,0.016317,680.17,True,-0.646317,filled,btc,37075141917
btc-updown-5m-1790987400,1790987400.0,1790987554.0,2026-10-03,Up,3.763945814732681,0.3,1.0,0.98,0.0013720000000000015,1572.64,True,0.018628000000000016,filled,btc,37075141917
btc-updown-5m-1790987400,1790987400.0,1790987554.0,2026-10-03,Up,3.763945814732681,0.35,1.0,0.98,0.0013720000000000015,1533.6,True,0.018628000000000016,filled,btc,37075141917
btc-updown-5m-1790987400,1790987400.0,1790987554.0,2026-10-03,Up,3.763945814732681,0.4,1.0,0.98,0.0013720000000000015,1533.6,True,0.018628000000000016,filled,btc,37075141917
btc-updown-5m-1790987400,1790987400.0,1790987554.0,2026-10-03,Up,3.763945814732681,0.5,1.0,0.98,0.0013720000000000015,1498.42,True,0.018628000000000016,filled,btc,37075141917
btc-updown-5m-1790987700,1790987700.0,1790987774.0,2026-10-03,Up,3.5769398654035793,0.3,0.0,0.58,0.017052000000000005,284.84,True,-0.5970519999999999,filled,btc,37075141917
btc-updown-5m-1790987700,1790987700.0,1790987774.0,2026-10-03,Up,3.5769398654035793,0.35,0.0,0.58,0.017052000000000005,351.62,True,-0.5970519999999999,filled,btc,37075141917
btc-updown-5m-1790987700,1790987700.0,1790987774.0,2026-10-03,Up,3.5769398654035793,0.4,0.0,0.58,0.017052000000000005,602.14,True,-0.5970519999999999,filled,btc,37075141917
btc-updown-5m-1790987700,1790987700.0,1790987774.0,2026-10-03,Up,3.5769398654035793,0.5,0.0,0.58,0.017052000000000005,636.65,True,-0.5970519999999999,filled,btc,37075141917
btc-updown-5m-1790988300,1790988300.0,1790988543.0,2026-10-03,Up,4.9156625713550826,0.3,1.0,,,,False,,book_unavailable,btc,37075141917
btc-updown-5m-1790988300,1790988300.0,1790988543.0,2026-10-03,Up,4.9156625713550826,0.35,1.0,,,,False,,book_unavailable,btc,37075141917
btc-updown-5m-1790988300,1790988300.0,1790988543.0,2026-10-03,Up,4.9156625713550826,0.4,1.0,,,,False,,book_unavailable,btc,37075141917
btc-updown-5m-1790988300,1790988300.0,1790988543.0,2026-10-03,Up,4.9156625713550826,0.5,1.0,,,,False,,book_unavailable,btc,37075141917
btc-updown-5m-1790988600,1790988600.0,1790988694.0,2026-10-03,Down,5.029387675641781,0.3,0.0,,,,False,,book_unavailable,btc,37075141917
btc-updown-5m-1790988600,1790988600.0,1790988694.0,2026-10-03,Down,5.029387675641781,0.35,0.0,,,,False,,book_unavailable,btc,37075141917
btc-updown-5m-1790988600,1790988600.0,1790988694.0,2026-10-03,Down,5.029387675641781,0.4,0.0,,,,False,,book_unavailable,btc,37075141917
btc-updown-5m-1790988600,1790988600.0,1790988694.0,2026-10-03,Down,5.029387675641781,0.5,0.0,,,,False,,book_unavailable,btc,37075141917
btc-updown-5m-1790988900,1790988900.0,1790988964.0,2026-10-03,Down,4.015222031182965,0.3,1.0,0.89,0.006853,789.15,True,0.10314699999999999,filled,btc,37075141917
btc-updown-5m-1790988900,1790988900.0,1790988964.0,2026-10-03,Down,4.015222031182965,0.35,1.0,0.89,0.006853,824.15,True,0.10314699999999999,filled,btc,37075141917
btc-updown-5m-1790988900,1790988900.0,1790988964.0,2026-10-03,Down,4.015222031182965,0.4,1.0,0.89,0.006853,824.15,True,0.10314699999999999,filled,btc,37075141917
btc-updown-5m-1790988900,1790988900.0,1790988964.0,2026-10-03,Down,4.015222031182965,0.5,1.0,0.89,0.006853,824.15,True,0.10314699999999999,filled,btc,37075141917
btc-updown-5m-1790989200,1790989200.0,1790989284.0,2026-10-03,Down,3.171411755973126,0.3,1.0,0.83,0.009877000000000004,668.91,True,0.16012300000000004,filled,btc,37075141917
btc-updown-5m-1790989200,1790989200.0,1790989284.0,2026-10-03,Down,3.171411755973126,0.35,1.0,0.83,0.009877000000000004,1099.07,True,0.16012300000000004,filled,btc,37075141917
btc-updown-5m-1790989200,1790989200.0,1790989284.0,2026-10-03,Down,3.171411755973126,0.4,1.0,0.83,0.009877000000000004,1099.07,True,0.16012300000000004,filled,btc,37075141917
btc-updown-5m-1790989200,1790989200.0,1790989284.0,2026-10-03,Down,3.171411755973126,0.5,1.0,0.83,0.009877000000000004,1116.07,True,0.16012300000000004,filled,btc,37075141917
btc-updown-5m-1790989500,1790989500.0,1790989603.0,2026-10-03,Up,5.162875200004374,0.3,1.0,0.75,0.013125000000000001,5.0,True,0.236875,filled,btc,37075141917
btc-updown-5m-1790989500,1790989500.0,1790989603.0,2026-10-03,Up,5.162875200004374,0.35,1.0,0.76,0.012768,5.0,True,0.227232,filled,btc,37075141917
btc-updown-5m-1790989500,1790989500.0,1790989603.0,2026-10-03,Up,5.162875200004374,0.4,1.0,0.76,0.012768,5.0,True,0.227232,filled,btc,37075141917
btc-updown-5m-1790989500,1790989500.0,1790989603.0,2026-10-03,Up,5.162875200004374,0.5,1.0,0.8,0.0112,112.26,True,0.18879999999999997,filled,btc,37075141917
btc-updown-5m-1790989800,1790989800.0,1790989903.0,2026-10-03,Down,3.660165549354648,0.3,1.0,0.69,0.014973000000000004,377.68,True,0.29502700000000004,filled,btc,37075141917
btc-updown-5m-1790989800,1790989800.0,1790989903.0,2026-10-03,Down,3.660165549354648,0.35,1.0,0.69,0.014973000000000004,1570.32,True,0.29502700000000004,filled,btc,37075141917
btc-updown-5m-1790989800,1790989800.0,1790989903.0,2026-10-03,Down,3.660165549354648,0.4,1.0,0.69,0.014973000000000004,1618.14,True,0.29502700000000004,filled,btc,37075141917
btc-updown-5m-1790989800,1790989800.0,1790989903.0,2026-10-03,Down,3.660165549354648,0.5,1.0,0.6599999999999999,0.015708000000000003,77.92,True,0.3242920000000001,filled,btc,37075141917
btc-updown-5m-1790990100,1790990100.0,1790990177.0,2026-10-03,Up,4.540746772790743,0.3,0.0,0.97,0.002037000000000002,1307.2,True,-0.9720369999999999,filled,btc,37075141917
btc-updown-5m-1790990100,1790990100.0,1790990177.0,2026-10-03,Up,4.540746772790743,0.35,0.0,0.97,0.002037000000000002,1307.2,True,-0.9720369999999999,filled,btc,37075141917
btc-updown-5m-1790990100,1790990100.0,1790990177.0,2026-10-03,Up,4.540746772790743,0.4,0.0,0.97,0.002037000000000002,1269.74,True,-0.9720369999999999,filled,btc,37075141917
btc-updown-5m-1790990100,1790990100.0,1790990177.0,2026-10-03,Up,4.540746772790743,0.5,0.0,0.97,0.002037000000000002,1202.81,True,-0.9720369999999999,filled,btc,37075141917
btc-updown-5m-1790991000,1790991000.0,1790991076.0,2026-10-03,Up,2.5610888476411575,0.3,1.0,0.83,0.009877000000000004,209.77,True,0.16012300000000004,filled,btc,37075141917
btc-updown-5m-1790991000,1790991000.0,1790991076.0,2026-10-03,Up,2.5610888476411575,0.35,1.0,0.83,0.009877000000000004,204.2,True,0.16012300000000004,filled,btc,37075141917
btc-updown-5m-1790991000,1790991000.0,1790991076.0,2026-10-03,Up,2.5610888476411575,0.4,1.0,0.83,0.009877000000000004,569.84,True,0.16012300000000004,filled,btc,37075141917
btc-updown-5m-1790991000,1790991000.0,1790991076.0,2026-10-03,Up,2.5610888476411575,0.5,1.0,0.83,0.009877000000000004,473.64,True,0.16012300000000004,filled,btc,37075141917
btc-updown-5m-1790991300,1790991300.0,1790991540.0,2026-10-03,Down,7.973905611515461,0.3,1.0,0.98,0.0013720000000000015,2213.79,True,0.018628000000000016,filled,btc,37075141917
btc-updown-5m-1790991300,1790991300.0,1790991540.0,2026-10-03,Down,7.973905611515461,0.35,1.0,0.98,0.0013720000000000015,2274.36,True,0.018628000000000016,filled,btc,37075141917
btc-updown-5m-1790991300,1790991300.0,1790991540.0,2026-10-03,Down,7.973905611515461,0.4,1.0,0.98,0.0013720000000000015,2281.13,True,0.018628000000000016,filled,btc,37075141917
btc-updown-5m-1790991300,1790991300.0,1790991540.0,2026-10-03,Down,7.973905611515461,0.5,1.0,0.98,0.0013720000000000015,2281.13,True,0.018628000000000016,filled,btc,37075141917
btc-updown-5m-1790991600,1790991600.0,1790991705.0,2026-10-03,Down,3.0513379794349538,0.3,1.0,0.61,0.016653,100.0,True,0.373347,filled,btc,37075141917
btc-updown-5m-1790991600,1790991600.0,1790991705.0,2026-10-03,Down,3.0513379794349538,0.35,1.0,0.61,0.016653,229.0,True,0.373347,filled,btc,37075141917
btc-updown-5m-1790991600,1790991600.0,1790991705.0,2026-10-03,Down,3.0513379794349538,0.4,1.0,0.61,0.016653,159.16,True,0.373347,filled,btc,37075141917
btc-updown-5m-1790991600,1790991600.0,1790991705.0,2026-10-03,Down,3.0513379794349538,0.5,1.0,0.61,0.016653,520.95,True,0.373347,filled,btc,37075141917
btc-updown-5m-1790991900,1790991900.0,1790992011.0,2026-10-03,Up,3.6274857864219947,0.3,1.0,,,,False,,book_unavailable,btc,37075141917
btc-updown-5m-1790991900,1790991900.0,1790992011.0,2026-10-03,Up,3.6274857864219947,0.35,1.0,,,,False,,book_unavailable,btc,37075141917
btc-updown-5m-1790991900,1790991900.0,1790992011.0,2026-10-03,Up,3.6274857864219947,0.4,1.0,,,,False,,book_unavailable,btc,37075141917
btc-updown-5m-1790991900,1790991900.0,1790992011.0,2026-10-03,Up,3.6274857864219947,0.5,1.0,,,,False,,book_unavailable,btc,37075141917
btc-updown-5m-1790992200,1790992200.0,1790992289.0,2026-10-03,Down,3.1885513915297423,0.3,1.0,0.87,0.007917,9.85,True,0.122083,filled,btc,37075141917
btc-updown-5m-1790992200,1790992200.0,1790992289.0,2026-10-03,Down,3.1885513915297423,0.35,1.0,0.87,0.007917,255.0,True,0.122083,filled,btc,37075141917
btc-updown-5m-1790992200,1790992200.0,1790992289.0,2026-10-03,Down,3.1885513915297423,0.4,1.0,0.87,0.007917,183.66,True,0.122083,filled,btc,37075141917
btc-updown-5m-1790992200,1790992200.0,1790992289.0,2026-10-03,Down,3.1885513915297423,0.5,1.0,0.87,0.007917,110.0,True,0.122083,filled,btc,37075141917
btc-updown-5m-1790992500,1790992500.0,1790992739.0,2026-10-03,Up,21.944821960412405,0.3,1.0,,,,False,,book_unavailable,btc,37075141917
btc-updown-5m-1790992500,1790992500.0,1790992739.0,2026-10-03,Up,21.944821960412405,0.35,1.0,,,,False,,book_unavailable,btc,37075141917
btc-updown-5m-1790992500,1790992500.0,1790992739.0,2026-10-03,Up,21.944821960412405,0.4,1.0,,,,False,,book_unavailable,btc,37075141917
btc-updown-5m-1790992500,1790992500.0,1790992739.0,2026-10-03,Up,21.944821960412405,0.5,1.0,,,,False,,book_unavailable,btc,37075141917
btc-updown-5m-1790993100,1790993100.0,1790993198.0,2026-10-03,Down,6.2906872845703825,0.3,1.0,0.94,0.003948000000000004,512.89,True,0.056052000000000046,filled,btc,37075141917
btc-updown-5m-1790993100,1790993100.0,1790993198.0,2026-10-03,Down,6.2906872845703825,0.35,1.0,0.94,0.003948000000000004,522.89,True,0.056052000000000046,filled,btc,37075141917
btc-updown-5m-1790993100,1790993100.0,1790993198.0,2026-10-03,Down,6.2906872845703825,0.4,1.0,0.94,0.003948000000000004,722.89,True,0.056052000000000046,filled,btc,37075141917
btc-updown-5m-1790993100,1790993100.0,1790993198.0,2026-10-03,Down,6.2906872845703825,0.5,1.0,0.94,0.003948000000000004,772.89,True,0.056052000000000046,filled,btc,37075141917
btc-updown-5m-1790993400,1790993400.0,1790993544.0,2026-10-03,Up,4.047030148659098,0.3,1.0,,,,False,,book_unavailable,btc,37075141917
btc-updown-5m-1790993400,1790993400.0,1790993544.0,2026-10-03,Up,4.047030148659098,0.35,1.0,,,,False,,book_unavailable,btc,37075141917
btc-updown-5m-1790993400,1790993400.0,1790993544.0,2026-10-03,Up,4.047030148659098,0.4,1.0,,,,False,,book_unavailable,btc,37075141917
btc-updown-5m-1790993400,1790993400.0,1790993544.0,2026-10-03,Up,4.047030148659098,0.5,1.0,,,,False,,book_unavailable,btc,37075141917
btc-updown-5m-1790993700,1790993700.0,1790993826.0,2026-10-03,Up,7.436513456426468,0.3,1.0,0.96,0.002688000000000003,690.54,True,0.03731200000000003,filled,btc,37075141917
btc-updown-5m-1790993700,1790993700.0,1790993826.0,2026-10-03,Up,7.436513456426468,0.35,1.0,0.96,0.002688000000000003,799.49,True,0.03731200000000003,filled,btc,37075141917
btc-updown-5m-1790993700,1790993700.0,1790993826.0,2026-10-03,Up,7.436513456426468,0.4,1.0,0.96,0.002688000000000003,819.49,True,0.03731200000000003,filled,btc,37075141917
btc-updown-5m-1790993700,1790993700.0,1790993826.0,2026-10-03,Up,7.436513456426468,0.5,1.0,0.96,0.002688000000000003,736.91,True,0.03731200000000003,filled,btc,37075141917
btc-updown-5m-1790994000,1790994000.0,1790994062.0,2026-10-03,Up,5.503702733634198,0.3,0.0,,,,False,,book_unavailable,btc,37075141917
btc-updown-5m-1790994000,1790994000.0,1790994062.0,2026-10-03,Up,5.503702733634198,0.35,0.0,,,,False,,book_unavailable,btc,37075141917
btc-updown-5m-1790994000,1790994000.0,1790994062.0,2026-10-03,Up,5.503702733634198,0.4,0.0,,,,False,,book_unavailable,btc,37075141917
btc-updown-5m-1790994000,1790994000.0,1790994062.0,2026-10-03,Up,5.503702733634198,0.5,0.0,,,,False,,book_unavailable,btc,37075141917
btc-updown-5m-1790994300,1790994300.0,1790994375.0,2026-10-03,Up,5.030127579401111,0.3,1.0,,,,False,,book_unavailable,btc,37075141917
btc-updown-5m-1790994300,1790994300.0,1790994375.0,2026-10-03,Up,5.030127579401111,0.35,1.0,,,,False,,book_unavailable,btc,37075141917
btc-updown-5m-1790994300,1790994300.0,1790994375.0,2026-10-03,Up,5.030127579401111,0.4,1.0,,,,False,,book_unavailable,btc,37075141917
btc-updown-5m-1790994300,1790994300.0,1790994375.0,2026-10-03,Up,5.030127579401111,0.5,1.0,,,,False,,book_unavailable,btc,37075141917
btc-updown-5m-1790994600,1790994600.0,1790994788.0,2026-10-03,Up,3.1818053922303244,0.3,1.0,0.46,0.017388000000000004,5.0,True,0.5226120000000001,filled,btc,37075141917
btc-updown-5m-1790994600,1790994600.0,1790994788.0,2026-10-03,Up,3.1818053922303244,0.35,1.0,0.46,0.017388000000000004,5.0,True,0.5226120000000001,filled,btc,37075141917
btc-updown-5m-1790994600,1790994600.0,1790994788.0,2026-10-03,Up,3.1818053922303244,0.4,1.0,0.46,0.017388000000000004,5.0,True,0.5226120000000001,filled,btc,37075141917
btc-updown-5m-1790994600,1790994600.0,1790994788.0,2026-10-03,Up,3.1818053922303244,0.5,1.0,0.46,0.017388000000000004,5.0,True,0.5226120000000001,filled,btc,37075141917
btc-updown-5m-1790995200,1790995200.0,1790995337.0,2026-10-03,Up,3.77961734079179,0.3,1.0,0.85,0.008925000000000002,5.0,True,0.141075,filled,btc,37075141917
btc-updown-5m-1790995200,1790995200.0,1790995337.0,2026-10-03,Up,3.77961734079179,0.35,1.0,0.85,0.008925000000000002,5.0,True,0.141075,filled,btc,37075141917
btc-updown-5m-1790995200,1790995200.0,1790995337.0,2026-10-03,Up,3.77961734079179,0.4,1.0,0.85,0.008925000000000002,5.0,True,0.141075,filled,btc,37075141917
btc-updown-5m-1790995200,1790995200.0,1790995337.0,2026-10-03,Up,3.77961734079179,0.5,1.0,0.85,0.008925000000000002,7.0,True,0.141075,filled,btc,37075141917
btc-updown-5m-1790995500,1790995500.0,1790995605.0,2026-10-03,Down,6.48779178399634,0.3,1.0,0.9299999999999999,0.004557000000000005,922.96,True,0.06544300000000006,filled,btc,37075141917
btc-updown-5m-1790995500,1790995500.0,1790995605.0,2026-10-03,Down,6.48779178399634,0.35,1.0,0.9299999999999999,0.004557000000000005,947.96,True,0.06544300000000006,filled,btc,37075141917
btc-updown-5m-1790995500,1790995500.0,1790995605.0,2026-10-03,Down,6.48779178399634,0.4,1.0,0.9299999999999999,0.004557000000000005,854.96,True,0.06544300000000006,filled,btc,37075141917
btc-updown-5m-1790995500,1790995500.0,1790995605.0,2026-10-03,Down,6.48779178399634,0.5,1.0,0.9299999999999999,0.004557000000000005,839.96,True,0.06544300000000006,filled,btc,37075141917
btc-updown-5m-1790995800,1790995800.0,1790995869.0,2026-10-03,Down,4.079694365454376,0.3,1.0,0.74,0.013468000000000003,49.18,True,0.246532,filled,btc,37075141917
btc-updown-5m-1790995800,1790995800.0,1790995869.0,2026-10-03,Down,4.079694365454376,0.35,1.0,0.74,0.013468000000000003,49.18,True,0.246532,filled,btc,37075141917
btc-updown-5m-1790995800,1790995800.0,1790995869.0,2026-10-03,Down,4.079694365454376,0.4,1.0,0.74,0.013468000000000003,39.18,True,0.246532,filled,btc,37075141917
btc-updown-5m-1790995800,1790995800.0,1790995869.0,2026-10-03,Down,4.079694365454376,0.5,1.0,0.74,0.013468000000000003,34.18,True,0.246532,filled,btc,37075141917
btc-updown-5m-1790996100,1790996100.0,1790996171.0,2026-10-03,Down,3.1360117023902547,0.3,1.0,0.85,0.008925000000000002,20.0,True,0.141075,filled,btc,37075141917
btc-updown-5m-1790996100,1790996100.0,1790996171.0,2026-10-03,Down,3.1360117023902547,0.35,1.0,0.85,0.008925000000000002,20.0,True,0.141075,filled,btc,37075141917
btc-updown-5m-1790996100,1790996100.0,1790996171.0,2026-10-03,Down,3.1360117023902547,0.4,1.0,0.85,0.008925000000000002,20.0,True,0.141075,filled,btc,37075141917
btc-updown-5m-1790996100,1790996100.0,1790996171.0,2026-10-03,Down,3.1360117023902547,0.5,1.0,0.85,0.008925000000000002,57.0,True,0.141075,filled,btc,37075141917
btc-updown-5m-1790996400,1790996400.0,1790996547.0,2026-10-03,Up,7.019333579498431,0.3,1.0,,,,False,,book_unavailable,btc,37075141917
btc-updown-5m-1790996400,1790996400.0,1790996547.0,2026-10-03,Up,7.019333579498431,0.35,1.0,,,,False,,book_unavailable,btc,37075141917
btc-updown-5m-1790996400,1790996400.0,1790996547.0,2026-10-03,Up,7.019333579498431,0.4,1.0,,,,False,,book_unavailable,btc,37075141917
btc-updown-5m-1790996400,1790996400.0,1790996547.0,2026-10-03,Up,7.019333579498431,0.5,1.0,,,,False,,book_unavailable,btc,37075141917
btc-updown-5m-1790996700,1790996700.0,1790996918.0,2026-10-03,Down,2.790517902527164,0.3,1.0,,,,False,,book_unavailable,btc,37075141917
btc-updown-5m-1790996700,1790996700.0,1790996918.0,2026-10-03,Down,2.790517902527164,0.35,1.0,,,,False,,book_unavailable,btc,37075141917
btc-updown-5m-1790996700,1790996700.0,1790996918.0,2026-10-03,Down,2.790517902527164,0.4,1.0,,,,False,,book_unavailable,btc,37075141917
btc-updown-5m-1790996700,1790996700.0,1790996918.0,2026-10-03,Down,2.790517902527164,0.5,1.0,,,,False,,book_unavailable,btc,37075141917
btc-updown-5m-1790997000,1790997000.0,1790997102.0,2026-10-03,Down,3.099195450084383,0.3,1.0,0.92,0.005151999999999999,45.0,True,0.07484799999999996,filled,btc,37075141917
btc-updown-5m-1790997000,1790997000.0,1790997102.0,2026-10-03,Down,3.099195450084383,0.35,1.0,0.92,0.005151999999999999,85.0,True,0.07484799999999996,filled,btc,37075141917
btc-updown-5m-1790997000,1790997000.0,1790997102.0,2026-10-03,Down,3.099195450084383,0.4,1.0,0.92,0.005151999999999999,95.0,True,0.07484799999999996,filled,btc,37075141917
btc-updown-5m-1790997000,1790997000.0,1790997102.0,2026-10-03,Down,3.099195450084383,0.5,1.0,0.92,0.005151999999999999,43.71,True,0.07484799999999996,filled,btc,37075141917
btc-updown-5m-1790997300,1790997300.0,1790997360.0,2026-10-03,Up,11.730310945637084,0.3,1.0,0.95,0.0033250000000000033,109.85,True,0.04667500000000004,filled,btc,37075141917
btc-updown-5m-1790997300,1790997300.0,1790997360.0,2026-10-03,Up,11.730310945637084,0.35,1.0,0.96,0.002688000000000003,471.0,True,0.03731200000000003,filled,btc,37075141917
btc-updown-5m-1790997300,1790997300.0,1790997360.0,2026-10-03,Up,11.730310945637084,0.4,1.0,0.96,0.002688000000000003,539.85,True,0.03731200000000003,filled,btc,37075141917
btc-updown-5m-1790997300,1790997300.0,1790997360.0,2026-10-03,Up,11.730310945637084,0.5,1.0,0.96,0.002688000000000003,519.85,True,0.03731200000000003,filled,btc,37075141917
btc-updown-5m-1791000900,1791000900.0,1791000960.0,2026-10-03,Down,3.477269158036803,0.3,1.0,0.86,0.008428000000000001,175.0,True,0.13157200000000002,filled,btc,37095301195
btc-updown-5m-1791000900,1791000900.0,1791000960.0,2026-10-03,Down,3.477269158036803,0.35,1.0,0.86,0.008428000000000001,62.14,True,0.13157200000000002,filled,btc,37095301195
btc-updown-5m-1791000900,1791000900.0,1791000960.0,2026-10-03,Down,3.477269158036803,0.4,1.0,0.86,0.008428000000000001,342.13,True,0.13157200000000002,filled,btc,37095301195
btc-updown-5m-1791000900,1791000900.0,1791000960.0,2026-10-03,Down,3.477269158036803,0.5,1.0,0.86,0.008428000000000001,77.13,True,0.13157200000000002,filled,btc,37095301195
btc-updown-5m-1791001200,1791001200.0,1791001353.0,2026-10-03,Down,4.060800555923099,0.3,1.0,0.97,0.002037000000000002,1121.48,True,0.027963000000000026,filled,btc,37095301195
btc-updown-5m-1791001200,1791001200.0,1791001353.0,2026-10-03,Down,4.060800555923099,0.35,1.0,0.97,0.002037000000000002,1119.19,True,0.027963000000000026,filled,btc,37095301195
btc-updown-5m-1791001200,1791001200.0,1791001353.0,2026-10-03,Down,4.060800555923099,0.4,1.0,0.97,0.002037000000000002,1118.1,True,0.027963000000000026,filled,btc,37095301195
btc-updown-5m-1791001200,1791001200.0,1791001353.0,2026-10-03,Down,4.060800555923099,0.5,1.0,0.97,0.002037000000000002,1123.1,True,0.027963000000000026,filled,btc,37095301195
btc-updown-5m-1791001500,1791001500.0,1791001650.0,2026-10-03,Down,5.296282944486048,0.3,1.0,0.98,0.0013720000000000015,362.42,True,0.018628000000000016,filled,btc,37095301195
btc-updown-5m-1791001500,1791001500.0,1791001650.0,2026-10-03,Down,5.296282944486048,0.35,1.0,0.98,0.0013720000000000015,362.42,True,0.018628000000000016,filled,btc,37095301195
btc-updown-5m-1791001500,1791001500.0,1791001650.0,2026-10-03,Down,5.296282944486048,0.4,1.0,0.98,0.0013720000000000015,362.42,True,0.018628000000000016,filled,btc,37095301195
btc-updown-5m-1791001500,1791001500.0,1791001650.0,2026-10-03,Down,5.296282944486048,0.5,1.0,0.98,0.0013720000000000015,362.42,True,0.018628000000000016,filled,btc,37095301195
btc-updown-5m-1791001800,1791001800.0,1791001900.0,2026-10-03,Up,2.5366645355394675,0.3,1.0,0.92,0.005151999999999999,870.29,True,0.07484799999999996,filled,btc,37095301195
btc-updown-5m-1791001800,1791001800.0,1791001900.0,2026-10-03,Up,2.5366645355394675,0.35,1.0,0.91,0.0057329999999999985,344.68,True,0.08426699999999997,filled,btc,37095301195
btc-updown-5m-1791001800,1791001800.0,1791001900.0,2026-10-03,Up,2.5366645355394675,0.4,1.0,0.91,0.0057329999999999985,309.69,True,0.08426699999999997,filled,btc,37095301195
btc-updown-5m-1791001800,1791001800.0,1791001900.0,2026-10-03,Up,2.5366645355394675,0.5,1.0,0.91,0.0057329999999999985,339.69,True,0.08426699999999997,filled,btc,37095301195
btc-updown-5m-1791002100,1791002100.0,1791002363.0,2026-10-03,Up,8.032546164384602,0.3,1.0,0.91,0.0057329999999999985,243.57,True,0.08426699999999997,filled,btc,37095301195
btc-updown-5m-1791002100,1791002100.0,1791002363.0,2026-10-03,Up,8.032546164384602,0.35,1.0,0.91,0.0057329999999999985,43.77,True,0.08426699999999997,filled,btc,37095301195
btc-updown-5m-1791002100,1791002100.0,1791002363.0,2026-10-03,Up,8.032546164384602,0.4,1.0,0.91,0.0057329999999999985,197.46,True,0.08426699999999997,filled,btc,37095301195
btc-updown-5m-1791002100,1791002100.0,1791002363.0,2026-10-03,Up,8.032546164384602,0.5,1.0,0.95,0.0033250000000000033,5.0,True,0.04667500000000004,filled,btc,37095301195
btc-updown-5m-1791002400,1791002400.0,1791002541.0,2026-10-03,Down,9.975669059902136,0.3,0.0,0.91,0.0057329999999999985,103.0,True,-0.915733,filled,btc,37095301195
btc-updown-5m-1791002400,1791002400.0,1791002541.0,2026-10-03,Down,9.975669059902136,0.35,0.0,0.91,0.0057329999999999985,181.79,True,-0.915733,filled,btc,37095301195
btc-updown-5m-1791002400,1791002400.0,1791002541.0,2026-10-03,Down,9.975669059902136,0.4,0.0,0.91,0.0057329999999999985,329.36,True,-0.915733,filled,btc,37095301195
btc-updown-5m-1791002400,1791002400.0,1791002541.0,2026-10-03,Down,9.975669059902136,0.5,0.0,0.91,0.0057329999999999985,593.01,True,-0.915733,filled,btc,37095301195
btc-updown-5m-1791002700,1791002700.0,1791002871.0,2026-10-03,Up,3.234317110413894,0.3,1.0,0.99,,2238.3,False,,outside_frozen_price_band,btc,37095301195
btc-updown-5m-1791002700,1791002700.0,1791002871.0,2026-10-03,Up,3.234317110413894,0.35,1.0,0.99,,2238.3,False,,outside_frozen_price_band,btc,37095301195
btc-updown-5m-1791002700,1791002700.0,1791002871.0,2026-10-03,Up,3.234317110413894,0.4,1.0,0.99,,2238.3,False,,outside_frozen_price_band,btc,37095301195
btc-updown-5m-1791002700,1791002700.0,1791002871.0,2026-10-03,Up,3.234317110413894,0.5,1.0,0.99,,2233.3,False,,outside_frozen_price_band,btc,37095301195
btc-updown-5m-1791003000,1791003000.0,1791003166.0,2026-10-03,Up,5.1694855001502455,0.3,0.0,0.36,0.016128,10.02,True,-0.37612799999999996,filled,btc,37095301195
btc-updown-5m-1791003000,1791003000.0,1791003166.0,2026-10-03,Up,5.1694855001502455,0.35,0.0,0.36,0.016128,42.02,True,-0.37612799999999996,filled,btc,37095301195
btc-updown-5m-1791003000,1791003000.0,1791003166.0,2026-10-03,Up,5.1694855001502455,0.4,0.0,0.36,0.016128,57.0,True,-0.37612799999999996,filled,btc,37095301195
btc-updown-5m-1791003000,1791003000.0,1791003166.0,2026-10-03,Up,5.1694855001502455,0.5,0.0,0.36,0.016128,35.0,True,-0.37612799999999996,filled,btc,37095301195
btc-updown-5m-1791003300,1791003300.0,1791003477.0,2026-10-03,Down,6.952568142385302,0.3,1.0,,,,False,,book_unavailable,btc,37095301195
btc-updown-5m-1791003300,1791003300.0,1791003477.0,2026-10-03,Down,6.952568142385302,0.35,1.0,,,,False,,book_unavailable,btc,37095301195
btc-updown-5m-1791003300,1791003300.0,1791003477.0,2026-10-03,Down,6.952568142385302,0.4,1.0,,,,False,,book_unavailable,btc,37095301195
btc-updown-5m-1791003300,1791003300.0,1791003477.0,2026-10-03,Down,6.952568142385302,0.5,1.0,,,,False,,book_unavailable,btc,37095301195
btc-updown-5m-1791003600,1791003600.0,1791003683.0,2026-10-03,Down,3.707667151613,0.3,1.0,0.91,0.0057329999999999985,124.7,True,0.08426699999999997,filled,btc,37095301195
btc-updown-5m-1791003600,1791003600.0,1791003683.0,2026-10-03,Down,3.707667151613,0.35,1.0,0.91,0.0057329999999999985,721.65,True,0.08426699999999997,filled,btc,37095301195
btc-updown-5m-1791003600,1791003600.0,1791003683.0,2026-10-03,Down,3.707667151613,0.4,1.0,0.91,0.0057329999999999985,758.94,True,0.08426699999999997,filled,btc,37095301195
btc-updown-5m-1791003600,1791003600.0,1791003683.0,2026-10-03,Down,3.707667151613,0.5,1.0,0.91,0.0057329999999999985,828.94,True,0.08426699999999997,filled,btc,37095301195
btc-updown-5m-1791004500,1791004500.0,1791004668.0,2026-10-03,Up,4.652587584353625,0.3,1.0,0.97,0.002037000000000002,427.33,True,0.027963000000000026,filled,btc,37095301195
btc-updown-5m-1791004500,1791004500.0,1791004668.0,2026-10-03,Up,4.652587584353625,0.35,1.0,0.97,0.002037000000000002,415.26,True,0.027963000000000026,filled,btc,37095301195
btc-updown-5m-1791004500,1791004500.0,1791004668.0,2026-10-03,Up,4.652587584353625,0.4,1.0,0.97,0.002037000000000002,414.22,True,0.027963000000000026,filled,btc,37095301195
btc-updown-5m-1791004500,1791004500.0,1791004668.0,2026-10-03,Up,4.652587584353625,0.5,1.0,0.97,0.002037000000000002,601.08,True,0.027963000000000026,filled,btc,37095301195
btc-updown-5m-1791004800,1791004800.0,1791004931.0,2026-10-03,Up,17.0901269756627,0.3,1.0,0.92,0.005151999999999999,35.0,True,0.07484799999999996,filled,btc,37095301195
btc-updown-5m-1791004800,1791004800.0,1791004931.0,2026-10-03,Up,17.0901269756627,0.35,1.0,0.92,0.005151999999999999,55.0,True,0.07484799999999996,filled,btc,37095301195
btc-updown-5m-1791004800,1791004800.0,1791004931.0,2026-10-03,Up,17.0901269756627,0.4,1.0,0.92,0.005151999999999999,55.0,True,0.07484799999999996,filled,btc,37095301195
btc-updown-5m-1791004800,1791004800.0,1791004931.0,2026-10-03,Up,17.0901269756627,0.5,1.0,0.92,0.005151999999999999,95.94,True,0.07484799999999996,filled,btc,37095301195
btc-updown-5m-1791005100,1791005100.0,1791005246.0,2026-10-03,Up,5.365003166907202,0.3,1.0,0.88,0.007392000000000001,27.27,True,0.112608,filled,btc,37095301195
btc-updown-5m-1791005100,1791005100.0,1791005246.0,2026-10-03,Up,5.365003166907202,0.35,1.0,0.88,0.007392000000000001,134.27,True,0.112608,filled,btc,37095301195
btc-updown-5m-1791005100,1791005100.0,1791005246.0,2026-10-03,Up,5.365003166907202,0.4,1.0,0.88,0.007392000000000001,134.27,True,0.112608,filled,btc,37095301195
btc-updown-5m-1791005100,1791005100.0,1791005246.0,2026-10-03,Up,5.365003166907202,0.5,1.0,0.88,0.007392000000000001,16.9,True,0.112608,filled,btc,37095301195
btc-updown-5m-1791005400,1791005400.0,1791005462.0,2026-10-03,Up,5.322403259979473,0.3,1.0,0.84,0.009408000000000003,255.59,True,0.15059200000000003,filled,btc,37095301195
btc-updown-5m-1791005400,1791005400.0,1791005462.0,2026-10-03,Up,5.322403259979473,0.35,1.0,0.84,0.009408000000000003,280.59,True,0.15059200000000003,filled,btc,37095301195
btc-updown-5m-1791005400,1791005400.0,1791005462.0,2026-10-03,Up,5.322403259979473,0.4,1.0,0.84,0.009408000000000003,270.59,True,0.15059200000000003,filled,btc,37095301195
btc-updown-5m-1791005400,1791005400.0,1791005462.0,2026-10-03,Up,5.322403259979473,0.5,1.0,0.84,0.009408000000000003,271.0,True,0.15059200000000003,filled,btc,37095301195
btc-updown-5m-1791006300,1791006300.0,1791006425.0,2026-10-03,Up,187.74462940921526,0.3,1.0,0.84,0.009408000000000003,214.29,True,0.15059200000000003,filled,btc,37095301195
btc-updown-5m-1791006300,1791006300.0,1791006425.0,2026-10-03,Up,187.74462940921526,0.35,1.0,0.83,0.009877000000000004,20.76,True,0.16012300000000004,filled,btc,37095301195
btc-updown-5m-1791006300,1791006300.0,1791006425.0,2026-10-03,Up,187.74462940921526,0.4,1.0,0.83,0.009877000000000004,99.3,True,0.16012300000000004,filled,btc,37095301195
btc-updown-5m-1791006300,1791006300.0,1791006425.0,2026-10-03,Up,187.74462940921526,0.5,1.0,0.83,0.009877000000000004,30.0,True,0.16012300000000004,filled,btc,37095301195
btc-updown-5m-1791006600,1791006600.0,1791006661.0,2026-10-03,Down,4.069541908534402,0.3,1.0,0.79,0.011613,193.7,True,0.19838699999999995,filled,btc,37095301195
btc-updown-5m-1791006600,1791006600.0,1791006661.0,2026-10-03,Down,4.069541908534402,0.35,1.0,0.79,0.011613,193.7,True,0.19838699999999995,filled,btc,37095301195
btc-updown-5m-1791006600,1791006600.0,1791006661.0,2026-10-03,Down,4.069541908534402,0.4,1.0,0.79,0.011613,176.18,True,0.19838699999999995,filled,btc,37095301195
btc-updown-5m-1791006600,1791006600.0,1791006661.0,2026-10-03,Down,4.069541908534402,0.5,1.0,0.79,0.011613,151.18,True,0.19838699999999995,filled,btc,37095301195
btc-updown-5m-1791007500,1791007500.0,1791007681.0,2026-10-03,Up,2.83497000953312,0.3,1.0,0.49,0.017493,11.31,True,0.49250700000000003,filled,btc,37095301195
btc-updown-5m-1791007500,1791007500.0,1791007681.0,2026-10-03,Up,2.83497000953312,0.35,1.0,0.49,0.017493,11.31,True,0.49250700000000003,filled,btc,37095301195
btc-updown-5m-1791007500,1791007500.0,1791007681.0,2026-10-03,Up,2.83497000953312,0.4,1.0,0.48,0.017472,5.0,True,0.502528,filled,btc,37095301195
btc-updown-5m-1791007500,1791007500.0,1791007681.0,2026-10-03,Up,2.83497000953312,0.5,1.0,0.48,0.017472,120.08,True,0.502528,filled,btc,37095301195
btc-updown-5m-1791007800,1791007800.0,1791007950.0,2026-10-03,Down,6.248516822888343,0.3,1.0,0.97,0.002037000000000002,306.99,True,0.027963000000000026,filled,btc,37095301195
btc-updown-5m-1791007800,1791007800.0,1791007950.0,2026-10-03,Down,6.248516822888343,0.35,1.0,0.97,0.002037000000000002,306.99,True,0.027963000000000026,filled,btc,37095301195
btc-updown-5m-1791007800,1791007800.0,1791007950.0,2026-10-03,Down,6.248516822888343,0.4,1.0,0.97,0.002037000000000002,306.99,True,0.027963000000000026,filled,btc,37095301195
btc-updown-5m-1791007800,1791007800.0,1791007950.0,2026-10-03,Down,6.248516822888343,0.5,1.0,0.97,0.002037000000000002,306.99,True,0.027963000000000026,filled,btc,37095301195
btc-updown-5m-1791008100,1791008100.0,1791008228.0,2026-10-03,Up,2.5312445218571678,0.3,1.0,0.87,0.007917,169.0,True,0.122083,filled,btc,37095301195
btc-updown-5m-1791008100,1791008100.0,1791008228.0,2026-10-03,Up,2.5312445218571678,0.35,1.0,0.87,0.007917,197.04,True,0.122083,filled,btc,37095301195
btc-updown-5m-1791008100,1791008100.0,1791008228.0,2026-10-03,Up,2.5312445218571678,0.4,1.0,0.87,0.007917,219.57,True,0.122083,filled,btc,37095301195
btc-updown-5m-1791008100,1791008100.0,1791008228.0,2026-10-03,Up,2.5312445218571678,0.5,1.0,0.87,0.007917,197.04,True,0.122083,filled,btc,37095301195
btc-updown-5m-1791008400,1791008400.0,1791008536.0,2026-10-03,Down,6.290929183374898,0.3,1.0,,,,False,,book_unavailable,btc,37095301195
btc-updown-5m-1791008400,1791008400.0,1791008536.0,2026-10-03,Down,6.290929183374898,0.35,1.0,,,,False,,book_unavailable,btc,37095301195
btc-updown-5m-1791008400,1791008400.0,1791008536.0,2026-10-03,Down,6.290929183374898,0.4,1.0,,,,False,,book_unavailable,btc,37095301195
btc-updown-5m-1791008400,1791008400.0,1791008536.0,2026-10-03,Down,6.290929183374898,0.5,1.0,,,,False,,book_unavailable,btc,37095301195
btc-updown-5m-1791008700,1791008700.0,1791008770.0,2026-10-03,Up,5.27444996027513,0.3,1.0,0.81,0.010772999999999998,1024.56,True,0.17922699999999994,filled,btc,37095301195
btc-updown-5m-1791008700,1791008700.0,1791008770.0,2026-10-03,Up,5.27444996027513,0.35,1.0,0.81,0.010772999999999998,1039.56,True,0.17922699999999994,filled,btc,37095301195
btc-updown-5m-1791008700,1791008700.0,1791008770.0,2026-10-03,Up,5.27444996027513,0.4,1.0,0.81,0.010772999999999998,1030.86,True,0.17922699999999994,filled,btc,37095301195
btc-updown-5m-1791008700,1791008700.0,1791008770.0,2026-10-03,Up,5.27444996027513,0.5,1.0,0.81,0.010772999999999998,1032.15,True,0.17922699999999994,filled,btc,37095301195
btc-updown-5m-1791009000,1791009000.0,1791009094.0,2026-10-03,Down,2.9475148709604535,0.3,0.0,0.52,0.017472,431.54,True,-0.5374720000000001,filled,btc,37095301195
btc-updown-5m-1791009000,1791009000.0,1791009094.0,2026-10-03,Down,2.9475148709604535,0.35,0.0,0.52,0.017472,139.58,True,-0.5374720000000001,filled,btc,37095301195
btc-updown-5m-1791009000,1791009000.0,1791009094.0,2026-10-03,Down,2.9475148709604535,0.4,0.0,0.52,0.017472,39.59,True,-0.5374720000000001,filled,btc,37095301195
btc-updown-5m-1791009000,1791009000.0,1791009094.0,2026-10-03,Down,2.9475148709604535,0.5,0.0,0.52,0.017472,19.59,True,-0.5374720000000001,filled,btc,37095301195
btc-updown-5m-1791009300,1791009300.0,1791009362.0,2026-10-03,Down,13.819352079268455,0.3,0.0,,,,False,,book_unavailable,btc,37095301195
btc-updown-5m-1791009300,1791009300.0,1791009362.0,2026-10-03,Down,13.819352079268455,0.35,0.0,,,,False,,book_unavailable,btc,37095301195
btc-updown-5m-1791009300,1791009300.0,1791009362.0,2026-10-03,Down,13.819352079268455,0.4,0.0,,,,False,,book_unavailable,btc,37095301195
btc-updown-5m-1791009300,1791009300.0,1791009362.0,2026-10-03,Down,13.819352079268455,0.5,0.0,,,,False,,book_unavailable,btc,37095301195
btc-updown-5m-1791009600,1791009600.0,1791009806.0,2026-10-03,Down,4.669969588264414,0.3,0.0,,,,False,,book_unavailable,btc,37095301195
btc-updown-5m-1791009600,1791009600.0,1791009806.0,2026-10-03,Down,4.669969588264414,0.35,0.0,,,,False,,book_unavailable,btc,37095301195
btc-updown-5m-1791009600,1791009600.0,1791009806.0,2026-10-03,Down,4.669969588264414,0.4,0.0,,,,False,,book_unavailable,btc,37095301195
btc-updown-5m-1791009600,1791009600.0,1791009806.0,2026-10-03,Down,4.669969588264414,0.5,0.0,,,,False,,book_unavailable,btc,37095301195
btc-updown-5m-1791009900,1791009900.0,1791010165.0,2026-10-03,Down,17.40978103261357,0.3,1.0,,,,False,,book_unavailable,btc,37095301195
btc-updown-5m-1791009900,1791009900.0,1791010165.0,2026-10-03,Down,17.40978103261357,0.35,1.0,,,,False,,book_unavailable,btc,37095301195
btc-updown-5m-1791009900,1791009900.0,1791010165.0,2026-10-03,Down,17.40978103261357,0.4,1.0,,,,False,,book_unavailable,btc,37095301195
btc-updown-5m-1791009900,1791009900.0,1791010165.0,2026-10-03,Down,17.40978103261357,0.5,1.0,,,,False,,book_unavailable,btc,37095301195
btc-updown-5m-1791011400,1791011400.0,1791011558.0,2026-10-03,Up,6.200139670338128,0.3,1.0,0.86,0.008428000000000001,67.5,True,0.13157200000000002,filled,btc,37095301195
btc-updown-5m-1791011400,1791011400.0,1791011558.0,2026-10-03,Up,6.200139670338128,0.35,1.0,0.86,0.008428000000000001,165.0,True,0.13157200000000002,filled,btc,37095301195
btc-updown-5m-1791011400,1791011400.0,1791011558.0,2026-10-03,Up,6.200139670338128,0.4,1.0,0.86,0.008428000000000001,210.0,True,0.13157200000000002,filled,btc,37095301195
btc-updown-5m-1791011400,1791011400.0,1791011558.0,2026-10-03,Up,6.200139670338128,0.5,1.0,0.86,0.008428000000000001,162.0,True,0.13157200000000002,filled,btc,37095301195
btc-updown-5m-1791011700,1791011700.0,1791011762.0,2026-10-03,Up,3.070801232478317,0.3,0.0,0.47,0.017437,40.0,True,-0.48743699999999995,filled,btc,37095301195
btc-updown-5m-1791011700,1791011700.0,1791011762.0,2026-10-03,Up,3.070801232478317,0.35,0.0,0.47,0.017437,10.0,True,-0.48743699999999995,filled,btc,37095301195
btc-updown-5m-1791011700,1791011700.0,1791011762.0,2026-10-03,Up,3.070801232478317,0.4,0.0,0.47,0.017437,10.0,True,-0.48743699999999995,filled,btc,37095301195
btc-updown-5m-1791011700,1791011700.0,1791011762.0,2026-10-03,Up,3.070801232478317,0.5,0.0,0.47,0.017437,10.0,True,-0.48743699999999995,filled,btc,37095301195
btc-updown-5m-1791012000,1791012000.0,1791012067.0,2026-10-03,Up,5.067521562888647,0.3,0.0,,,,False,,book_unavailable,btc,37095301195
btc-updown-5m-1791012000,1791012000.0,1791012067.0,2026-10-03,Up,5.067521562888647,0.35,0.0,,,,False,,book_unavailable,btc,37095301195
btc-updown-5m-1791012000,1791012000.0,1791012067.0,2026-10-03,Up,5.067521562888647,0.4,0.0,,,,False,,book_unavailable,btc,37095301195
btc-updown-5m-1791012000,1791012000.0,1791012067.0,2026-10-03,Up,5.067521562888647,0.5,0.0,,,,False,,book_unavailable,btc,37095301195
btc-updown-5m-1791012300,1791012300.0,1791012545.0,2026-10-03,Up,3.729493440681192,0.3,1.0,,,,False,,book_unavailable,btc,37095301195
btc-updown-5m-1791012300,1791012300.0,1791012545.0,2026-10-03,Up,3.729493440681192,0.35,1.0,,,,False,,book_unavailable,btc,37095301195
btc-updown-5m-1791012300,1791012300.0,1791012545.0,2026-10-03,Up,3.729493440681192,0.4,1.0,,,,False,,book_unavailable,btc,37095301195
btc-updown-5m-1791012300,1791012300.0,1791012545.0,2026-10-03,Up,3.729493440681192,0.5,1.0,,,,False,,book_unavailable,btc,37095301195
btc-updown-5m-1791012600,1791012600.0,1791012729.0,2026-10-03,Up,4.751801021842565,0.3,1.0,,,,False,,book_unavailable,btc,37095301195
btc-updown-5m-1791012600,1791012600.0,1791012729.0,2026-10-03,Up,4.751801021842565,0.35,1.0,,,,False,,book_unavailable,btc,37095301195
btc-updown-5m-1791012600,1791012600.0,1791012729.0,2026-10-03,Up,4.751801021842565,0.4,1.0,,,,False,,book_unavailable,btc,37095301195
btc-updown-5m-1791012600,1791012600.0,1791012729.0,2026-10-03,Up,4.751801021842565,0.5,1.0,,,,False,,book_unavailable,btc,37095301195
btc-updown-5m-1791012900,1791012900.0,1791012980.0,2026-10-03,Down,4.5415745792185875,0.3,1.0,0.65,0.015925,916.1,True,0.33407499999999996,filled,btc,37095301195
btc-updown-5m-1791012900,1791012900.0,1791012980.0,2026-10-03,Down,4.5415745792185875,0.35,1.0,0.65,0.015925,1056.96,True,0.33407499999999996,filled,btc,37095301195
btc-updown-5m-1791012900,1791012900.0,1791012980.0,2026-10-03,Down,4.5415745792185875,0.4,1.0,0.65,0.015925,1176.6,True,0.33407499999999996,filled,btc,37095301195
btc-updown-5m-1791012900,1791012900.0,1791012980.0,2026-10-03,Down,4.5415745792185875,0.5,1.0,0.61,0.016653,106.91,True,0.373347,filled,btc,37095301195
btc-updown-5m-1791013200,1791013200.0,1791013260.0,2026-10-03,Down,4.80865050358107,0.3,1.0,0.8200000000000001,0.010331999999999997,353.28,True,0.16966799999999993,filled,btc,37095301195
btc-updown-5m-1791013200,1791013200.0,1791013260.0,2026-10-03,Down,4.80865050358107,0.35,1.0,0.8200000000000001,0.010331999999999997,355.52,True,0.16966799999999993,filled,btc,37095301195
btc-updown-5m-1791013200,1791013200.0,1791013260.0,2026-10-03,Down,4.80865050358107,0.4,1.0,0.8200000000000001,0.010331999999999997,347.39,True,0.16966799999999993,filled,btc,37095301195
btc-updown-5m-1791013200,1791013200.0,1791013260.0,2026-10-03,Down,4.80865050358107,0.5,1.0,0.8200000000000001,0.010331999999999997,205.14,True,0.16966799999999993,filled,btc,37095301195
btc-updown-5m-1791013500,1791013500.0,1791013586.0,2026-10-03,Up,15.289330352466862,0.3,1.0,,,,False,,book_unavailable,btc,37095301195
btc-updown-5m-1791013500,1791013500.0,1791013586.0,2026-10-03,Up,15.289330352466862,0.35,1.0,,,,False,,book_unavailable,btc,37095301195
btc-updown-5m-1791013500,1791013500.0,1791013586.0,2026-10-03,Up,15.289330352466862,0.4,1.0,,,,False,,book_unavailable,btc,37095301195
btc-updown-5m-1791013500,1791013500.0,1791013586.0,2026-10-03,Up,15.289330352466862,0.5,1.0,,,,False,,book_unavailable,btc,37095301195
btc-updown-5m-1791013800,1791013800.0,1791013994.0,2026-10-03,Down,3.049832475677404,0.3,1.0,0.99,,1767.54,False,,outside_frozen_price_band,btc,37095301195
btc-updown-5m-1791013800,1791013800.0,1791013994.0,2026-10-03,Down,3.049832475677404,0.35,1.0,0.99,,1779.31,False,,outside_frozen_price_band,btc,37095301195
btc-updown-5m-1791013800,1791013800.0,1791013994.0,2026-10-03,Down,3.049832475677404,0.4,1.0,0.99,,1748.36,False,,outside_frozen_price_band,btc,37095301195
btc-updown-5m-1791013800,1791013800.0,1791013994.0,2026-10-03,Down,3.049832475677404,0.5,1.0,0.99,,1746.33,False,,outside_frozen_price_band,btc,37095301195
btc-updown-5m-1791014100,1791014100.0,1791014349.0,2026-10-03,Up,3.0535048576788206,0.3,1.0,0.99,,1452.23,False,,outside_frozen_price_band,btc,37095301195
btc-updown-5m-1791014100,1791014100.0,1791014349.0,2026-10-03,Up,3.0535048576788206,0.35,1.0,0.99,,1452.23,False,,outside_frozen_price_band,btc,37095301195
btc-updown-5m-1791014100,1791014100.0,1791014349.0,2026-10-03,Up,3.0535048576788206,0.4,1.0,0.99,,1452.23,False,,outside_frozen_price_band,btc,37095301195
btc-updown-5m-1791014100,1791014100.0,1791014349.0,2026-10-03,Up,3.0535048576788206,0.5,1.0,0.99,,1457.23,False,,outside_frozen_price_band,btc,37095301195
btc-updown-5m-1791014400,1791014400.0,1791014462.0,2026-10-03,Up,4.138551602203847,0.3,1.0,,,,False,,book_unavailable,btc,37095301195
btc-updown-5m-1791014400,1791014400.0,1791014462.0,2026-10-03,Up,4.138551602203847,0.35,1.0,,,,False,,book_unavailable,btc,37095301195
btc-updown-5m-1791014400,1791014400.0,1791014462.0,2026-10-03,Up,4.138551602203847,0.4,1.0,,,,False,,book_unavailable,btc,37095301195
btc-updown-5m-1791014400,1791014400.0,1791014462.0,2026-10-03,Up,4.138551602203847,0.5,1.0,,,,False,,book_unavailable,btc,37095301195
btc-updown-5m-1791014700,1791014700.0,1791014761.0,2026-10-03,Up,2.9496303179730576,0.3,1.0,0.8,0.0112,165.8,True,0.18879999999999997,filled,btc,37095301195
btc-updown-5m-1791014700,1791014700.0,1791014761.0,2026-10-03,Up,2.9496303179730576,0.35,1.0,0.8,0.0112,190.8,True,0.18879999999999997,filled,btc,37095301195
btc-updown-5m-1791014700,1791014700.0,1791014761.0,2026-10-03,Up,2.9496303179730576,0.4,1.0,0.8,0.0112,220.8,True,0.18879999999999997,filled,btc,37095301195
btc-updown-5m-1791014700,1791014700.0,1791014761.0,2026-10-03,Up,2.9496303179730576,0.5,1.0,0.8,0.0112,169.79,True,0.18879999999999997,filled,btc,37095301195
btc-updown-5m-1791015300,1791015300.0,1791015369.0,2026-10-03,Down,5.6536528995949284,0.3,1.0,0.9,0.0063,429.12,True,0.09369999999999998,filled,btc,37095301195
btc-updown-5m-1791015300,1791015300.0,1791015369.0,2026-10-03,Down,5.6536528995949284,0.35,1.0,0.9,0.0063,452.51,True,0.09369999999999998,filled,btc,37095301195
btc-updown-5m-1791015300,1791015300.0,1791015369.0,2026-10-03,Down,5.6536528995949284,0.4,1.0,0.9,0.0063,692.51,True,0.09369999999999998,filled,btc,37095301195
btc-updown-5m-1791015300,1791015300.0,1791015369.0,2026-10-03,Down,5.6536528995949284,0.5,1.0,0.9,0.0063,687.51,True,0.09369999999999998,filled,btc,37095301195
btc-updown-5m-1791015600,1791015600.0,1791015753.0,2026-10-03,Down,3.0195871284710685,0.3,1.0,0.98,0.0013720000000000015,274.65,True,0.018628000000000016,filled,btc,37095301195
btc-updown-5m-1791015600,1791015600.0,1791015753.0,2026-10-03,Down,3.0195871284710685,0.35,1.0,0.98,0.0013720000000000015,274.65,True,0.018628000000000016,filled,btc,37095301195
btc-updown-5m-1791015600,1791015600.0,1791015753.0,2026-10-03,Down,3.0195871284710685,0.4,1.0,0.98,0.0013720000000000015,274.65,True,0.018628000000000016,filled,btc,37095301195
btc-updown-5m-1791015600,1791015600.0,1791015753.0,2026-10-03,Down,3.0195871284710685,0.5,1.0,0.98,0.0013720000000000015,176.65,True,0.018628000000000016,filled,btc,37095301195
btc-updown-5m-1791015900,1791015900.0,1791016022.0,2026-10-03,Down,2.629529141270069,0.3,0.0,0.9299999999999999,0.004557000000000005,1474.04,True,-0.934557,filled,btc,37095301195
btc-updown-5m-1791015900,1791015900.0,1791016022.0,2026-10-03,Down,2.629529141270069,0.35,0.0,0.9299999999999999,0.004557000000000005,1479.04,True,-0.934557,filled,btc,37095301195
btc-updown-5m-1791015900,1791015900.0,1791016022.0,2026-10-03,Down,2.629529141270069,0.4,0.0,0.9299999999999999,0.004557000000000005,1474.04,True,-0.934557,filled,btc,37095301195
btc-updown-5m-1791015900,1791015900.0,1791016022.0,2026-10-03,Down,2.629529141270069,0.5,0.0,0.9299999999999999,0.004557000000000005,1479.04,True,-0.934557,filled,btc,37095301195
btc-updown-5m-1791018000,1791018000.0,1791018202.0,2026-10-03,Up,4.797553379882705,0.3,1.0,,,,False,,book_unavailable,btc,37111395430
btc-updown-5m-1791018000,1791018000.0,1791018202.0,2026-10-03,Up,4.797553379882705,0.35,1.0,,,,False,,book_unavailable,btc,37111395430
btc-updown-5m-1791018000,1791018000.0,1791018202.0,2026-10-03,Up,4.797553379882705,0.4,1.0,,,,False,,book_unavailable,btc,37111395430
btc-updown-5m-1791018000,1791018000.0,1791018202.0,2026-10-03,Up,4.797553379882705,0.5,1.0,,,,False,,book_unavailable,btc,37111395430
btc-updown-5m-1791018300,1791018300.0,1791018564.0,2026-10-03,Up,4.313482141489492,0.3,1.0,0.86,0.008428000000000001,358.57,True,0.13157200000000002,filled,btc,37111395430
btc-updown-5m-1791018300,1791018300.0,1791018564.0,2026-10-03,Up,4.313482141489492,0.35,1.0,0.86,0.008428000000000001,244.26,True,0.13157200000000002,filled,btc,37111395430
btc-updown-5m-1791018300,1791018300.0,1791018564.0,2026-10-03,Up,4.313482141489492,0.4,1.0,,,,False,,book_unavailable,btc,37111395430
btc-updown-5m-1791018300,1791018300.0,1791018564.0,2026-10-03,Up,4.313482141489492,0.5,1.0,,,,False,,book_unavailable,btc,37111395430
btc-updown-5m-1791018600,1791018600.0,1791018834.0,2026-10-03,Down,12.480408524366876,0.3,1.0,,,,False,,book_unavailable,btc,37111395430
btc-updown-5m-1791018600,1791018600.0,1791018834.0,2026-10-03,Down,12.480408524366876,0.35,1.0,,,,False,,book_unavailable,btc,37111395430
btc-updown-5m-1791018600,1791018600.0,1791018834.0,2026-10-03,Down,12.480408524366876,0.4,1.0,,,,False,,book_unavailable,btc,37111395430
btc-updown-5m-1791018600,1791018600.0,1791018834.0,2026-10-03,Down,12.480408524366876,0.5,1.0,,,,False,,book_unavailable,btc,37111395430
btc-updown-5m-1791018900,1791018900.0,1791018991.0,2026-10-03,Down,3.652885220501277,0.3,1.0,0.95,0.0033250000000000033,285.26,True,0.04667500000000004,filled,btc,37111395430
btc-updown-5m-1791018900,1791018900.0,1791018991.0,2026-10-03,Down,3.652885220501277,0.35,1.0,0.95,0.0033250000000000033,285.26,True,0.04667500000000004,filled,btc,37111395430
btc-updown-5m-1791018900,1791018900.0,1791018991.0,2026-10-03,Down,3.652885220501277,0.4,1.0,0.95,0.0033250000000000033,250.26,True,0.04667500000000004,filled,btc,37111395430
btc-updown-5m-1791018900,1791018900.0,1791018991.0,2026-10-03,Down,3.652885220501277,0.5,1.0,0.95,0.0033250000000000033,250.26,True,0.04667500000000004,filled,btc,37111395430
btc-updown-5m-1791019500,1791019500.0,1791019767.0,2026-10-03,Down,4.344285910876147,0.3,1.0,,,,False,,book_unavailable,btc,37111395430
btc-updown-5m-1791019500,1791019500.0,1791019767.0,2026-10-03,Down,4.344285910876147,0.35,1.0,,,,False,,book_unavailable,btc,37111395430
btc-updown-5m-1791019500,1791019500.0,1791019767.0,2026-10-03,Down,4.344285910876147,0.4,1.0,,,,False,,book_unavailable,btc,37111395430
btc-updown-5m-1791019500,1791019500.0,1791019767.0,2026-10-03,Down,4.344285910876147,0.5,1.0,,,,False,,book_unavailable,btc,37111395430
btc-updown-5m-1791021300,1791021300.0,1791021409.0,2026-10-03,Up,686.0238167252471,0.3,1.0,0.85,0.008925000000000002,15.14,True,0.141075,filled,btc,37111395430
btc-updown-5m-1791021300,1791021300.0,1791021409.0,2026-10-03,Up,686.0238167252471,0.35,1.0,0.85,0.008925000000000002,0.54,False,,depth,btc,37111395430
btc-updown-5m-1791021300,1791021300.0,1791021409.0,2026-10-03,Up,686.0238167252471,0.4,1.0,0.85,0.008925000000000002,17.34,True,0.141075,filled,btc,37111395430
btc-updown-5m-1791021300,1791021300.0,1791021409.0,2026-10-03,Up,686.0238167252471,0.5,1.0,0.87,0.007917,10.0,True,0.122083,filled,btc,37111395430
btc-updown-5m-1791021600,1791021600.0,1791021849.0,2026-10-03,Up,3.3426690201230356,0.3,1.0,0.63,0.016317,29.99,True,0.35368299999999997,filled,btc,37111395430
btc-updown-5m-1791021600,1791021600.0,1791021849.0,2026-10-03,Up,3.3426690201230356,0.35,1.0,0.64,0.016128000000000003,5.0,True,0.34387199999999996,filled,btc,37111395430
btc-updown-5m-1791021600,1791021600.0,1791021849.0,2026-10-03,Up,3.3426690201230356,0.4,1.0,0.7,0.014700000000000003,8.16,True,0.28530000000000005,filled,btc,37111395430
btc-updown-5m-1791021600,1791021600.0,1791021849.0,2026-10-03,Up,3.3426690201230356,0.5,1.0,0.8,0.0112,29.36,True,0.18879999999999997,filled,btc,37111395430
btc-updown-5m-1791021900,1791021900.0,1791022080.0,2026-10-03,Down,7.946332697353647,0.3,1.0,0.92,0.005151999999999999,23.86,True,0.07484799999999996,filled,btc,37111395430
btc-updown-5m-1791021900,1791021900.0,1791022080.0,2026-10-03,Down,7.946332697353647,0.35,1.0,0.92,0.005151999999999999,55.79,True,0.07484799999999996,filled,btc,37111395430
btc-updown-5m-1791021900,1791021900.0,1791022080.0,2026-10-03,Down,7.946332697353647,0.4,1.0,0.92,0.005151999999999999,32.96,True,0.07484799999999996,filled,btc,37111395430
btc-updown-5m-1791021900,1791021900.0,1791022080.0,2026-10-03,Down,7.946332697353647,0.5,1.0,0.92,0.005151999999999999,28.15,True,0.07484799999999996,filled,btc,37111395430
btc-updown-5m-1791022200,1791022200.0,1791022445.0,2026-10-03,Down,3.95553616503457,0.3,1.0,0.95,0.0033250000000000033,11.5,True,0.04667500000000004,filled,btc,37111395430
btc-updown-5m-1791022200,1791022200.0,1791022445.0,2026-10-03,Down,3.95553616503457,0.35,1.0,0.95,0.0033250000000000033,128.84,True,0.04667500000000004,filled,btc,37111395430
btc-updown-5m-1791022200,1791022200.0,1791022445.0,2026-10-03,Down,3.95553616503457,0.4,1.0,0.95,0.0033250000000000033,154.57,True,0.04667500000000004,filled,btc,37111395430
btc-updown-5m-1791022200,1791022200.0,1791022445.0,2026-10-03,Down,3.95553616503457,0.5,1.0,0.95,0.0033250000000000033,143.73,True,0.04667500000000004,filled,btc,37111395430
btc-updown-5m-1791022500,1791022500.0,1791022757.0,2026-10-03,Down,7.491567768457934,0.3,1.0,0.99,,469.15,False,,outside_frozen_price_band,btc,37111395430
btc-updown-5m-1791022500,1791022500.0,1791022757.0,2026-10-03,Down,7.491567768457934,0.35,1.0,0.99,,458.02,False,,outside_frozen_price_band,btc,37111395430
btc-updown-5m-1791022500,1791022500.0,1791022757.0,2026-10-03,Down,7.491567768457934,0.4,1.0,0.99,,458.02,False,,outside_frozen_price_band,btc,37111395430
btc-updown-5m-1791022500,1791022500.0,1791022757.0,2026-10-03,Down,7.491567768457934,0.5,1.0,0.99,,336.95,False,,outside_frozen_price_band,btc,37111395430
btc-updown-5m-1791023100,1791023100.0,1791023196.0,2026-10-03,Down,4.908557671056302,0.3,0.0,0.25,0.013125000000000001,121.73,True,-0.263125,filled,btc,37111395430
btc-updown-5m-1791023100,1791023100.0,1791023196.0,2026-10-03,Down,4.908557671056302,0.35,0.0,0.25,0.013125000000000001,25.73,True,-0.263125,filled,btc,37111395430
btc-updown-5m-1791023100,1791023100.0,1791023196.0,2026-10-03,Down,4.908557671056302,0.4,0.0,0.25,0.013125000000000001,1.73,False,,depth,btc,37111395430
btc-updown-5m-1791023100,1791023100.0,1791023196.0,2026-10-03,Down,4.908557671056302,0.5,0.0,0.26,0.013468,30.0,True,-0.273468,filled,btc,37111395430
btc-updown-5m-1791023400,1791023400.0,1791023500.0,2026-10-03,Up,8.835794126205657,0.3,0.0,0.7,0.014700000000000003,113.0,True,-0.7147,filled,btc,37111395430
btc-updown-5m-1791023400,1791023400.0,1791023500.0,2026-10-03,Up,8.835794126205657,0.35,0.0,0.64,0.016128000000000003,60.0,True,-0.656128,filled,btc,37111395430
btc-updown-5m-1791023400,1791023400.0,1791023500.0,2026-10-03,Up,8.835794126205657,0.4,0.0,0.64,0.016128000000000003,60.0,True,-0.656128,filled,btc,37111395430
btc-updown-5m-1791023400,1791023400.0,1791023500.0,2026-10-03,Up,8.835794126205657,0.5,0.0,0.64,0.016128000000000003,4.64,False,,depth,btc,37111395430
btc-updown-5m-1791024300,1791024300.0,1791024372.0,2026-10-03,Up,9.638190896780227,0.3,1.0,0.83,0.009877000000000004,87.34,True,0.16012300000000004,filled,btc,37111395430
btc-updown-5m-1791024300,1791024300.0,1791024372.0,2026-10-03,Up,9.638190896780227,0.35,1.0,0.83,0.009877000000000004,392.07,True,0.16012300000000004,filled,btc,37111395430
btc-updown-5m-1791024300,1791024300.0,1791024372.0,2026-10-03,Up,9.638190896780227,0.4,1.0,0.82,0.010332000000000003,302.53,True,0.16966800000000004,filled,btc,37111395430
btc-updown-5m-1791024300,1791024300.0,1791024372.0,2026-10-03,Up,9.638190896780227,0.5,1.0,0.82,0.010332000000000003,643.58,True,0.16966800000000004,filled,btc,37111395430
btc-updown-5m-1791024600,1791024600.0,1791024829.0,2026-10-03,Up,3.6768182432732464,0.3,1.0,0.98,0.0013720000000000015,921.65,True,0.018628000000000016,filled,btc,37111395430
btc-updown-5m-1791024600,1791024600.0,1791024829.0,2026-10-03,Up,3.6768182432732464,0.35,1.0,0.98,0.0013720000000000015,921.65,True,0.018628000000000016,filled,btc,37111395430
btc-updown-5m-1791024600,1791024600.0,1791024829.0,2026-10-03,Up,3.6768182432732464,0.4,1.0,0.98,0.0013720000000000015,936.65,True,0.018628000000000016,filled,btc,37111395430
btc-updown-5m-1791024600,1791024600.0,1791024829.0,2026-10-03,Up,3.6768182432732464,0.5,1.0,0.98,0.0013720000000000015,921.65,True,0.018628000000000016,filled,btc,37111395430
btc-updown-5m-1791024900,1791024900.0,1791025008.0,2026-10-03,Up,6.586292475482773,0.3,1.0,,,,False,,book_unavailable,btc,37111395430
btc-updown-5m-1791024900,1791024900.0,1791025008.0,2026-10-03,Up,6.586292475482773,0.35,1.0,,,,False,,book_unavailable,btc,37111395430
btc-updown-5m-1791024900,1791024900.0,1791025008.0,2026-10-03,Up,6.586292475482773,0.4,1.0,,,,False,,book_unavailable,btc,37111395430
btc-updown-5m-1791024900,1791024900.0,1791025008.0,2026-10-03,Up,6.586292475482773,0.5,1.0,,,,False,,book_unavailable,btc,37111395430
btc-updown-5m-1791025200,1791025200.0,1791025443.0,2026-10-03,Down,3.4068201935474747,0.3,1.0,,,,False,,book_unavailable,btc,37111395430
btc-updown-5m-1791025200,1791025200.0,1791025443.0,2026-10-03,Down,3.4068201935474747,0.35,1.0,,,,False,,book_unavailable,btc,37111395430
btc-updown-5m-1791025200,1791025200.0,1791025443.0,2026-10-03,Down,3.4068201935474747,0.4,1.0,,,,False,,book_unavailable,btc,37111395430
btc-updown-5m-1791025200,1791025200.0,1791025443.0,2026-10-03,Down,3.4068201935474747,0.5,1.0,,,,False,,book_unavailable,btc,37111395430
btc-updown-5m-1791025800,1791025800.0,1791025884.0,2026-10-03,Down,2.644671656326718,0.3,1.0,0.89,0.006853,37.0,True,0.10314699999999999,filled,btc,37111395430
btc-updown-5m-1791025800,1791025800.0,1791025884.0,2026-10-03,Down,2.644671656326718,0.35,1.0,0.89,0.006853,37.0,True,0.10314699999999999,filled,btc,37111395430
btc-updown-5m-1791025800,1791025800.0,1791025884.0,2026-10-03,Down,2.644671656326718,0.4,1.0,0.9,0.0063,245.9,True,0.09369999999999998,filled,btc,37111395430
btc-updown-5m-1791025800,1791025800.0,1791025884.0,2026-10-03,Down,2.644671656326718,0.5,1.0,0.9,0.0063,212.54,True,0.09369999999999998,filled,btc,37111395430
btc-updown-5m-1791026100,1791026100.0,1791026313.0,2026-10-03,Up,4.017597262013515,0.3,1.0,,,,False,,book_unavailable,btc,37111395430
btc-updown-5m-1791026100,1791026100.0,1791026313.0,2026-10-03,Up,4.017597262013515,0.35,1.0,,,,False,,book_unavailable,btc,37111395430
btc-updown-5m-1791026100,1791026100.0,1791026313.0,2026-10-03,Up,4.017597262013515,0.4,1.0,,,,False,,book_unavailable,btc,37111395430
btc-updown-5m-1791026100,1791026100.0,1791026313.0,2026-10-03,Up,4.017597262013515,0.5,1.0,,,,False,,book_unavailable,btc,37111395430
btc-updown-5m-1791026700,1791026700.0,1791026947.0,2026-10-03,Up,31.499964843407735,0.3,1.0,0.98,0.0013720000000000015,533.51,True,0.018628000000000016,filled,btc,37111395430
btc-updown-5m-1791026700,1791026700.0,1791026947.0,2026-10-03,Up,31.499964843407735,0.35,1.0,0.98,0.0013720000000000015,500.46,True,0.018628000000000016,filled,btc,37111395430
btc-updown-5m-1791026700,1791026700.0,1791026947.0,2026-10-03,Up,31.499964843407735,0.4,1.0,0.98,0.0013720000000000015,536.03,True,0.018628000000000016,filled,btc,37111395430
btc-updown-5m-1791026700,1791026700.0,1791026947.0,2026-10-03,Up,31.499964843407735,0.5,1.0,0.98,0.0013720000000000015,522.54,True,0.018628000000000016,filled,btc,37111395430
btc-updown-5m-1791027900,1791027900.0,1791028057.0,2026-10-03,Up,7.493413614752286,0.3,1.0,0.99,,7752.23,False,,outside_frozen_price_band,btc,37111395430
btc-updown-5m-1791027900,1791027900.0,1791028057.0,2026-10-03,Up,7.493413614752286,0.35,1.0,0.99,,7752.23,False,,outside_frozen_price_band,btc,37111395430
btc-updown-5m-1791027900,1791027900.0,1791028057.0,2026-10-03,Up,7.493413614752286,0.4,1.0,0.99,,7752.23,False,,outside_frozen_price_band,btc,37111395430
btc-updown-5m-1791027900,1791027900.0,1791028057.0,2026-10-03,Up,7.493413614752286,0.5,1.0,0.99,,7742.13,False,,outside_frozen_price_band,btc,37111395430
btc-updown-5m-1791028500,1791028500.0,1791028705.0,2026-10-03,Down,3.2276921356203263,0.3,1.0,0.98,0.0013720000000000015,2616.57,True,0.018628000000000016,filled,btc,37111395430
btc-updown-5m-1791028500,1791028500.0,1791028705.0,2026-10-03,Down,3.2276921356203263,0.35,1.0,0.98,0.0013720000000000015,2442.43,True,0.018628000000000016,filled,btc,37111395430
btc-updown-5m-1791028500,1791028500.0,1791028705.0,2026-10-03,Down,3.2276921356203263,0.4,1.0,0.98,0.0013720000000000015,2554.61,True,0.018628000000000016,filled,btc,37111395430
btc-updown-5m-1791028500,1791028500.0,1791028705.0,2026-10-03,Down,3.2276921356203263,0.5,1.0,0.98,0.0013720000000000015,1367.95,True,0.018628000000000016,filled,btc,37111395430
btc-updown-5m-1791028800,1791028800.0,1791028869.0,2026-10-03,Up,5.894387348781992,0.3,1.0,0.9,0.0063,202.13,True,0.09369999999999998,filled,btc,37111395430
btc-updown-5m-1791028800,1791028800.0,1791028869.0,2026-10-03,Up,5.894387348781992,0.35,1.0,0.9,0.0063,172.13,True,0.09369999999999998,filled,btc,37111395430
btc-updown-5m-1791028800,1791028800.0,1791028869.0,2026-10-03,Up,5.894387348781992,0.4,1.0,0.9,0.0063,192.13,True,0.09369999999999998,filled,btc,37111395430
btc-updown-5m-1791028800,1791028800.0,1791028869.0,2026-10-03,Up,5.894387348781992,0.5,1.0,0.9,0.0063,171.01,True,0.09369999999999998,filled,btc,37111395430
btc-updown-5m-1791029100,1791029100.0,1791029241.0,2026-10-03,Down,9.746055594233884,0.3,1.0,,,,False,,book_unavailable,btc,37111395430
btc-updown-5m-1791029100,1791029100.0,1791029241.0,2026-10-03,Down,9.746055594233884,0.35,1.0,,,,False,,book_unavailable,btc,37111395430
btc-updown-5m-1791029100,1791029100.0,1791029241.0,2026-10-03,Down,9.746055594233884,0.4,1.0,,,,False,,book_unavailable,btc,37111395430
btc-updown-5m-1791029100,1791029100.0,1791029241.0,2026-10-03,Down,9.746055594233884,0.5,1.0,,,,False,,book_unavailable,btc,37111395430
btc-updown-5m-1791029400,1791029400.0,1791029505.0,2026-10-03,Up,3.088482504750573,0.3,1.0,0.86,0.008428000000000001,232.55,True,0.13157200000000002,filled,btc,37111395430
btc-updown-5m-1791029400,1791029400.0,1791029505.0,2026-10-03,Up,3.088482504750573,0.35,1.0,0.86,0.008428000000000001,232.55,True,0.13157200000000002,filled,btc,37111395430
btc-updown-5m-1791029400,1791029400.0,1791029505.0,2026-10-03,Up,3.088482504750573,0.4,1.0,0.86,0.008428000000000001,232.55,True,0.13157200000000002,filled,btc,37111395430
btc-updown-5m-1791029400,1791029400.0,1791029505.0,2026-10-03,Up,3.088482504750573,0.5,1.0,0.86,0.008428000000000001,232.55,True,0.13157200000000002,filled,btc,37111395430
btc-updown-5m-1791029700,1791029700.0,1791029805.0,2026-10-03,Up,3.6927578173785403,0.3,1.0,0.8,0.0112,24.91,True,0.18879999999999997,filled,btc,37111395430
btc-updown-5m-1791029700,1791029700.0,1791029805.0,2026-10-03,Up,3.6927578173785403,0.35,1.0,0.81,0.010772999999999998,28.0,True,0.17922699999999994,filled,btc,37111395430
btc-updown-5m-1791029700,1791029700.0,1791029805.0,2026-10-03,Up,3.6927578173785403,0.4,1.0,0.81,0.010772999999999998,322.99,True,0.17922699999999994,filled,btc,37111395430
btc-updown-5m-1791029700,1791029700.0,1791029805.0,2026-10-03,Up,3.6927578173785403,0.5,1.0,0.81,0.010772999999999998,103.0,True,0.17922699999999994,filled,btc,37111395430
btc-updown-5m-1791030000,1791030000.0,1791030085.0,2026-10-03,Up,3.274425774055511,0.3,1.0,0.95,0.0033250000000000033,42.25,True,0.04667500000000004,filled,btc,37111395430
btc-updown-5m-1791030000,1791030000.0,1791030085.0,2026-10-03,Up,3.274425774055511,0.35,1.0,0.95,0.0033250000000000033,42.25,True,0.04667500000000004,filled,btc,37111395430
btc-updown-5m-1791030000,1791030000.0,1791030085.0,2026-10-03,Up,3.274425774055511,0.4,1.0,0.95,0.0033250000000000033,42.25,True,0.04667500000000004,filled,btc,37111395430
btc-updown-5m-1791030000,1791030000.0,1791030085.0,2026-10-03,Up,3.274425774055511,0.5,1.0,0.95,0.0033250000000000033,42.25,True,0.04667500000000004,filled,btc,37111395430
btc-updown-5m-1791030300,1791030300.0,1791030398.0,2026-10-03,Up,2.513983921924967,0.3,0.0,0.93,0.004556999999999997,941.71,True,-0.9345570000000001,filled,btc,37111395430
btc-updown-5m-1791030300,1791030300.0,1791030398.0,2026-10-03,Up,2.513983921924967,0.35,0.0,0.93,0.004556999999999997,880.57,True,-0.9345570000000001,filled,btc,37111395430
btc-updown-5m-1791030300,1791030300.0,1791030398.0,2026-10-03,Up,2.513983921924967,0.4,0.0,0.93,0.004556999999999997,680.57,True,-0.9345570000000001,filled,btc,37111395430
btc-updown-5m-1791030300,1791030300.0,1791030398.0,2026-10-03,Up,2.513983921924967,0.5,0.0,0.93,0.004556999999999997,589.66,True,-0.9345570000000001,filled,btc,37111395430
btc-updown-5m-1791030900,1791030900.0,1791031042.0,2026-10-03,Up,2.8334355613180113,0.3,1.0,0.92,0.005151999999999999,234.93,True,0.07484799999999996,filled,btc,37111395430
btc-updown-5m-1791030900,1791030900.0,1791031042.0,2026-10-03,Up,2.8334355613180113,0.35,1.0,0.92,0.005151999999999999,234.93,True,0.07484799999999996,filled,btc,37111395430
btc-updown-5m-1791030900,1791030900.0,1791031042.0,2026-10-03,Up,2.8334355613180113,0.4,1.0,0.92,0.005151999999999999,229.65,True,0.07484799999999996,filled,btc,37111395430
btc-updown-5m-1791030900,1791030900.0,1791031042.0,2026-10-03,Up,2.8334355613180113,0.5,1.0,0.92,0.005151999999999999,229.65,True,0.07484799999999996,filled,btc,37111395430
btc-updown-5m-1791031200,1791031200.0,1791031285.0,2026-10-03,Down,3.9280565490960697,0.3,1.0,0.96,0.002688000000000003,1195.52,True,0.03731200000000003,filled,btc,37111395430
btc-updown-5m-1791031200,1791031200.0,1791031285.0,2026-10-03,Down,3.9280565490960697,0.35,1.0,0.96,0.002688000000000003,1065.1,True,0.03731200000000003,filled,btc,37111395430
btc-updown-5m-1791031200,1791031200.0,1791031285.0,2026-10-03,Down,3.9280565490960697,0.4,1.0,0.96,0.002688000000000003,1044.58,True,0.03731200000000003,filled,btc,37111395430
btc-updown-5m-1791031200,1791031200.0,1791031285.0,2026-10-03,Down,3.9280565490960697,0.5,1.0,0.96,0.002688000000000003,1149.28,True,0.03731200000000003,filled,btc,37111395430
btc-updown-5m-1791031500,1791031500.0,1791031697.0,2026-10-03,Up,2.68767212834137,0.3,1.0,0.95,0.0033250000000000033,184.95,True,0.04667500000000004,filled,btc,37111395430
btc-updown-5m-1791031500,1791031500.0,1791031697.0,2026-10-03,Up,2.68767212834137,0.35,1.0,0.95,0.0033250000000000033,239.95,True,0.04667500000000004,filled,btc,37111395430
btc-updown-5m-1791031500,1791031500.0,1791031697.0,2026-10-03,Up,2.68767212834137,0.4,1.0,0.95,0.0033250000000000033,274.95,True,0.04667500000000004,filled,btc,37111395430
btc-updown-5m-1791031500,1791031500.0,1791031697.0,2026-10-03,Up,2.68767212834137,0.5,1.0,0.95,0.0033250000000000033,494.21,True,0.04667500000000004,filled,btc,37111395430
btc-updown-5m-1791031800,1791031800.0,1791032010.0,2026-10-03,Up,2.7967897107540822,0.3,1.0,0.98,0.0013720000000000015,318.89,True,0.018628000000000016,filled,btc,37111395430
btc-updown-5m-1791031800,1791031800.0,1791032010.0,2026-10-03,Up,2.7967897107540822,0.35,1.0,0.98,0.0013720000000000015,280.68,True,0.018628000000000016,filled,btc,37111395430
btc-updown-5m-1791031800,1791031800.0,1791032010.0,2026-10-03,Up,2.7967897107540822,0.4,1.0,0.98,0.0013720000000000015,279.54,True,0.018628000000000016,filled,btc,37111395430
btc-updown-5m-1791031800,1791031800.0,1791032010.0,2026-10-03,Up,2.7967897107540822,0.5,1.0,0.98,0.0013720000000000015,267.51,True,0.018628000000000016,filled,btc,37111395430
btc-updown-5m-1791032100,1791032100.0,1791032224.0,2026-10-03,Up,4.208917389194341,0.3,1.0,0.97,0.002037000000000002,1178.08,True,0.027963000000000026,filled,btc,37111395430
btc-updown-5m-1791032100,1791032100.0,1791032224.0,2026-10-03,Up,4.208917389194341,0.35,1.0,0.97,0.002037000000000002,1178.08,True,0.027963000000000026,filled,btc,37111395430
btc-updown-5m-1791032100,1791032100.0,1791032224.0,2026-10-03,Up,4.208917389194341,0.4,1.0,0.97,0.002037000000000002,1178.08,True,0.027963000000000026,filled,btc,37111395430
btc-updown-5m-1791032100,1791032100.0,1791032224.0,2026-10-03,Up,4.208917389194341,0.5,1.0,0.97,0.002037000000000002,1168.08,True,0.027963000000000026,filled,btc,37111395430
btc-updown-5m-1791032400,1791032400.0,1791032534.0,2026-10-03,Down,3.348016484437683,0.3,1.0,0.97,0.002037000000000002,747.45,True,0.027963000000000026,filled,btc,37111395430
btc-updown-5m-1791032400,1791032400.0,1791032534.0,2026-10-03,Down,3.348016484437683,0.35,1.0,0.97,0.002037000000000002,747.45,True,0.027963000000000026,filled,btc,37111395430
btc-updown-5m-1791032400,1791032400.0,1791032534.0,2026-10-03,Down,3.348016484437683,0.4,1.0,0.97,0.002037000000000002,747.45,True,0.027963000000000026,filled,btc,37111395430
btc-updown-5m-1791032400,1791032400.0,1791032534.0,2026-10-03,Down,3.348016484437683,0.5,1.0,0.97,0.002037000000000002,747.45,True,0.027963000000000026,filled,btc,37111395430
btc-updown-5m-1791032700,1791032700.0,1791032779.0,2026-10-03,Down,2.8196595303607253,0.3,1.0,0.87,0.007917,1.0,False,,depth,btc,37111395430
btc-updown-5m-1791032700,1791032700.0,1791032779.0,2026-10-03,Down,2.8196595303607253,0.35,1.0,0.87,0.007917,1.0,False,,depth,btc,37111395430
btc-updown-5m-1791032700,1791032700.0,1791032779.0,2026-10-03,Down,2.8196595303607253,0.4,1.0,0.87,0.007917,1.0,False,,depth,btc,37111395430
btc-updown-5m-1791032700,1791032700.0,1791032779.0,2026-10-03,Down,2.8196595303607253,0.5,1.0,0.89,0.006853,5.6,True,0.10314699999999999,filled,btc,37111395430
btc-updown-5m-1791033000,1791033000.0,1791033060.0,2026-10-03,Up,3.470487418729379,0.3,1.0,0.94,0.003948000000000004,173.57,True,0.056052000000000046,filled,btc,37111395430
btc-updown-5m-1791033000,1791033000.0,1791033060.0,2026-10-03,Up,3.470487418729379,0.35,1.0,0.94,0.003948000000000004,173.57,True,0.056052000000000046,filled,btc,37111395430
btc-updown-5m-1791033000,1791033000.0,1791033060.0,2026-10-03,Up,3.470487418729379,0.4,1.0,0.94,0.003948000000000004,168.57,True,0.056052000000000046,filled,btc,37111395430
btc-updown-5m-1791033000,1791033000.0,1791033060.0,2026-10-03,Up,3.470487418729379,0.5,1.0,0.94,0.003948000000000004,178.57,True,0.056052000000000046,filled,btc,37111395430
btc-updown-5m-1791033300,1791033300.0,1791033500.0,2026-10-03,Down,3.8492154779923493,0.3,1.0,,,,False,,book_unavailable,btc,37111395430
btc-updown-5m-1791033300,1791033300.0,1791033500.0,2026-10-03,Down,3.8492154779923493,0.35,1.0,,,,False,,book_unavailable,btc,37111395430
btc-updown-5m-1791033300,1791033300.0,1791033500.0,2026-10-03,Down,3.8492154779923493,0.4,1.0,,,,False,,book_unavailable,btc,37111395430
btc-updown-5m-1791033300,1791033300.0,1791033500.0,2026-10-03,Down,3.8492154779923493,0.5,1.0,,,,False,,book_unavailable,btc,37111395430
btc-updown-5m-1791033600,1791033600.0,1791033662.0,2026-10-03,Down,2.9153747225595454,0.3,1.0,0.85,0.008925000000000002,365.09,True,0.141075,filled,btc,37111395430
btc-updown-5m-1791033600,1791033600.0,1791033662.0,2026-10-03,Down,2.9153747225595454,0.35,1.0,0.85,0.008925000000000002,337.14,True,0.141075,filled,btc,37111395430
btc-updown-5m-1791033600,1791033600.0,1791033662.0,2026-10-03,Down,2.9153747225595454,0.4,1.0,0.85,0.008925000000000002,262.14,True,0.141075,filled,btc,37111395430
btc-updown-5m-1791033600,1791033600.0,1791033662.0,2026-10-03,Down,2.9153747225595454,0.5,1.0,0.85,0.008925000000000002,307.14,True,0.141075,filled,btc,37111395430
